---------------------------------------
Begin Slurm Prolog: Feb-24-2025 15:34:03
Job ID:    1375200
User ID:   oupadhyay3
Account:   coc
Job name:  example
Partition: coe-gpu
QOS:       coe-ice
---------------------------------------

CondaError: Run 'conda init' before 'conda deactivate'

CUDA Version: 12.4
cuDNN Version: 90100
GPU Name: NVIDIA H100 80GB HBM3
GPU Memory: 79.22 GB
New https://pypi.org/project/ultralytics/8.3.78 available 😃 Update with 'pip install -U ultralytics'
[34m[1mengine/trainer: [0mtask=detect, mode=train, model=runs/detect/train5/weights/last.pt, data=/storage/ice-shared/vip-vx4/spring2025/vision-safety/datasets/data.yaml, epochs=50, time=None, patience=5, batch=64, imgsz=640, save=True, save_period=-1, cache=False, device=cuda:0, workers=1, project=/storage/ice-shared/vip-vx4/spring2025/vision-safety, name=train5, exist_ok=False, pretrained=True, optimizer=auto, verbose=True, seed=0, deterministic=True, single_cls=False, rect=False, cos_lr=False, close_mosaic=10, resume=runs/detect/train5/weights/last.pt, amp=True, fraction=1.0, profile=False, freeze=None, multi_scale=False, overlap_mask=True, mask_ratio=4, dropout=0.0, val=True, split=val, save_json=False, save_hybrid=False, conf=None, iou=0.7, max_det=300, half=False, dnn=False, plots=True, source=None, vid_stride=1, stream_buffer=False, visualize=False, augment=False, agnostic_nms=False, classes=None, retina_masks=False, embed=None, show=False, save_frames=False, save_txt=False, save_conf=False, save_crop=False, show_labels=True, show_conf=True, show_boxes=True, line_width=None, format=torchscript, keras=False, optimize=False, int8=False, dynamic=False, simplify=True, opset=None, workspace=None, nms=False, lr0=0.01, lrf=0.01, momentum=0.937, weight_decay=0.0005, warmup_epochs=3.0, warmup_momentum=0.8, warmup_bias_lr=0.0, box=7.5, cls=0.5, dfl=1.5, pose=12.0, kobj=1.0, nbs=64, hsv_h=0.015, hsv_s=0.7, hsv_v=0.4, degrees=0.0, translate=0.1, scale=0.5, shear=0.0, perspective=0.0, flipud=0.0, fliplr=0.5, bgr=0.0, mosaic=1.0, mixup=0.0, copy_paste=0.0, copy_paste_mode=flip, auto_augment=randaugment, erasing=0.4, crop_fraction=1.0, cfg=None, tracker=botsort.yaml, save_dir=/storage/ice-shared/vip-vx4/spring2025/vision-safety/runs/detect/train5

                   from  n    params  module                                       arguments
  0                  -1  1       928  ultralytics.nn.modules.conv.Conv             [3, 32, 3, 2]
  1                  -1  1     18560  ultralytics.nn.modules.conv.Conv             [32, 64, 3, 2]
  2                  -1  1     26080  ultralytics.nn.modules.block.C3k2            [64, 128, 1, False, 0.25]
  3                  -1  1    147712  ultralytics.nn.modules.conv.Conv             [128, 128, 3, 2]
  4                  -1  1    103360  ultralytics.nn.modules.block.C3k2            [128, 256, 1, False, 0.25]
  5                  -1  1    590336  ultralytics.nn.modules.conv.Conv             [256, 256, 3, 2]
  6                  -1  1    346112  ultralytics.nn.modules.block.C3k2            [256, 256, 1, True]
  7                  -1  1   1180672  ultralytics.nn.modules.conv.Conv             [256, 512, 3, 2]
  8                  -1  1   1380352  ultralytics.nn.modules.block.C3k2            [512, 512, 1, True]
  9                  -1  1    656896  ultralytics.nn.modules.block.SPPF            [512, 512, 5]
 10                  -1  1    990976  ultralytics.nn.modules.block.C2PSA           [512, 512, 1]
 11                  -1  1         0  torch.nn.modules.upsampling.Upsample         [None, 2, 'nearest']
 12             [-1, 6]  1         0  ultralytics.nn.modules.conv.Concat           [1]
 13                  -1  1    443776  ultralytics.nn.modules.block.C3k2            [768, 256, 1, False]
 14                  -1  1         0  torch.nn.modules.upsampling.Upsample         [None, 2, 'nearest']
 15             [-1, 4]  1         0  ultralytics.nn.modules.conv.Concat           [1]
 16                  -1  1    127680  ultralytics.nn.modules.block.C3k2            [512, 128, 1, False]
 17                  -1  1    147712  ultralytics.nn.modules.conv.Conv             [128, 128, 3, 2]
 18            [-1, 13]  1         0  ultralytics.nn.modules.conv.Concat           [1]
 19                  -1  1    345472  ultralytics.nn.modules.block.C3k2            [384, 256, 1, False]
 20                  -1  1    590336  ultralytics.nn.modules.conv.Conv             [256, 256, 3, 2]
 21            [-1, 10]  1         0  ultralytics.nn.modules.conv.Concat           [1]
 22                  -1  1   1511424  ultralytics.nn.modules.block.C3k2            [768, 512, 1, True]
 23        [16, 19, 22]  1    825987  ultralytics.nn.modules.head.Detect           [17, [128, 256, 512]]
YOLO11s summary: 319 layers, 9,434,371 parameters, 9,434,355 gradients, 21.6 GFLOPs

Transferred 499/499 items from pretrained weights
Freezing layer 'model.23.dfl.conv.weight'
[34m[1mAMP: [0mrunning Automatic Mixed Precision (AMP) checks...
[34m[1mAMP: [0mchecks passed ✅

[34m[1mtrain: [0mScanning /storage/ice-shared/vip-vx4/spring2025/vision-safety/datasets/train/labels.cache... 6479 images, 0 backgrounds, 0 corrupt: 100%|██████████| 6479/6479 [00:00<?, ?it/s]
[34m[1mtrain: [0mScanning /storage/ice-shared/vip-vx4/spring2025/vision-safety/datasets/train/labels.cache... 6479 images, 0 backgrounds, 0 corrupt: 100%|██████████| 6479/6479 [00:00<?, ?it/s]

[34m[1mval: [0mScanning /storage/ice-shared/vip-vx4/spring2025/vision-safety/datasets/val/labels.cache... 1620 images, 0 backgrounds, 0 corrupt: 100%|██████████| 1620/1620 [00:00<?, ?it/s]
[34m[1mval: [0mScanning /storage/ice-shared/vip-vx4/spring2025/vision-safety/datasets/val/labels.cache... 1620 images, 0 backgrounds, 0 corrupt: 100%|██████████| 1620/1620 [00:00<?, ?it/s]
/storage/ice-shared/vip-vx4/.conda/envs/llama/lib/python3.12/site-packages/torch/utils/data/dataloader.py:617: UserWarning: This DataLoader will create 2 worker processes in total. Our suggested max number of worker in current system is 1, which is smaller than what this DataLoader is going to create. Please be aware that excessive worker creation might get DataLoader running slow or even freeze, lower the worker number to avoid potential slowness/freeze if necessary.
  warnings.warn(
Plotting labels to /storage/ice-shared/vip-vx4/spring2025/vision-safety/runs/detect/train5/labels.jpg...
[34m[1moptimizer:[0m 'optimizer=auto' found, ignoring 'lr0=0.01' and 'momentum=0.937' and determining best 'optimizer', 'lr0' and 'momentum' automatically...
[34m[1moptimizer:[0m AdamW(lr=0.000476, momentum=0.9) with parameter groups 81 weight(decay=0.0), 88 weight(decay=0.0005), 87 bias(decay=0.0)
Resuming training runs/detect/train5/weights/last.pt from epoch 42 to 50 total epochs
Closing dataloader mosaic
Image sizes 640 train, 640 val
Using 1 dataloader workers
Logging results to [1m/storage/ice-shared/vip-vx4/spring2025/vision-safety/runs/detect/train5[0m
Starting training for 50 epochs...

      Epoch    GPU_mem   box_loss   cls_loss   dfl_loss  Instances       Size

  0%|          | 0/102 [00:00<?, ?it/s]
      42/50      16.2G     0.9297     0.6486      1.068       1243        640:   0%|          | 0/102 [01:24<?, ?it/s]
      42/50      16.2G     0.9297     0.6486      1.068       1243        640:   1%|          | 1/102 [01:24<2:22:57, 84.92s/it]
      42/50        17G     0.9627     0.6804      1.062       1533        640:   1%|          | 1/102 [03:01<2:22:57, 84.92s/it]
      42/50        17G     0.9627     0.6804      1.062       1533        640:   2%|▏         | 2/102 [03:01<2:32:35, 91.55s/it]
      42/50        17G     0.9541     0.6867      1.065       1140        640:   2%|▏         | 2/102 [04:03<2:32:35, 91.55s/it]
      42/50        17G     0.9541     0.6867      1.065       1140        640:   3%|▎         | 3/102 [04:03<2:09:01, 78.20s/it]
      42/50        17G     0.9359     0.6755      1.066        997        640:   3%|▎         | 3/102 [05:01<2:09:01, 78.20s/it]
      42/50        17G     0.9359     0.6755      1.066        997        640:   4%|▍         | 4/102 [05:01<1:54:46, 70.27s/it]
      42/50        17G     0.9178     0.6682      1.058       1096        640:   4%|▍         | 4/102 [05:34<1:54:46, 70.27s/it]
      42/50        17G     0.9178     0.6682      1.058       1096        640:   5%|▍         | 5/102 [05:34<1:32:04, 56.95s/it]
      42/50        17G     0.9156     0.6625      1.056       1143        640:   5%|▍         | 5/102 [06:14<1:32:04, 56.95s/it]
      42/50        17G     0.9156     0.6625      1.056       1143        640:   6%|▌         | 6/102 [06:14<1:21:48, 51.13s/it]
      42/50        17G     0.9023     0.6507      1.052       1000        640:   6%|▌         | 6/102 [06:59<1:21:48, 51.13s/it]
      42/50        17G     0.9023     0.6507      1.052       1000        640:   7%|▋         | 7/102 [06:59<1:17:49, 49.15s/it]
      42/50        17G     0.8947     0.6424      1.047       1375        640:   7%|▋         | 7/102 [07:41<1:17:49, 49.15s/it]
      42/50        17G     0.8947     0.6424      1.047       1375        640:   8%|▊         | 8/102 [07:41<1:13:20, 46.82s/it]
      42/50        17G      0.887     0.6348      1.044       1265        640:   8%|▊         | 8/102 [08:09<1:13:20, 46.82s/it]
      42/50        17G      0.887     0.6348      1.044       1265        640:   9%|▉         | 9/102 [08:09<1:03:23, 40.90s/it]
      42/50        17G     0.8826     0.6298      1.043       1202        640:   9%|▉         | 9/102 [08:47<1:03:23, 40.90s/it]
      42/50        17G     0.8826     0.6298      1.043       1202        640:  10%|▉         | 10/102 [08:47<1:01:08, 39.87s/it]
      42/50        17G     0.8808     0.6232       1.04       1105        640:  10%|▉         | 10/102 [09:29<1:01:08, 39.87s/it]
      42/50        17G     0.8808     0.6232       1.04       1105        640:  11%|█         | 11/102 [09:29<1:01:47, 40.74s/it]
      42/50        17G     0.8766     0.6173      1.039       1111        640:  11%|█         | 11/102 [10:14<1:01:47, 40.74s/it]
      42/50        17G     0.8766     0.6173      1.039       1111        640:  12%|█▏        | 12/102 [10:14<1:03:03, 42.04s/it]
      42/50        17G     0.8722     0.6102      1.037       1119        640:  12%|█▏        | 12/102 [10:55<1:03:03, 42.04s/it]
      42/50        17G     0.8722     0.6102      1.037       1119        640:  13%|█▎        | 13/102 [10:55<1:01:58, 41.78s/it]
      42/50        17G      0.867     0.6047      1.036        900        640:  13%|█▎        | 13/102 [11:39<1:01:58, 41.78s/it]
      42/50        17G      0.867     0.6047      1.036        900        640:  14%|█▎        | 14/102 [11:39<1:02:11, 42.40s/it]
      42/50        17G     0.8658     0.6016      1.034       1031        640:  14%|█▎        | 14/102 [12:18<1:02:11, 42.40s/it]
      42/50        17G     0.8658     0.6016      1.034       1031        640:  15%|█▍        | 15/102 [12:18<59:49, 41.26s/it]
      42/50        17G     0.8632      0.597      1.032       1092        640:  15%|█▍        | 15/102 [12:54<59:49, 41.26s/it]
      42/50        17G     0.8632      0.597      1.032       1092        640:  16%|█▌        | 16/102 [12:54<56:50, 39.65s/it]
      42/50        17G     0.8604     0.5915       1.03       1126        640:  16%|█▌        | 16/102 [13:25<56:50, 39.65s/it]
      42/50        17G     0.8604     0.5915       1.03       1126        640:  17%|█▋        | 17/102 [13:25<52:30, 37.06s/it]
      42/50        17G     0.8587     0.5884       1.03        961        640:  17%|█▋        | 17/102 [14:11<52:30, 37.06s/it]
      42/50        17G     0.8587     0.5884       1.03        961        640:  18%|█▊        | 18/102 [14:11<55:51, 39.89s/it]
      42/50        17G     0.8566      0.584       1.03       1101        640:  18%|█▊        | 18/102 [14:59<55:51, 39.89s/it]
      42/50        17G     0.8566      0.584       1.03       1101        640:  19%|█▊        | 19/102 [14:59<58:17, 42.14s/it]
      42/50        17G     0.8542     0.5813      1.029       1111        640:  19%|█▊        | 19/102 [15:50<58:17, 42.14s/it]
      42/50        17G     0.8542     0.5813      1.029       1111        640:  20%|█▉        | 20/102 [15:50<1:01:17, 44.85s/it]
      42/50        17G     0.8517     0.5781      1.028       1122        640:  20%|█▉        | 20/102 [16:32<1:01:17, 44.85s/it]
      42/50        17G     0.8517     0.5781      1.028       1122        640:  21%|██        | 21/102 [16:32<59:27, 44.04s/it]
      42/50        17G     0.8505     0.5753      1.027       1133        640:  21%|██        | 21/102 [17:11<59:27, 44.04s/it]
      42/50        17G     0.8505     0.5753      1.027       1133        640:  22%|██▏       | 22/102 [17:11<56:50, 42.63s/it]
      42/50        17G       0.85     0.5731      1.027       1065        640:  22%|██▏       | 22/102 [17:51<56:50, 42.63s/it]
      42/50        17G       0.85     0.5731      1.027       1065        640:  23%|██▎       | 23/102 [17:51<54:47, 41.62s/it]
      42/50        17G     0.8502     0.5717      1.027       1323        640:  23%|██▎       | 23/102 [18:31<54:47, 41.62s/it]
      42/50        17G     0.8502     0.5717      1.027       1323        640:  24%|██▎       | 24/102 [18:31<53:26, 41.11s/it]
      42/50        17G     0.8507     0.5714      1.026       1118        640:  24%|██▎       | 24/102 [19:11<53:26, 41.11s/it]
      42/50        17G     0.8507     0.5714      1.026       1118        640:  25%|██▍       | 25/102 [19:11<52:32, 40.94s/it]
      42/50        17G     0.8505     0.5691      1.026       1325        640:  25%|██▍       | 25/102 [19:51<52:32, 40.94s/it]
      42/50        17G     0.8505     0.5691      1.026       1325        640:  25%|██▌       | 26/102 [19:51<51:22, 40.56s/it]
      42/50        17G     0.8486     0.5666      1.025       1190        640:  25%|██▌       | 26/102 [20:23<51:22, 40.56s/it]
      42/50        17G     0.8486     0.5666      1.025       1190        640:  26%|██▋       | 27/102 [20:23<47:40, 38.13s/it]
      42/50        17G     0.8488      0.566      1.025       1099        640:  26%|██▋       | 27/102 [20:53<47:40, 38.13s/it]
      42/50        17G     0.8488      0.566      1.025       1099        640:  27%|██▋       | 28/102 [20:53<43:49, 35.53s/it]
      42/50        17G     0.8495     0.5653      1.026        997        640:  27%|██▋       | 28/102 [21:39<43:49, 35.53s/it]
      42/50        17G     0.8495     0.5653      1.026        997        640:  28%|██▊       | 29/102 [21:39<47:02, 38.66s/it]
      42/50        17G      0.848     0.5636      1.025       1160        640:  28%|██▊       | 29/102 [22:19<47:02, 38.66s/it]
      42/50        17G      0.848     0.5636      1.025       1160        640:  29%|██▉       | 30/102 [22:19<47:01, 39.18s/it]
      42/50        17G     0.8474     0.5627      1.024       1271        640:  29%|██▉       | 30/102 [22:57<47:01, 39.18s/it]
      42/50        17G     0.8474     0.5627      1.024       1271        640:  30%|███       | 31/102 [22:57<45:45, 38.67s/it]
      42/50        17G     0.8461     0.5612      1.024       1082        640:  30%|███       | 31/102 [23:37<45:45, 38.67s/it]
      42/50        17G     0.8461     0.5612      1.024       1082        640:  31%|███▏      | 32/102 [23:37<45:40, 39.15s/it]
      42/50        17G      0.846     0.5606      1.024       1114        640:  31%|███▏      | 32/102 [24:13<45:40, 39.15s/it]
      42/50        17G      0.846     0.5606      1.024       1114        640:  32%|███▏      | 33/102 [24:13<43:49, 38.11s/it]
      42/50        17G     0.8452     0.5593      1.023       1223        640:  32%|███▏      | 33/102 [24:57<43:49, 38.11s/it]
      42/50        17G     0.8452     0.5593      1.023       1223        640:  33%|███▎      | 34/102 [24:57<45:26, 40.09s/it]
      42/50        17G     0.8437     0.5587      1.023       1033        640:  33%|███▎      | 34/102 [25:32<45:26, 40.09s/it]
      42/50        17G     0.8437     0.5587      1.023       1033        640:  34%|███▍      | 35/102 [25:32<43:06, 38.61s/it]
      42/50        17G     0.8425     0.5581      1.023        944        640:  34%|███▍      | 35/102 [26:15<43:06, 38.61s/it]
      42/50        17G     0.8425     0.5581      1.023        944        640:  35%|███▌      | 36/102 [26:15<43:46, 39.80s/it]
      42/50        17G     0.8418      0.557      1.023        911        640:  35%|███▌      | 36/102 [26:53<43:46, 39.80s/it]
      42/50        17G     0.8418      0.557      1.023        911        640:  36%|███▋      | 37/102 [26:53<42:37, 39.35s/it]
      42/50        17G     0.8409     0.5557      1.023        950        640:  36%|███▋      | 37/102 [27:29<42:37, 39.35s/it]
      42/50        17G     0.8409     0.5557      1.023        950        640:  37%|███▋      | 38/102 [27:29<40:46, 38.22s/it]
      42/50        17G     0.8389     0.5541      1.023        918        640:  37%|███▋      | 38/102 [28:01<40:46, 38.22s/it]
      42/50        17G     0.8389     0.5541      1.023        918        640:  38%|███▊      | 39/102 [28:01<38:14, 36.42s/it]
      42/50        17G     0.8385     0.5533      1.023       1000        640:  38%|███▊      | 39/102 [28:36<38:14, 36.42s/it]
      42/50        17G     0.8385     0.5533      1.023       1000        640:  39%|███▉      | 40/102 [28:36<37:17, 36.10s/it]
      42/50        17G     0.8368     0.5522      1.022        925        640:  39%|███▉      | 40/102 [29:11<37:17, 36.10s/it]
      42/50        17G     0.8368     0.5522      1.022        925        640:  40%|████      | 41/102 [29:11<36:11, 35.60s/it]
      42/50        17G     0.8367     0.5517      1.022       1127        640:  40%|████      | 41/102 [29:50<36:11, 35.60s/it]
      42/50        17G     0.8367     0.5517      1.022       1127        640:  41%|████      | 42/102 [29:50<36:35, 36.60s/it]
      42/50        17G     0.8343     0.5495      1.022       1005        640:  41%|████      | 42/102 [30:34<36:35, 36.60s/it]
      42/50        17G     0.8343     0.5495      1.022       1005        640:  42%|████▏     | 43/102 [30:34<38:17, 38.94s/it]
      42/50        17G     0.8331     0.5483      1.021       1082        640:  42%|████▏     | 43/102 [31:22<38:17, 38.94s/it]
      42/50        17G     0.8331     0.5483      1.021       1082        640:  43%|████▎     | 44/102 [31:22<40:13, 41.61s/it]
      42/50        17G     0.8328     0.5481      1.021       1241        640:  43%|████▎     | 44/102 [32:10<40:13, 41.61s/it]
      42/50        17G     0.8328     0.5481      1.021       1241        640:  44%|████▍     | 45/102 [32:10<41:22, 43.55s/it]
      42/50        17G     0.8322     0.5477       1.02       1083        640:  44%|████▍     | 45/102 [32:55<41:22, 43.55s/it]
      42/50        17G     0.8322     0.5477       1.02       1083        640:  45%|████▌     | 46/102 [32:55<41:05, 44.03s/it]
      42/50        17G     0.8322     0.5475      1.021        976        640:  45%|████▌     | 46/102 [33:40<41:05, 44.03s/it]
      42/50        17G     0.8322     0.5475      1.021        976        640:  46%|████▌     | 47/102 [33:40<40:31, 44.21s/it]
      42/50        17G     0.8323     0.5473      1.021       1161        640:  46%|████▌     | 47/102 [34:19<40:31, 44.21s/it]
      42/50        17G     0.8323     0.5473      1.021       1161        640:  47%|████▋     | 48/102 [34:19<38:23, 42.65s/it]
      42/50        17G     0.8327     0.5472      1.021       1281        640:  47%|████▋     | 48/102 [34:57<38:23, 42.65s/it]
      42/50        17G     0.8327     0.5472      1.021       1281        640:  48%|████▊     | 49/102 [34:57<36:20, 41.15s/it]
      42/50        17G     0.8327     0.5471      1.021       1063        640:  48%|████▊     | 49/102 [35:33<36:20, 41.15s/it]
      42/50        17G     0.8327     0.5471      1.021       1063        640:  49%|████▉     | 50/102 [35:33<34:32, 39.86s/it]
      42/50        17G     0.8328     0.5474       1.02       1244        640:  49%|████▉     | 50/102 [36:15<34:32, 39.86s/it]
      42/50        17G     0.8328     0.5474       1.02       1244        640:  50%|█████     | 51/102 [36:15<34:17, 40.34s/it]
      42/50        17G     0.8323     0.5472       1.02        939        640:  50%|█████     | 51/102 [36:52<34:17, 40.34s/it]
      42/50        17G     0.8323     0.5472       1.02        939        640:  51%|█████     | 52/102 [36:52<32:55, 39.51s/it]
      42/50      17.9G     0.8314     0.5464       1.02       1332        640:  51%|█████     | 52/102 [37:30<32:55, 39.51s/it]
      42/50      17.9G     0.8314     0.5464       1.02       1332        640:  52%|█████▏    | 53/102 [37:30<31:43, 38.84s/it]
      42/50      17.9G     0.8309     0.5459       1.02       1087        640:  52%|█████▏    | 53/102 [38:09<31:43, 38.84s/it]
      42/50      17.9G     0.8309     0.5459       1.02       1087        640:  53%|█████▎    | 54/102 [38:09<31:14, 39.05s/it]
      42/50      17.9G     0.8301     0.5451      1.019       1152        640:  53%|█████▎    | 54/102 [38:41<31:14, 39.05s/it]
      42/50      17.9G     0.8301     0.5451      1.019       1152        640:  54%|█████▍    | 55/102 [38:41<28:46, 36.73s/it]
      42/50      17.9G     0.8293     0.5443      1.019       1034        640:  54%|█████▍    | 55/102 [39:16<28:46, 36.73s/it]
      42/50      17.9G     0.8293     0.5443      1.019       1034        640:  55%|█████▍    | 56/102 [39:16<27:58, 36.48s/it]
      42/50      17.9G     0.8287     0.5434      1.018       1209        640:  55%|█████▍    | 56/102 [39:56<27:58, 36.48s/it]
      42/50      17.9G     0.8287     0.5434      1.018       1209        640:  56%|█████▌    | 57/102 [39:56<28:08, 37.52s/it]
      42/50      17.9G     0.8293     0.5437      1.019       1155        640:  56%|█████▌    | 57/102 [40:34<28:08, 37.52s/it]
      42/50      17.9G     0.8293     0.5437      1.019       1155        640:  57%|█████▋    | 58/102 [40:34<27:34, 37.60s/it]
      42/50      17.9G      0.828      0.543      1.018       1071        640:  57%|█████▋    | 58/102 [41:07<27:34, 37.60s/it]
      42/50      17.9G      0.828      0.543      1.018       1071        640:  58%|█████▊    | 59/102 [41:07<25:59, 36.28s/it]
      42/50      17.9G     0.8265     0.5425      1.018        964        640:  58%|█████▊    | 59/102 [41:45<25:59, 36.28s/it]
      42/50      17.9G     0.8265     0.5425      1.018        964        640:  59%|█████▉    | 60/102 [41:45<25:43, 36.76s/it]
      42/50      17.9G      0.826     0.5426      1.018        986        640:  59%|█████▉    | 60/102 [42:23<25:43, 36.76s/it]
      42/50      17.9G      0.826     0.5426      1.018        986        640:  60%|█████▉    | 61/102 [42:23<25:18, 37.04s/it]
      42/50      17.9G     0.8264     0.5427      1.018       1035        640:  60%|█████▉    | 61/102 [42:55<25:18, 37.04s/it]
      42/50      17.9G     0.8264     0.5427      1.018       1035        640:  61%|██████    | 62/102 [42:55<23:45, 35.63s/it]
      42/50      17.9G     0.8259      0.542      1.018       1071        640:  61%|██████    | 62/102 [43:35<23:45, 35.63s/it]
      42/50      17.9G     0.8259      0.542      1.018       1071        640:  62%|██████▏   | 63/102 [43:35<23:58, 36.88s/it]
      42/50      17.9G     0.8257     0.5412      1.018       1168        640:  62%|██████▏   | 63/102 [44:11<23:58, 36.88s/it]
      42/50      17.9G     0.8257     0.5412      1.018       1168        640:  63%|██████▎   | 64/102 [44:11<23:12, 36.65s/it]
      42/50      17.9G      0.825     0.5407      1.018       1039        640:  63%|██████▎   | 64/102 [44:53<23:12, 36.65s/it]
      42/50      17.9G      0.825     0.5407      1.018       1039        640:  64%|██████▎   | 65/102 [44:53<23:30, 38.13s/it]
      42/50      17.9G      0.825     0.5404      1.018       1219        640:  64%|██████▎   | 65/102 [45:24<23:30, 38.13s/it]
      42/50      17.9G      0.825     0.5404      1.018       1219        640:  65%|██████▍   | 66/102 [45:24<21:34, 35.96s/it]
      42/50      19.1G     0.8256     0.5407      1.018       1234        640:  65%|██████▍   | 66/102 [45:57<21:34, 35.96s/it]
      42/50      19.1G     0.8256     0.5407      1.018       1234        640:  66%|██████▌   | 67/102 [45:57<20:32, 35.22s/it]
      42/50      19.1G     0.8259     0.5411      1.018       1192        640:  66%|██████▌   | 67/102 [46:37<20:32, 35.22s/it]
      42/50      19.1G     0.8259     0.5411      1.018       1192        640:  67%|██████▋   | 68/102 [46:37<20:48, 36.71s/it]
      42/50      19.1G     0.8252     0.5406      1.018       1047        640:  67%|██████▋   | 68/102 [47:13<20:48, 36.71s/it]
      42/50      19.1G     0.8252     0.5406      1.018       1047        640:  68%|██████▊   | 69/102 [47:13<20:05, 36.53s/it]
      42/50      19.1G     0.8249     0.5403      1.018       1125        640:  68%|██████▊   | 69/102 [47:53<20:05, 36.53s/it]
      42/50      19.1G     0.8249     0.5403      1.018       1125        640:  69%|██████▊   | 70/102 [47:53<19:58, 37.44s/it]
      42/50      19.1G     0.8255     0.5402      1.018       1130        640:  69%|██████▊   | 70/102 [48:31<19:58, 37.44s/it]
      42/50      19.1G     0.8255     0.5402      1.018       1130        640:  70%|██████▉   | 71/102 [48:31<19:28, 37.69s/it]
      42/50      19.1G     0.8247     0.5401      1.018        895        640:  70%|██████▉   | 71/102 [49:26<19:28, 37.69s/it]
      42/50      19.1G     0.8247     0.5401      1.018        895        640:  71%|███████   | 72/102 [49:26<21:19, 42.66s/it]
      42/50      19.1G     0.8243     0.5395      1.018       1067        640:  71%|███████   | 72/102 [50:05<21:19, 42.66s/it]
      42/50      19.1G     0.8243     0.5395      1.018       1067        640:  72%|███████▏  | 73/102 [50:05<20:07, 41.64s/it]
      42/50      19.1G      0.824     0.5389      1.018       1120        640:  72%|███████▏  | 73/102 [50:36<20:07, 41.64s/it]
      42/50      19.1G      0.824     0.5389      1.018       1120        640:  73%|███████▎  | 74/102 [50:36<17:58, 38.52s/it]
      42/50      19.1G      0.824     0.5384      1.018       1027        640:  73%|███████▎  | 74/102 [51:17<17:58, 38.52s/it]
      42/50      19.1G      0.824     0.5384      1.018       1027        640:  74%|███████▎  | 75/102 [51:17<17:42, 39.35s/it]
      42/50      19.1G     0.8235     0.5381      1.018       1072        640:  74%|███████▎  | 75/102 [51:50<17:42, 39.35s/it]
      42/50      19.1G     0.8235     0.5381      1.018       1072        640:  75%|███████▍  | 76/102 [51:50<16:08, 37.23s/it]
      42/50      19.1G     0.8228     0.5377      1.018        905        640:  75%|███████▍  | 76/102 [52:22<16:08, 37.23s/it]
      42/50      19.1G     0.8228     0.5377      1.018        905        640:  75%|███████▌  | 77/102 [52:22<14:54, 35.78s/it]
      42/50      19.1G     0.8222     0.5374      1.018        963        640:  75%|███████▌  | 77/102 [52:51<14:54, 35.78s/it]
      42/50      19.1G     0.8222     0.5374      1.018        963        640:  76%|███████▋  | 78/102 [52:51<13:32, 33.86s/it]
      42/50      19.1G     0.8213     0.5368      1.017       1028        640:  76%|███████▋  | 78/102 [53:15<13:32, 33.86s/it]
      42/50      19.1G     0.8213     0.5368      1.017       1028        640:  77%|███████▋  | 79/102 [53:15<11:49, 30.84s/it]
      42/50      19.1G     0.8208     0.5362      1.017       1065        640:  77%|███████▋  | 79/102 [53:44<11:49, 30.84s/it]
      42/50      19.1G     0.8208     0.5362      1.017       1065        640:  78%|███████▊  | 80/102 [53:44<11:06, 30.30s/it]
      42/50      19.1G     0.8209     0.5362      1.017       1062        640:  78%|███████▊  | 80/102 [54:14<11:06, 30.30s/it]
      42/50      19.1G     0.8209     0.5362      1.017       1062        640:  79%|███████▉  | 81/102 [54:14<10:33, 30.17s/it]
      42/50      19.1G     0.8204     0.5357      1.017        947        640:  79%|███████▉  | 81/102 [54:41<10:33, 30.17s/it]
      42/50      19.1G     0.8204     0.5357      1.017        947        640:  80%|████████  | 82/102 [54:41<09:46, 29.32s/it]
      42/50      19.1G     0.8204     0.5359      1.017       1122        640:  80%|████████  | 82/102 [55:12<09:46, 29.32s/it]
      42/50      19.1G     0.8204     0.5359      1.017       1122        640:  81%|████████▏ | 83/102 [55:12<09:24, 29.73s/it]
      42/50      19.1G     0.8201     0.5359      1.017       1067        640:  81%|████████▏ | 83/102 [55:47<09:24, 29.73s/it]
      42/50      19.1G     0.8201     0.5359      1.017       1067        640:  82%|████████▏ | 84/102 [55:47<09:25, 31.40s/it]
      42/50      19.1G     0.8203     0.5359      1.017       1094        640:  82%|████████▏ | 84/102 [56:11<09:25, 31.40s/it]
      42/50      19.1G     0.8203     0.5359      1.017       1094        640:  83%|████████▎ | 85/102 [56:11<08:15, 29.17s/it]
      42/50      19.1G       0.82     0.5357      1.017       1125        640:  83%|████████▎ | 85/102 [56:45<08:15, 29.17s/it]
      42/50      19.1G       0.82     0.5357      1.017       1125        640:  84%|████████▍ | 86/102 [56:45<08:06, 30.41s/it]
      42/50      19.1G     0.8189     0.5353      1.016       1020        640:  84%|████████▍ | 86/102 [57:16<08:06, 30.41s/it]
      42/50      19.1G     0.8189     0.5353      1.016       1020        640:  85%|████████▌ | 87/102 [57:16<07:41, 30.77s/it]
      42/50      19.1G     0.8187      0.535      1.017        914        640:  85%|████████▌ | 87/102 [57:56<07:41, 30.77s/it]
      42/50      19.1G     0.8187      0.535      1.017        914        640:  86%|████████▋ | 88/102 [57:56<07:49, 33.56s/it]
      42/50      19.1G     0.8181     0.5347      1.017       1021        640:  86%|████████▋ | 88/102 [58:25<07:49, 33.56s/it]
      42/50      19.1G     0.8181     0.5347      1.017       1021        640:  87%|████████▋ | 89/102 [58:25<06:55, 31.93s/it]
      42/50      19.1G     0.8172     0.5343      1.016       1090        640:  87%|████████▋ | 89/102 [58:50<06:55, 31.93s/it]
      42/50      19.1G     0.8172     0.5343      1.016       1090        640:  88%|████████▊ | 90/102 [58:50<06:00, 30.05s/it]
      42/50      19.1G     0.8175     0.5344      1.016       1016        640:  88%|████████▊ | 90/102 [59:18<06:00, 30.05s/it]
      42/50      19.1G     0.8175     0.5344      1.016       1016        640:  89%|████████▉ | 91/102 [59:18<05:22, 29.31s/it]
      42/50      19.1G     0.8173     0.5344      1.016       1111        640:  89%|████████▉ | 91/102 [59:50<05:22, 29.31s/it]
      42/50      19.1G     0.8173     0.5344      1.016       1111        640:  90%|█████████ | 92/102 [59:50<05:01, 30.14s/it]
      42/50      19.1G     0.8169     0.5337      1.016       1114        640:  90%|█████████ | 92/102 [1:00:17<05:01, 30.14s/it]
      42/50      19.1G     0.8169     0.5337      1.016       1114        640:  91%|█████████ | 93/102 [1:00:17<04:23, 29.26s/it]
      42/50      19.1G     0.8172     0.5337      1.016       1004        640:  91%|█████████ | 93/102 [1:00:49<04:23, 29.26s/it]
      42/50      19.1G     0.8172     0.5337      1.016       1004        640:  92%|█████████▏| 94/102 [1:00:49<03:59, 29.93s/it]
      42/50      19.1G     0.8169     0.5332      1.016       1061        640:  92%|█████████▏| 94/102 [1:01:20<03:59, 29.93s/it]
      42/50      19.1G     0.8169     0.5332      1.016       1061        640:  93%|█████████▎| 95/102 [1:01:20<03:33, 30.46s/it]
      42/50      19.1G     0.8167      0.533      1.016       1240        640:  93%|█████████▎| 95/102 [1:01:59<03:33, 30.46s/it]
      42/50      19.1G     0.8167      0.533      1.016       1240        640:  94%|█████████▍| 96/102 [1:01:59<03:16, 32.83s/it]
      42/50      19.1G     0.8166     0.5326      1.015       1233        640:  94%|█████████▍| 96/102 [1:02:45<03:16, 32.83s/it]
      42/50      19.1G     0.8166     0.5326      1.015       1233        640:  95%|█████████▌| 97/102 [1:02:45<03:04, 36.97s/it]
      42/50      19.1G     0.8173     0.5327      1.016       1057        640:  95%|█████████▌| 97/102 [1:03:11<03:04, 36.97s/it]
      42/50      19.1G     0.8173     0.5327      1.016       1057        640:  96%|█████████▌| 98/102 [1:03:11<02:14, 33.69s/it]
      42/50      19.1G     0.8173     0.5327      1.016       1063        640:  96%|█████████▌| 98/102 [1:03:43<02:14, 33.69s/it]
      42/50      19.1G     0.8173     0.5327      1.016       1063        640:  97%|█████████▋| 99/102 [1:03:43<01:39, 33.02s/it]
      42/50      19.1G     0.8171     0.5324      1.016       1040        640:  97%|█████████▋| 99/102 [1:04:16<01:39, 33.02s/it]
      42/50      19.1G     0.8171     0.5324      1.016       1040        640:  98%|█████████▊| 100/102 [1:04:16<01:06, 33.18s/it]
      42/50      19.1G     0.8172     0.5322      1.016       1109        640:  98%|█████████▊| 100/102 [1:04:49<01:06, 33.18s/it]
      42/50      19.1G     0.8172     0.5322      1.016       1109        640:  99%|█████████▉| 101/102 [1:04:49<00:33, 33.00s/it]
      42/50      19.1G     0.8162     0.5314      1.015        210        640:  99%|█████████▉| 101/102 [1:04:57<00:33, 33.00s/it]
      42/50      19.1G     0.8162     0.5314      1.015        210        640: 100%|██████████| 102/102 [1:04:57<00:00, 25.49s/it]
      42/50      19.1G     0.8162     0.5314      1.015        210        640: 100%|██████████| 102/102 [1:04:57<00:00, 38.21s/it]

                 Class     Images  Instances      Box(P          R      mAP50  mAP50-95):   0%|          | 0/13 [00:00<?, ?it/s]
                 Class     Images  Instances      Box(P          R      mAP50  mAP50-95):   8%|▊         | 1/13 [00:00<00:04,  2.47it/s]
                 Class     Images  Instances      Box(P          R      mAP50  mAP50-95):  15%|█▌        | 2/13 [00:00<00:03,  2.94it/s]
                 Class     Images  Instances      Box(P          R      mAP50  mAP50-95):  23%|██▎       | 3/13 [00:00<00:03,  3.27it/s]
                 Class     Images  Instances      Box(P          R      mAP50  mAP50-95):  31%|███       | 4/13 [00:01<00:02,  3.41it/s]
                 Class     Images  Instances      Box(P          R      mAP50  mAP50-95):  38%|███▊      | 5/13 [02:00<05:46, 43.34s/it]
                 Class     Images  Instances      Box(P          R      mAP50  mAP50-95):  46%|████▌     | 6/13 [02:01<03:22, 28.89s/it]
                 Class     Images  Instances      Box(P          R      mAP50  mAP50-95):  54%|█████▍    | 7/13 [03:19<04:28, 44.71s/it]
                 Class     Images  Instances      Box(P          R      mAP50  mAP50-95):  62%|██████▏   | 8/13 [03:19<02:32, 30.57s/it]
                 Class     Images  Instances      Box(P          R      mAP50  mAP50-95):  69%|██████▉   | 9/13 [05:46<04:28, 67.16s/it]
                 Class     Images  Instances      Box(P          R      mAP50  mAP50-95):  77%|███████▋  | 10/13 [05:47<02:19, 46.50s/it]
                 Class     Images  Instances      Box(P          R      mAP50  mAP50-95):  85%|████████▍ | 11/13 [08:20<02:38, 79.15s/it]
                 Class     Images  Instances      Box(P          R      mAP50  mAP50-95):  92%|█████████▏| 12/13 [08:20<00:55, 55.15s/it]
                 Class     Images  Instances      Box(P          R      mAP50  mAP50-95): 100%|██████████| 13/13 [09:11<00:00, 53.78s/it]
                 Class     Images  Instances      Box(P          R      mAP50  mAP50-95): 100%|██████████| 13/13 [09:11<00:00, 42.40s/it]
                   all       1620      15401      0.718       0.54      0.591      0.375

      Epoch    GPU_mem   box_loss   cls_loss   dfl_loss  Instances       Size

  0%|          | 0/102 [00:00<?, ?it/s]
      43/50      16.5G     0.7993     0.5043      1.005       1087        640:   0%|          | 0/102 [00:00<?, ?it/s]
      43/50      16.5G     0.7993     0.5043      1.005       1087        640:   1%|          | 1/102 [00:00<00:17,  5.88it/s]
      43/50      17.2G     0.8087     0.5185      1.002       1332        640:   1%|          | 1/102 [00:00<00:17,  5.88it/s]
      43/50      17.2G     0.8087     0.5185      1.002       1332        640:   2%|▏         | 2/102 [00:00<00:16,  6.05it/s]
      43/50      17.2G     0.8081     0.5163      1.019        813        640:   2%|▏         | 2/102 [01:22<00:16,  6.05it/s]
      43/50      17.2G     0.8081     0.5163      1.019        813        640:   3%|▎         | 3/102 [01:22<1:02:13, 37.71s/it]
      43/50      17.2G     0.8091     0.5153      1.012       1141        640:   3%|▎         | 3/102 [02:21<1:02:13, 37.71s/it]
      43/50      17.2G     0.8091     0.5153      1.012       1141        640:   4%|▍         | 4/102 [02:21<1:15:29, 46.22s/it]
      43/50      17.2G     0.8102     0.5191      1.011       1190        640:   4%|▍         | 4/102 [03:23<1:15:29, 46.22s/it]
      43/50      17.2G     0.8102     0.5191      1.011       1190        640:   5%|▍         | 5/102 [03:23<1:23:35, 51.70s/it]
      43/50      17.2G      0.816     0.5259      1.013       1177        640:   5%|▍         | 5/102 [04:26<1:23:35, 51.70s/it]
      43/50      17.2G      0.816     0.5259      1.013       1177        640:   6%|▌         | 6/102 [04:26<1:29:10, 55.73s/it]
      43/50      17.2G     0.8138     0.5294      1.012       1011        640:   6%|▌         | 6/102 [05:00<1:29:10, 55.73s/it]
      43/50      17.2G     0.8138     0.5294      1.012       1011        640:   7%|▋         | 7/102 [05:00<1:16:55, 48.58s/it]
      43/50      17.2G     0.8143     0.5302      1.012       1173        640:   7%|▋         | 7/102 [05:33<1:16:55, 48.58s/it]
      43/50      17.2G     0.8143     0.5302      1.012       1173        640:   8%|▊         | 8/102 [05:33<1:08:05, 43.47s/it]
      43/50      17.2G      0.813     0.5301      1.011       1086        640:   8%|▊         | 8/102 [06:02<1:08:05, 43.47s/it]
      43/50      17.2G      0.813     0.5301      1.011       1086        640:   9%|▉         | 9/102 [06:02<1:00:30, 39.04s/it]
      43/50      17.2G     0.8126     0.5297      1.013        992        640:   9%|▉         | 9/102 [06:37<1:00:30, 39.04s/it]
      43/50      17.2G     0.8126     0.5297      1.013        992        640:  10%|▉         | 10/102 [06:37<57:45, 37.67s/it]
      43/50      17.2G     0.8128     0.5288      1.013       1155        640:  10%|▉         | 10/102 [07:04<57:45, 37.67s/it]
      43/50      17.2G     0.8128     0.5288      1.013       1155        640:  11%|█         | 11/102 [07:04<52:04, 34.34s/it]
      43/50      17.2G     0.8143     0.5306      1.014       1275        640:  11%|█         | 11/102 [07:29<52:04, 34.34s/it]
      43/50      17.2G     0.8143     0.5306      1.014       1275        640:  12%|█▏        | 12/102 [07:29<47:30, 31.67s/it]
      43/50      17.2G     0.8107     0.5278      1.014        902        640:  12%|█▏        | 12/102 [07:55<47:30, 31.67s/it]
      43/50      17.2G     0.8107     0.5278      1.014        902        640:  13%|█▎        | 13/102 [07:55<44:10, 29.78s/it]
      43/50      17.2G     0.8101     0.5247      1.014       1213        640:  13%|█▎        | 13/102 [08:26<44:10, 29.78s/it]
      43/50      17.2G     0.8101     0.5247      1.014       1213        640:  14%|█▎        | 14/102 [08:26<44:12, 30.14s/it]
      43/50      17.2G     0.8074     0.5225      1.012       1234        640:  14%|█▎        | 14/102 [08:51<44:12, 30.14s/it]
      43/50      17.2G     0.8074     0.5225      1.012       1234        640:  15%|█▍        | 15/102 [08:51<41:47, 28.82s/it]
      43/50      17.2G     0.8062     0.5208      1.011       1168        640:  15%|█▍        | 15/102 [09:20<41:47, 28.82s/it]
      43/50      17.2G     0.8062     0.5208      1.011       1168        640:  16%|█▌        | 16/102 [09:20<41:04, 28.65s/it]
      43/50      17.2G     0.8057     0.5197       1.01       1133        640:  16%|█▌        | 16/102 [09:49<41:04, 28.65s/it]
      43/50      17.2G     0.8057     0.5197       1.01       1133        640:  17%|█▋        | 17/102 [09:49<41:07, 29.03s/it]
      43/50      17.2G     0.8025      0.518       1.01        948        640:  17%|█▋        | 17/102 [10:18<41:07, 29.03s/it]
      43/50      17.2G     0.8025      0.518       1.01        948        640:  18%|█▊        | 18/102 [10:18<40:28, 28.90s/it]
      43/50      17.2G     0.8011     0.5167       1.01       1111        640:  18%|█▊        | 18/102 [10:50<40:28, 28.90s/it]
      43/50      17.2G     0.8011     0.5167       1.01       1111        640:  19%|█▊        | 19/102 [10:50<41:19, 29.88s/it]
      43/50      17.2G     0.8008     0.5161      1.011       1160        640:  19%|█▊        | 19/102 [11:20<41:19, 29.88s/it]
      43/50      17.2G     0.8008     0.5161      1.011       1160        640:  20%|█▉        | 20/102 [11:20<40:39, 29.75s/it]
      43/50      17.2G     0.8001     0.5152       1.01        965        640:  20%|█▉        | 20/102 [11:47<40:39, 29.75s/it]
      43/50      17.2G     0.8001     0.5152       1.01        965        640:  21%|██        | 21/102 [11:47<39:21, 29.16s/it]
      43/50      17.2G     0.8001     0.5147      1.012        994        640:  21%|██        | 21/102 [12:13<39:21, 29.16s/it]
      43/50      17.2G     0.8001     0.5147      1.012        994        640:  22%|██▏       | 22/102 [12:13<37:16, 27.96s/it]
      43/50      17.2G     0.8005     0.5152      1.012        998        640:  22%|██▏       | 22/102 [12:41<37:16, 27.96s/it]
      43/50      17.2G     0.8005     0.5152      1.012        998        640:  23%|██▎       | 23/102 [12:41<37:01, 28.13s/it]
      43/50      17.2G     0.7998     0.5161      1.013        977        640:  23%|██▎       | 23/102 [13:08<37:01, 28.13s/it]
      43/50      17.2G     0.7998     0.5161      1.013        977        640:  24%|██▎       | 24/102 [13:08<35:58, 27.68s/it]
      43/50      17.2G     0.7997     0.5159      1.013        954        640:  24%|██▎       | 24/102 [13:39<35:58, 27.68s/it]
      43/50      17.2G     0.7997     0.5159      1.013        954        640:  25%|██▍       | 25/102 [13:39<36:59, 28.82s/it]
      43/50      17.2G     0.7986     0.5153      1.013       1074        640:  25%|██▍       | 25/102 [14:12<36:59, 28.82s/it]
      43/50      17.2G     0.7986     0.5153      1.013       1074        640:  25%|██▌       | 26/102 [14:12<37:57, 29.97s/it]
      43/50      17.2G     0.7992     0.5151      1.013       1029        640:  25%|██▌       | 26/102 [14:45<37:57, 29.97s/it]
      43/50      17.2G     0.7992     0.5151      1.013       1029        640:  26%|██▋       | 27/102 [14:45<38:41, 30.96s/it]
      43/50      17.2G     0.7971     0.5138      1.012        970        640:  26%|██▋       | 27/102 [15:20<38:41, 30.96s/it]
      43/50      17.2G     0.7971     0.5138      1.012        970        640:  27%|██▋       | 28/102 [15:20<39:46, 32.25s/it]
      43/50      17.2G     0.7983      0.515      1.013        984        640:  27%|██▋       | 28/102 [15:55<39:46, 32.25s/it]
      43/50      17.2G     0.7983      0.515      1.013        984        640:  28%|██▊       | 29/102 [15:55<40:03, 32.92s/it]
      43/50      17.2G     0.7982     0.5145      1.013        999        640:  28%|██▊       | 29/102 [16:30<40:03, 32.92s/it]
      43/50      17.2G     0.7982     0.5145      1.013        999        640:  29%|██▉       | 30/102 [16:30<40:25, 33.69s/it]
      43/50      17.2G     0.7968     0.5145      1.014        964        640:  29%|██▉       | 30/102 [17:07<40:25, 33.69s/it]
      43/50      17.2G     0.7968     0.5145      1.014        964        640:  30%|███       | 31/102 [17:07<40:59, 34.64s/it]
      43/50      17.2G     0.7958     0.5134      1.013       1068        640:  30%|███       | 31/102 [17:41<40:59, 34.64s/it]
      43/50      17.2G     0.7958     0.5134      1.013       1068        640:  31%|███▏      | 32/102 [17:41<40:12, 34.46s/it]
      43/50      17.2G     0.7949     0.5133      1.013        939        640:  31%|███▏      | 32/102 [18:10<40:12, 34.46s/it]
      43/50      17.2G     0.7949     0.5133      1.013        939        640:  32%|███▏      | 33/102 [18:10<37:38, 32.73s/it]
      43/50      17.2G     0.7962     0.5139      1.013       1111        640:  32%|███▏      | 33/102 [18:41<37:38, 32.73s/it]
      43/50      17.2G     0.7962     0.5139      1.013       1111        640:  33%|███▎      | 34/102 [18:41<36:31, 32.23s/it]
      43/50      17.2G     0.7957     0.5132      1.013       1150        640:  33%|███▎      | 34/102 [19:11<36:31, 32.23s/it]
      43/50      17.2G     0.7957     0.5132      1.013       1150        640:  34%|███▍      | 35/102 [19:11<35:17, 31.61s/it]
      43/50      17.2G     0.7957     0.5132      1.012       1093        640:  34%|███▍      | 35/102 [19:35<35:17, 31.61s/it]
      43/50      17.2G     0.7957     0.5132      1.012       1093        640:  35%|███▌      | 36/102 [19:35<32:13, 29.29s/it]
      43/50      17.2G     0.7951     0.5129      1.011       1123        640:  35%|███▌      | 36/102 [19:57<32:13, 29.29s/it]
      43/50      17.2G     0.7951     0.5129      1.011       1123        640:  36%|███▋      | 37/102 [19:57<29:12, 26.96s/it]
      43/50      17.2G      0.795     0.5128      1.011       1028        640:  36%|███▋      | 37/102 [20:21<29:12, 26.96s/it]
      43/50      17.2G      0.795     0.5128      1.011       1028        640:  37%|███▋      | 38/102 [20:21<28:00, 26.26s/it]
      43/50      17.2G     0.7934     0.5125      1.011        992        640:  37%|███▋      | 38/102 [20:46<28:00, 26.26s/it]
      43/50      17.2G     0.7934     0.5125      1.011        992        640:  38%|███▊      | 39/102 [20:46<27:03, 25.77s/it]
      43/50      17.2G     0.7934     0.5123       1.01       1046        640:  38%|███▊      | 39/102 [21:10<27:03, 25.77s/it]
      43/50      17.2G     0.7934     0.5123       1.01       1046        640:  39%|███▉      | 40/102 [21:10<25:59, 25.15s/it]
      43/50        18G      0.795     0.5127      1.012       1193        640:  39%|███▉      | 40/102 [21:35<25:59, 25.15s/it]
      43/50        18G      0.795     0.5127      1.012       1193        640:  40%|████      | 41/102 [21:35<25:42, 25.28s/it]
      43/50        18G     0.7955     0.5127      1.012        981        640:  40%|████      | 41/102 [22:01<25:42, 25.28s/it]
      43/50        18G     0.7955     0.5127      1.012        981        640:  41%|████      | 42/102 [22:01<25:27, 25.46s/it]
      43/50        18G     0.7959     0.5124      1.012       1175        640:  41%|████      | 42/102 [22:28<25:27, 25.46s/it]
      43/50        18G     0.7959     0.5124      1.012       1175        640:  42%|████▏     | 43/102 [22:28<25:26, 25.88s/it]
      43/50        18G     0.7967     0.5127      1.012       1096        640:  42%|████▏     | 43/102 [22:58<25:26, 25.88s/it]
      43/50        18G     0.7967     0.5127      1.012       1096        640:  43%|████▎     | 44/102 [22:58<26:17, 27.20s/it]
      43/50        18G     0.7969     0.5123      1.012        846        640:  43%|████▎     | 44/102 [23:23<26:17, 27.20s/it]
      43/50        18G     0.7969     0.5123      1.012        846        640:  44%|████▍     | 45/102 [23:23<25:11, 26.52s/it]
      43/50        18G     0.7969     0.5122      1.012       1092        640:  44%|████▍     | 45/102 [23:48<25:11, 26.52s/it]
      43/50        18G     0.7969     0.5122      1.012       1092        640:  45%|████▌     | 46/102 [23:48<24:18, 26.04s/it]
      43/50        18G     0.7962     0.5114      1.012        967        640:  45%|████▌     | 46/102 [24:12<24:18, 26.04s/it]
      43/50        18G     0.7962     0.5114      1.012        967        640:  46%|████▌     | 47/102 [24:12<23:17, 25.40s/it]
      43/50        18G     0.7956     0.5108      1.012        850        640:  46%|████▌     | 47/102 [24:36<23:17, 25.40s/it]
      43/50        18G     0.7956     0.5108      1.012        850        640:  47%|████▋     | 48/102 [24:36<22:33, 25.06s/it]
      43/50        18G     0.7962     0.5111      1.013       1026        640:  47%|████▋     | 48/102 [25:00<22:33, 25.06s/it]
      43/50        18G     0.7962     0.5111      1.013       1026        640:  48%|████▊     | 49/102 [25:00<21:50, 24.72s/it]
      43/50        18G     0.7963      0.511      1.013        968        640:  48%|████▊     | 49/102 [25:23<21:50, 24.72s/it]
      43/50        18G     0.7963      0.511      1.013        968        640:  49%|████▉     | 50/102 [25:23<21:01, 24.27s/it]
      43/50        18G     0.7963     0.5109      1.013       1166        640:  49%|████▉     | 50/102 [25:48<21:01, 24.27s/it]
      43/50        18G     0.7963     0.5109      1.013       1166        640:  50%|█████     | 51/102 [25:48<20:39, 24.30s/it]
      43/50        18G     0.7959     0.5108      1.013       1062        640:  50%|█████     | 51/102 [26:12<20:39, 24.30s/it]
      43/50        18G     0.7959     0.5108      1.013       1062        640:  51%|█████     | 52/102 [26:12<20:13, 24.27s/it]
      43/50        18G     0.7956     0.5104      1.013        960        640:  51%|█████     | 52/102 [26:37<20:13, 24.27s/it]
      43/50        18G     0.7956     0.5104      1.013        960        640:  52%|█████▏    | 53/102 [26:37<20:05, 24.61s/it]
      43/50        18G     0.7947     0.5098      1.012       1146        640:  52%|█████▏    | 53/102 [27:03<20:05, 24.61s/it]
      43/50        18G     0.7947     0.5098      1.012       1146        640:  53%|█████▎    | 54/102 [27:03<20:02, 25.05s/it]
      43/50        18G     0.7946     0.5099      1.012       1125        640:  53%|█████▎    | 54/102 [27:27<20:02, 25.05s/it]
      43/50        18G     0.7946     0.5099      1.012       1125        640:  54%|█████▍    | 55/102 [27:27<19:12, 24.52s/it]
      43/50        18G     0.7938     0.5095      1.012       1124        640:  54%|█████▍    | 55/102 [27:49<19:12, 24.52s/it]
      43/50        18G     0.7938     0.5095      1.012       1124        640:  55%|█████▍    | 56/102 [27:49<18:22, 23.96s/it]
      43/50        18G      0.794     0.5094      1.011       1189        640:  55%|█████▍    | 56/102 [28:11<18:22, 23.96s/it]
      43/50        18G      0.794     0.5094      1.011       1189        640:  56%|█████▌    | 57/102 [28:11<17:31, 23.37s/it]
      43/50        18G      0.794     0.5093      1.011       1164        640:  56%|█████▌    | 57/102 [28:37<17:31, 23.37s/it]
      43/50        18G      0.794     0.5093      1.011       1164        640:  57%|█████▋    | 58/102 [28:37<17:42, 24.15s/it]
      43/50        18G     0.7931     0.5088      1.011       1027        640:  57%|█████▋    | 58/102 [29:00<17:42, 24.15s/it]
      43/50        18G     0.7931     0.5088      1.011       1027        640:  58%|█████▊    | 59/102 [29:00<16:58, 23.69s/it]
      43/50        18G     0.7932     0.5092       1.01       1206        640:  58%|█████▊    | 59/102 [29:24<16:58, 23.69s/it]
      43/50        18G     0.7932     0.5092       1.01       1206        640:  59%|█████▉    | 60/102 [29:24<16:44, 23.93s/it]
      43/50        18G     0.7933      0.509       1.01       1239        640:  59%|█████▉    | 60/102 [29:50<16:44, 23.93s/it]
      43/50        18G     0.7933      0.509       1.01       1239        640:  60%|█████▉    | 61/102 [29:50<16:40, 24.41s/it]
      43/50        18G     0.7933     0.5087       1.01       1173        640:  60%|█████▉    | 61/102 [30:17<16:40, 24.41s/it]
      43/50        18G     0.7933     0.5087       1.01       1173        640:  61%|██████    | 62/102 [30:17<16:45, 25.15s/it]
      43/50        18G     0.7935     0.5087       1.01       1258        640:  61%|██████    | 62/102 [30:41<16:45, 25.15s/it]
      43/50        18G     0.7935     0.5087       1.01       1258        640:  62%|██████▏   | 63/102 [30:41<16:04, 24.73s/it]
      43/50        18G     0.7931     0.5084       1.01        910        640:  62%|██████▏   | 63/102 [31:03<16:04, 24.73s/it]
      43/50        18G     0.7931     0.5084       1.01        910        640:  63%|██████▎   | 64/102 [31:03<15:15, 24.09s/it]
      43/50        18G     0.7924     0.5079      1.009       1136        640:  63%|██████▎   | 64/102 [31:28<15:15, 24.09s/it]
      43/50        18G     0.7924     0.5079      1.009       1136        640:  64%|██████▎   | 65/102 [31:28<14:59, 24.30s/it]
      43/50        18G     0.7921     0.5077      1.009       1230        640:  64%|██████▎   | 65/102 [31:53<14:59, 24.30s/it]
      43/50        18G     0.7921     0.5077      1.009       1230        640:  65%|██████▍   | 66/102 [31:53<14:41, 24.49s/it]
      43/50        18G     0.7929     0.5079      1.009       1457        640:  65%|██████▍   | 66/102 [32:15<14:41, 24.49s/it]
      43/50        18G     0.7929     0.5079      1.009       1457        640:  66%|██████▌   | 67/102 [32:15<13:56, 23.90s/it]
      43/50        19G     0.7934     0.5079      1.009       1116        640:  66%|██████▌   | 67/102 [32:39<13:56, 23.90s/it]
      43/50        19G     0.7934     0.5079      1.009       1116        640:  67%|██████▋   | 68/102 [32:39<13:33, 23.93s/it]
      43/50        19G     0.7938      0.508      1.008       1078        640:  67%|██████▋   | 68/102 [33:06<13:33, 23.93s/it]
      43/50        19G     0.7938      0.508      1.008       1078        640:  68%|██████▊   | 69/102 [33:06<13:36, 24.73s/it]
      43/50        19G     0.7943     0.5082      1.009       1047        640:  68%|██████▊   | 69/102 [33:32<13:36, 24.73s/it]
      43/50        19G     0.7943     0.5082      1.009       1047        640:  69%|██████▊   | 70/102 [33:32<13:24, 25.15s/it]
      43/50        19G     0.7946     0.5081      1.009       1094        640:  69%|██████▊   | 70/102 [33:58<13:24, 25.15s/it]
      43/50        19G     0.7946     0.5081      1.009       1094        640:  70%|██████▉   | 71/102 [33:58<13:09, 25.46s/it]
      43/50        20G     0.7952     0.5085      1.009       1133        640:  70%|██████▉   | 71/102 [34:25<13:09, 25.46s/it]
      43/50        20G     0.7952     0.5085      1.009       1133        640:  71%|███████   | 72/102 [34:25<12:51, 25.72s/it]
      43/50        20G     0.7955     0.5093      1.009       1027        640:  71%|███████   | 72/102 [34:50<12:51, 25.72s/it]
      43/50        20G     0.7955     0.5093      1.009       1027        640:  72%|███████▏  | 73/102 [34:50<12:22, 25.62s/it]
      43/50        20G     0.7957     0.5095       1.01        983        640:  72%|███████▏  | 73/102 [35:20<12:22, 25.62s/it]
      43/50        20G     0.7957     0.5095       1.01        983        640:  73%|███████▎  | 74/102 [35:20<12:34, 26.94s/it]
      43/50        20G     0.7956     0.5094       1.01       1260        640:  73%|███████▎  | 74/102 [35:43<12:34, 26.94s/it]
      43/50        20G     0.7956     0.5094       1.01       1260        640:  74%|███████▎  | 75/102 [35:43<11:36, 25.81s/it]
      43/50        20G      0.796     0.5098       1.01       1227        640:  74%|███████▎  | 75/102 [36:07<11:36, 25.81s/it]
      43/50        20G      0.796     0.5098       1.01       1227        640:  75%|███████▍  | 76/102 [36:07<10:57, 25.29s/it]
      43/50        20G     0.7959     0.5097      1.009       1182        640:  75%|███████▍  | 76/102 [36:33<10:57, 25.29s/it]
      43/50        20G     0.7959     0.5097      1.009       1182        640:  75%|███████▌  | 77/102 [36:33<10:33, 25.34s/it]
      43/50        20G     0.7963     0.5099       1.01       1197        640:  75%|███████▌  | 77/102 [37:01<10:33, 25.34s/it]
      43/50        20G     0.7963     0.5099       1.01       1197        640:  76%|███████▋  | 78/102 [37:01<10:30, 26.26s/it]
      43/50        20G     0.7959     0.5096      1.009       1007        640:  76%|███████▋  | 78/102 [37:27<10:30, 26.26s/it]
      43/50        20G     0.7959     0.5096      1.009       1007        640:  77%|███████▋  | 79/102 [37:27<10:01, 26.15s/it]
      43/50        20G     0.7958     0.5097      1.009       1022        640:  77%|███████▋  | 79/102 [37:50<10:01, 26.15s/it]
      43/50        20G     0.7958     0.5097      1.009       1022        640:  78%|███████▊  | 80/102 [37:50<09:17, 25.33s/it]
      43/50        20G     0.7955     0.5097      1.009        981        640:  78%|███████▊  | 80/102 [38:14<09:17, 25.33s/it]
      43/50        20G     0.7955     0.5097      1.009        981        640:  79%|███████▉  | 81/102 [38:14<08:38, 24.68s/it]
      43/50        20G     0.7956       0.51      1.009       1107        640:  79%|███████▉  | 81/102 [38:40<08:38, 24.68s/it]
      43/50        20G     0.7956       0.51      1.009       1107        640:  80%|████████  | 82/102 [38:40<08:24, 25.24s/it]
      43/50        20G     0.7952     0.5098      1.009        943        640:  80%|████████  | 82/102 [39:04<08:24, 25.24s/it]
      43/50        20G     0.7952     0.5098      1.009        943        640:  81%|████████▏ | 83/102 [39:04<07:52, 24.86s/it]
      43/50        20G      0.796     0.5102      1.009       1167        640:  81%|████████▏ | 83/102 [39:34<07:52, 24.86s/it]
      43/50        20G      0.796     0.5102      1.009       1167        640:  82%|████████▏ | 84/102 [39:34<07:54, 26.35s/it]
      43/50        20G      0.796     0.5103       1.01        953        640:  82%|████████▏ | 84/102 [39:56<07:54, 26.35s/it]
      43/50        20G      0.796     0.5103       1.01        953        640:  83%|████████▎ | 85/102 [39:56<07:07, 25.14s/it]
      43/50        20G      0.796     0.5103      1.009       1190        640:  83%|████████▎ | 85/102 [40:25<07:07, 25.14s/it]
      43/50        20G      0.796     0.5103      1.009       1190        640:  84%|████████▍ | 86/102 [40:25<07:00, 26.31s/it]
      43/50        20G     0.7954     0.5103      1.009        871        640:  84%|████████▍ | 86/102 [40:53<07:00, 26.31s/it]
      43/50        20G     0.7954     0.5103      1.009        871        640:  85%|████████▌ | 87/102 [40:53<06:40, 26.71s/it]
      43/50        20G     0.7954     0.5102      1.009       1093        640:  85%|████████▌ | 87/102 [41:15<06:40, 26.71s/it]
      43/50        20G     0.7954     0.5102      1.009       1093        640:  86%|████████▋ | 88/102 [41:15<05:52, 25.20s/it]
      43/50        20G     0.7954     0.5101      1.009       1034        640:  86%|████████▋ | 88/102 [41:41<05:52, 25.20s/it]
      43/50        20G     0.7954     0.5101      1.009       1034        640:  87%|████████▋ | 89/102 [41:41<05:31, 25.51s/it]
      43/50        20G     0.7958     0.5102       1.01        999        640:  87%|████████▋ | 89/102 [42:07<05:31, 25.51s/it]
      43/50        20G     0.7958     0.5102       1.01        999        640:  88%|████████▊ | 90/102 [42:07<05:08, 25.68s/it]
      43/50        20G      0.796     0.5102       1.01       1156        640:  88%|████████▊ | 90/102 [42:33<05:08, 25.68s/it]
      43/50        20G      0.796     0.5102       1.01       1156        640:  89%|████████▉ | 91/102 [42:33<04:45, 25.94s/it]
      43/50        20G     0.7961     0.5102       1.01       1013        640:  89%|████████▉ | 91/102 [43:00<04:45, 25.94s/it]
      43/50        20G     0.7961     0.5102       1.01       1013        640:  90%|█████████ | 92/102 [43:00<04:21, 26.17s/it]
      43/50        20G     0.7964     0.5103       1.01       1185        640:  90%|█████████ | 92/102 [43:24<04:21, 26.17s/it]
      43/50        20G     0.7964     0.5103       1.01       1185        640:  91%|█████████ | 93/102 [43:24<03:48, 25.37s/it]
      43/50        20G     0.7958     0.5099       1.01        939        640:  91%|█████████ | 93/102 [43:53<03:48, 25.37s/it]
      43/50        20G     0.7958     0.5099       1.01        939        640:  92%|█████████▏| 94/102 [43:53<03:31, 26.44s/it]
      43/50        20G     0.7961     0.5102       1.01       1015        640:  92%|█████████▏| 94/102 [44:16<03:31, 26.44s/it]
      43/50        20G     0.7961     0.5102       1.01       1015        640:  93%|█████████▎| 95/102 [44:16<02:59, 25.61s/it]
      43/50        20G      0.796     0.5103       1.01        995        640:  93%|█████████▎| 95/102 [44:40<02:59, 25.61s/it]
      43/50        20G      0.796     0.5103       1.01        995        640:  94%|█████████▍| 96/102 [44:40<02:30, 25.04s/it]
      43/50        20G     0.7962     0.5102       1.01       1002        640:  94%|█████████▍| 96/102 [45:08<02:30, 25.04s/it]
      43/50        20G     0.7962     0.5102       1.01       1002        640:  95%|█████████▌| 97/102 [45:08<02:09, 25.96s/it]
      43/50        20G     0.7963     0.5102       1.01       1137        640:  95%|█████████▌| 97/102 [45:35<02:09, 25.96s/it]
      43/50        20G     0.7963     0.5102       1.01       1137        640:  96%|█████████▌| 98/102 [45:35<01:44, 26.14s/it]
      43/50        20G     0.7963     0.5103       1.01        969        640:  96%|█████████▌| 98/102 [46:00<01:44, 26.14s/it]
      43/50        20G     0.7963     0.5103       1.01        969        640:  97%|█████████▋| 99/102 [46:00<01:17, 25.97s/it]
      43/50        20G     0.7963     0.5105       1.01       1108        640:  97%|█████████▋| 99/102 [46:27<01:17, 25.97s/it]
      43/50        20G     0.7963     0.5105       1.01       1108        640:  98%|█████████▊| 100/102 [46:27<00:52, 26.31s/it]
      43/50        20G     0.7959     0.5103       1.01       1028        640:  98%|█████████▊| 100/102 [46:57<00:52, 26.31s/it]
      43/50        20G     0.7959     0.5103       1.01       1028        640:  99%|█████████▉| 101/102 [46:57<00:27, 27.24s/it]
      43/50        20G      0.796     0.5102       1.01        320        640:  99%|█████████▉| 101/102 [47:02<00:27, 27.24s/it]
      43/50        20G      0.796     0.5102       1.01        320        640: 100%|██████████| 102/102 [47:02<00:00, 20.67s/it]
      43/50        20G      0.796     0.5102       1.01        320        640: 100%|██████████| 102/102 [47:02<00:00, 27.67s/it]

                 Class     Images  Instances      Box(P          R      mAP50  mAP50-95):   0%|          | 0/13 [00:00<?, ?it/s]
                 Class     Images  Instances      Box(P          R      mAP50  mAP50-95):   8%|▊         | 1/13 [00:00<00:03,  3.46it/s]
                 Class     Images  Instances      Box(P          R      mAP50  mAP50-95):  15%|█▌        | 2/13 [00:00<00:03,  3.50it/s]
                 Class     Images  Instances      Box(P          R      mAP50  mAP50-95):  23%|██▎       | 3/13 [00:00<00:02,  3.74it/s]
                 Class     Images  Instances      Box(P          R      mAP50  mAP50-95):  31%|███       | 4/13 [00:01<00:02,  3.82it/s]
                 Class     Images  Instances      Box(P          R      mAP50  mAP50-95):  38%|███▊      | 5/13 [02:02<05:52, 44.06s/it]
                 Class     Images  Instances      Box(P          R      mAP50  mAP50-95):  46%|████▌     | 6/13 [02:03<03:25, 29.37s/it]
                 Class     Images  Instances      Box(P          R      mAP50  mAP50-95):  54%|█████▍    | 7/13 [03:26<04:41, 46.98s/it]
                 Class     Images  Instances      Box(P          R      mAP50  mAP50-95):  62%|██████▏   | 8/13 [03:27<02:40, 32.11s/it]
                 Class     Images  Instances      Box(P          R      mAP50  mAP50-95):  69%|██████▉   | 9/13 [05:29<04:00, 60.18s/it]
                 Class     Images  Instances      Box(P          R      mAP50  mAP50-95):  77%|███████▋  | 10/13 [05:29<02:05, 41.67s/it]
                 Class     Images  Instances      Box(P          R      mAP50  mAP50-95):  85%|████████▍ | 11/13 [07:32<02:13, 66.68s/it]
                 Class     Images  Instances      Box(P          R      mAP50  mAP50-95):  92%|█████████▏| 12/13 [07:32<00:46, 46.47s/it]
                 Class     Images  Instances      Box(P          R      mAP50  mAP50-95): 100%|██████████| 13/13 [08:19<00:00, 46.50s/it]
                 Class     Images  Instances      Box(P          R      mAP50  mAP50-95): 100%|██████████| 13/13 [08:19<00:00, 38.42s/it]
                   all       1620      15401      0.717      0.545      0.591      0.372

      Epoch    GPU_mem   box_loss   cls_loss   dfl_loss  Instances       Size

  0%|          | 0/102 [00:00<?, ?it/s]
      44/50      15.8G     0.7849     0.5133      1.012       1161        640:   0%|          | 0/102 [00:00<?, ?it/s]
      44/50      15.8G     0.7849     0.5133      1.012       1161        640:   1%|          | 1/102 [00:00<00:18,  5.46it/s]
      44/50      16.2G     0.8049     0.5183      1.011        995        640:   1%|          | 1/102 [00:00<00:18,  5.46it/s]
      44/50      16.2G     0.8049     0.5183      1.011        995        640:   2%|▏         | 2/102 [00:00<00:17,  5.82it/s]
      44/50      16.2G     0.7923     0.5093      1.004        993        640:   2%|▏         | 2/102 [01:16<00:17,  5.82it/s]
      44/50      16.2G     0.7923     0.5093      1.004        993        640:   3%|▎         | 3/102 [01:16<57:30, 34.85s/it]
      44/50      16.6G     0.8039     0.5078      1.007       1253        640:   3%|▎         | 3/102 [02:18<57:30, 34.85s/it]
      44/50      16.6G     0.8039     0.5078      1.007       1253        640:   4%|▍         | 4/102 [02:18<1:14:25, 45.57s/it]
      44/50      16.6G        0.8     0.5034      1.006       1044        640:   4%|▍         | 4/102 [03:13<1:14:25, 45.57s/it]
      44/50      16.6G        0.8     0.5034      1.006       1044        640:   5%|▍         | 5/102 [03:13<1:19:14, 49.02s/it]
      44/50      16.6G     0.7929     0.5018      1.006       1054        640:   5%|▍         | 5/102 [04:06<1:19:14, 49.02s/it]
      44/50      16.6G     0.7929     0.5018      1.006       1054        640:   6%|▌         | 6/102 [04:06<1:20:48, 50.50s/it]
      44/50      16.6G     0.7945     0.5031      1.007       1029        640:   6%|▌         | 6/102 [04:39<1:20:48, 50.50s/it]
      44/50      16.6G     0.7945     0.5031      1.007       1029        640:   7%|▋         | 7/102 [04:39<1:10:28, 44.51s/it]
      44/50      16.6G     0.7917     0.5042      1.007       1068        640:   7%|▋         | 7/102 [05:24<1:10:28, 44.51s/it]
      44/50      16.6G     0.7917     0.5042      1.007       1068        640:   8%|▊         | 8/102 [05:24<1:09:55, 44.63s/it]
      44/50      16.6G      0.795     0.5085      1.007       1068        640:   8%|▊         | 8/102 [05:50<1:09:55, 44.63s/it]
      44/50      16.6G      0.795     0.5085      1.007       1068        640:   9%|▉         | 9/102 [05:50<1:00:20, 38.93s/it]
      44/50      17.3G     0.7935     0.5066      1.007       1080        640:   9%|▉         | 9/102 [06:25<1:00:20, 38.93s/it]
      44/50      17.3G     0.7935     0.5066      1.007       1080        640:  10%|▉         | 10/102 [06:25<57:59, 37.82s/it]
      44/50      17.3G     0.7873     0.5033      1.004        980        640:  10%|▉         | 10/102 [06:52<57:59, 37.82s/it]
      44/50      17.3G     0.7873     0.5033      1.004        980        640:  11%|█         | 11/102 [06:52<52:04, 34.33s/it]
      44/50      17.3G     0.7841     0.5006      1.002       1050        640:  11%|█         | 11/102 [07:27<52:04, 34.33s/it]
      44/50      17.3G     0.7841     0.5006      1.002       1050        640:  12%|█▏        | 12/102 [07:27<52:08, 34.76s/it]
      44/50      17.3G      0.782      0.502      1.003        943        640:  12%|█▏        | 12/102 [07:51<52:08, 34.76s/it]
      44/50      17.3G      0.782      0.502      1.003        943        640:  13%|█▎        | 13/102 [07:51<46:34, 31.40s/it]
      44/50      17.3G     0.7858     0.5038      1.004       1130        640:  13%|█▎        | 13/102 [08:26<46:34, 31.40s/it]
      44/50      17.3G     0.7858     0.5038      1.004       1130        640:  14%|█▎        | 14/102 [08:26<47:33, 32.43s/it]
      44/50      17.3G     0.7863     0.5041      1.002       1143        640:  14%|█▎        | 14/102 [09:01<47:33, 32.43s/it]
      44/50      17.3G     0.7863     0.5041      1.002       1143        640:  15%|█▍        | 15/102 [09:01<48:05, 33.17s/it]
      44/50      17.3G     0.7852     0.5025      1.002        941        640:  15%|█▍        | 15/102 [09:28<48:05, 33.17s/it]
      44/50      17.3G     0.7852     0.5025      1.002        941        640:  16%|█▌        | 16/102 [09:28<45:10, 31.52s/it]
      44/50      17.3G     0.7869     0.5029      1.002       1174        640:  16%|█▌        | 16/102 [10:02<45:10, 31.52s/it]
      44/50      17.3G     0.7869     0.5029      1.002       1174        640:  17%|█▋        | 17/102 [10:02<45:40, 32.24s/it]
      44/50      17.3G     0.7847     0.5011      1.001       1130        640:  17%|█▋        | 17/102 [10:27<45:40, 32.24s/it]
      44/50      17.3G     0.7847     0.5011      1.001       1130        640:  18%|█▊        | 18/102 [10:27<42:07, 30.09s/it]
      44/50      17.3G     0.7835     0.5003          1       1092        640:  18%|█▊        | 18/102 [11:07<42:07, 30.09s/it]
      44/50      17.3G     0.7835     0.5003          1       1092        640:  19%|█▊        | 19/102 [11:07<45:36, 32.98s/it]
      44/50      17.3G     0.7811     0.4985      0.999       1129        640:  19%|█▊        | 19/102 [11:33<45:36, 32.98s/it]
      44/50      17.3G     0.7811     0.4985      0.999       1129        640:  20%|█▉        | 20/102 [11:33<42:11, 30.87s/it]
      44/50      17.3G     0.7825     0.4989     0.9995       1072        640:  20%|█▉        | 20/102 [12:08<42:11, 30.87s/it]
      44/50      17.3G     0.7825     0.4989     0.9995       1072        640:  21%|██        | 21/102 [12:08<43:05, 31.92s/it]
      44/50      17.3G     0.7825     0.4996     0.9992       1214        640:  21%|██        | 21/102 [12:34<43:05, 31.92s/it]
      44/50      17.3G     0.7825     0.4996     0.9992       1214        640:  22%|██▏       | 22/102 [12:34<40:32, 30.41s/it]
      44/50      17.3G     0.7842     0.5014      1.001       1007        640:  22%|██▏       | 22/102 [13:18<40:32, 30.41s/it]
      44/50      17.3G     0.7842     0.5014      1.001       1007        640:  23%|██▎       | 23/102 [13:18<45:06, 34.27s/it]
      44/50      17.3G     0.7844     0.5019      1.002        958        640:  23%|██▎       | 23/102 [13:48<45:06, 34.27s/it]
      44/50      17.3G     0.7844     0.5019      1.002        958        640:  24%|██▎       | 24/102 [13:48<42:50, 32.96s/it]
      44/50      17.3G     0.7837      0.502      1.002       1032        640:  24%|██▎       | 24/102 [14:20<42:50, 32.96s/it]
      44/50      17.3G     0.7837      0.502      1.002       1032        640:  25%|██▍       | 25/102 [14:20<42:07, 32.83s/it]
      44/50      17.3G     0.7834     0.5016      1.002       1292        640:  25%|██▍       | 25/102 [14:52<42:07, 32.83s/it]
      44/50      17.3G     0.7834     0.5016      1.002       1292        640:  25%|██▌       | 26/102 [14:52<41:16, 32.58s/it]
      44/50      17.3G     0.7842     0.5015      1.002        982        640:  25%|██▌       | 26/102 [15:22<41:16, 32.58s/it]
      44/50      17.3G     0.7842     0.5015      1.002        982        640:  26%|██▋       | 27/102 [15:22<39:42, 31.77s/it]
      44/50      17.3G     0.7842     0.5017      1.002       1188        640:  26%|██▋       | 27/102 [15:55<39:42, 31.77s/it]
      44/50      17.3G     0.7842     0.5017      1.002       1188        640:  27%|██▋       | 28/102 [15:55<39:45, 32.24s/it]
      44/50      17.3G     0.7827     0.5011      1.001       1024        640:  27%|██▋       | 28/102 [16:28<39:45, 32.24s/it]
      44/50      17.3G     0.7827     0.5011      1.001       1024        640:  28%|██▊       | 29/102 [16:28<39:28, 32.45s/it]
      44/50      18.3G     0.7825     0.5009      1.002       1035        640:  28%|██▊       | 29/102 [17:10<39:28, 32.45s/it]
      44/50      18.3G     0.7825     0.5009      1.002       1035        640:  29%|██▉       | 30/102 [17:10<42:27, 35.38s/it]
      44/50      18.3G     0.7833     0.5009      1.002       1157        640:  29%|██▉       | 30/102 [17:45<42:27, 35.38s/it]
      44/50      18.3G     0.7833     0.5009      1.002       1157        640:  30%|███       | 31/102 [17:45<41:37, 35.17s/it]
      44/50      18.3G     0.7847     0.5011      1.002       1223        640:  30%|███       | 31/102 [18:23<41:37, 35.17s/it]
      44/50      18.3G     0.7847     0.5011      1.002       1223        640:  31%|███▏      | 32/102 [18:23<42:04, 36.06s/it]
      44/50      18.3G     0.7842     0.5006      1.002        990        640:  31%|███▏      | 32/102 [18:52<42:04, 36.06s/it]
      44/50      18.3G     0.7842     0.5006      1.002        990        640:  32%|███▏      | 33/102 [18:52<39:05, 33.99s/it]
      44/50      18.3G     0.7844     0.5007      1.002       1211        640:  32%|███▏      | 33/102 [20:02<39:05, 33.99s/it]
      44/50      18.3G     0.7844     0.5007      1.002       1211        640:  33%|███▎      | 34/102 [20:02<50:29, 44.55s/it]
      44/50      18.3G     0.7843     0.5001      1.001       1203        640:  33%|███▎      | 34/102 [20:42<50:29, 44.55s/it]
      44/50      18.3G     0.7843     0.5001      1.001       1203        640:  34%|███▍      | 35/102 [20:42<48:25, 43.36s/it]
      44/50      18.3G     0.7842     0.5002      1.001       1018        640:  34%|███▍      | 35/102 [21:16<48:25, 43.36s/it]
      44/50      18.3G     0.7842     0.5002      1.001       1018        640:  35%|███▌      | 36/102 [21:16<44:34, 40.53s/it]
      44/50      18.3G     0.7847     0.5004      1.001       1098        640:  35%|███▌      | 36/102 [21:43<44:34, 40.53s/it]
      44/50      18.3G     0.7847     0.5004      1.001       1098        640:  36%|███▋      | 37/102 [21:43<39:31, 36.48s/it]
      44/50      18.3G     0.7857     0.5007      1.002       1185        640:  36%|███▋      | 37/102 [22:16<39:31, 36.48s/it]
      44/50      18.3G     0.7857     0.5007      1.002       1185        640:  37%|███▋      | 38/102 [22:16<37:46, 35.41s/it]
      44/50      18.3G     0.7855     0.5011      1.002       1161        640:  37%|███▋      | 38/102 [22:58<37:46, 35.41s/it]
      44/50      18.3G     0.7855     0.5011      1.002       1161        640:  38%|███▊      | 39/102 [22:58<39:11, 37.33s/it]
      44/50      18.3G     0.7861     0.5022      1.002       1026        640:  38%|███▊      | 39/102 [23:48<39:11, 37.33s/it]
      44/50      18.3G     0.7861     0.5022      1.002       1026        640:  39%|███▉      | 40/102 [23:48<42:39, 41.28s/it]
      44/50      18.3G     0.7863     0.5021      1.002       1139        640:  39%|███▉      | 40/102 [24:25<42:39, 41.28s/it]
      44/50      18.3G     0.7863     0.5021      1.002       1139        640:  40%|████      | 41/102 [24:25<40:25, 39.77s/it]
      44/50      18.3G     0.7859     0.5025      1.002        915        640:  40%|████      | 41/102 [25:21<40:25, 39.77s/it]
      44/50      18.3G     0.7859     0.5025      1.002        915        640:  41%|████      | 42/102 [25:21<44:43, 44.72s/it]
      44/50      18.3G     0.7854     0.5024      1.002       1139        640:  41%|████      | 42/102 [25:50<44:43, 44.72s/it]
      44/50      18.3G     0.7854     0.5024      1.002       1139        640:  42%|████▏     | 43/102 [25:50<39:28, 40.15s/it]
      44/50      18.3G     0.7849      0.502      1.002       1062        640:  42%|████▏     | 43/102 [26:26<39:28, 40.15s/it]
      44/50      18.3G     0.7849      0.502      1.002       1062        640:  43%|████▎     | 44/102 [26:26<37:27, 38.76s/it]
      44/50      18.3G     0.7846     0.5016      1.003       1057        640:  43%|████▎     | 44/102 [26:57<37:27, 38.76s/it]
      44/50      18.3G     0.7846     0.5016      1.003       1057        640:  44%|████▍     | 45/102 [26:57<34:46, 36.61s/it]
      44/50      18.3G     0.7845     0.5013      1.003       1002        640:  44%|████▍     | 45/102 [27:47<34:46, 36.61s/it]
      44/50      18.3G     0.7845     0.5013      1.003       1002        640:  45%|████▌     | 46/102 [27:47<37:46, 40.48s/it]
      44/50      18.3G     0.7838     0.5013      1.002       1123        640:  45%|████▌     | 46/102 [28:40<37:46, 40.48s/it]
      44/50      18.3G     0.7838     0.5013      1.002       1123        640:  46%|████▌     | 47/102 [28:40<40:35, 44.28s/it]
      44/50      18.3G      0.784     0.5008      1.002       1128        640:  46%|████▌     | 47/102 [29:12<40:35, 44.28s/it]
      44/50      18.3G      0.784     0.5008      1.002       1128        640:  47%|████▋     | 48/102 [29:12<36:36, 40.67s/it]
      44/50      18.3G     0.7834     0.5006      1.002       1065        640:  47%|████▋     | 48/102 [29:41<36:36, 40.67s/it]
      44/50      18.3G     0.7834     0.5006      1.002       1065        640:  48%|████▊     | 49/102 [29:41<32:39, 36.97s/it]
      44/50      18.3G     0.7826     0.5002      1.002       1099        640:  48%|████▊     | 49/102 [30:10<32:39, 36.97s/it]
      44/50      18.3G     0.7826     0.5002      1.002       1099        640:  49%|████▉     | 50/102 [30:10<30:02, 34.67s/it]
      44/50      18.3G     0.7824     0.4998      1.001       1119        640:  49%|████▉     | 50/102 [30:38<30:02, 34.67s/it]
      44/50      18.3G     0.7824     0.4998      1.001       1119        640:  50%|█████     | 51/102 [30:38<27:50, 32.75s/it]
      44/50      18.3G     0.7822     0.4999      1.001        927        640:  50%|█████     | 51/102 [31:22<27:50, 32.75s/it]
      44/50      18.3G     0.7822     0.4999      1.001        927        640:  51%|█████     | 52/102 [31:22<29:56, 35.93s/it]
      44/50      18.3G     0.7823     0.5002      1.001       1146        640:  51%|█████     | 52/102 [31:56<29:56, 35.93s/it]
      44/50      18.3G     0.7823     0.5002      1.001       1146        640:  52%|█████▏    | 53/102 [31:56<29:00, 35.53s/it]
      44/50      18.3G     0.7829     0.5008      1.002        982        640:  52%|█████▏    | 53/102 [32:36<29:00, 35.53s/it]
      44/50      18.3G     0.7829     0.5008      1.002        982        640:  53%|█████▎    | 54/102 [32:36<29:24, 36.75s/it]
      44/50      18.3G     0.7825      0.501      1.002        967        640:  53%|█████▎    | 54/102 [33:06<29:24, 36.75s/it]
      44/50      18.3G     0.7825      0.501      1.002        967        640:  54%|█████▍    | 55/102 [33:06<27:13, 34.76s/it]
      44/50      18.3G     0.7837     0.5015      1.002       1491        640:  54%|█████▍    | 55/102 [33:50<27:13, 34.76s/it]
      44/50      18.3G     0.7837     0.5015      1.002       1491        640:  55%|█████▍    | 56/102 [33:50<28:47, 37.56s/it]
      44/50      18.3G     0.7835     0.5013      1.002       1074        640:  55%|█████▍    | 56/102 [34:45<28:47, 37.56s/it]
      44/50      18.3G     0.7835     0.5013      1.002       1074        640:  56%|█████▌    | 57/102 [34:45<32:02, 42.72s/it]
      44/50      18.3G     0.7836     0.5013      1.002       1016        640:  56%|█████▌    | 57/102 [35:15<32:02, 42.72s/it]
      44/50      18.3G     0.7836     0.5013      1.002       1016        640:  57%|█████▋    | 58/102 [35:15<28:40, 39.10s/it]
      44/50      18.3G     0.7845     0.5017      1.002       1242        640:  57%|█████▋    | 58/102 [35:49<28:40, 39.10s/it]
      44/50      18.3G     0.7845     0.5017      1.002       1242        640:  58%|█████▊    | 59/102 [35:49<26:54, 37.54s/it]
      44/50      18.3G     0.7845     0.5019      1.002       1042        640:  58%|█████▊    | 59/102 [36:33<26:54, 37.54s/it]
      44/50      18.3G     0.7845     0.5019      1.002       1042        640:  59%|█████▉    | 60/102 [36:33<27:31, 39.32s/it]
      44/50      18.3G     0.7853     0.5027      1.002       1194        640:  59%|█████▉    | 60/102 [37:08<27:31, 39.32s/it]
      44/50      18.3G     0.7853     0.5027      1.002       1194        640:  60%|█████▉    | 61/102 [37:08<25:57, 37.98s/it]
      44/50      18.3G     0.7857     0.5033      1.003       1159        640:  60%|█████▉    | 61/102 [37:46<25:57, 37.98s/it]
      44/50      18.3G     0.7857     0.5033      1.003       1159        640:  61%|██████    | 62/102 [37:46<25:25, 38.13s/it]
      44/50      18.3G     0.7855      0.503      1.002       1140        640:  61%|██████    | 62/102 [38:23<25:25, 38.13s/it]
      44/50      18.3G     0.7855      0.503      1.002       1140        640:  62%|██████▏   | 63/102 [38:23<24:35, 37.84s/it]
      44/50      18.3G     0.7862     0.5031      1.002       1186        640:  62%|██████▏   | 63/102 [39:01<24:35, 37.84s/it]
      44/50      18.3G     0.7862     0.5031      1.002       1186        640:  63%|██████▎   | 64/102 [39:01<23:57, 37.83s/it]
      44/50      18.3G     0.7865     0.5036      1.002       1054        640:  63%|██████▎   | 64/102 [39:43<23:57, 37.83s/it]
      44/50      18.3G     0.7865     0.5036      1.002       1054        640:  64%|██████▎   | 65/102 [39:43<24:02, 38.99s/it]
      44/50      18.3G     0.7862     0.5032      1.002       1247        640:  64%|██████▎   | 65/102 [40:20<24:02, 38.99s/it]
      44/50      18.3G     0.7862     0.5032      1.002       1247        640:  65%|██████▍   | 66/102 [40:20<23:08, 38.56s/it]
      44/50      18.3G      0.787     0.5034      1.002       1237        640:  65%|██████▍   | 66/102 [41:05<23:08, 38.56s/it]
      44/50      18.3G      0.787     0.5034      1.002       1237        640:  66%|██████▌   | 67/102 [41:05<23:28, 40.25s/it]
      44/50      18.3G      0.787     0.5035      1.002       1041        640:  66%|██████▌   | 67/102 [41:33<23:28, 40.25s/it]
      44/50      18.3G      0.787     0.5035      1.002       1041        640:  67%|██████▋   | 68/102 [41:33<20:47, 36.69s/it]
      44/50      18.3G     0.7868     0.5031      1.002       1061        640:  67%|██████▋   | 68/102 [42:07<20:47, 36.69s/it]
      44/50      18.3G     0.7868     0.5031      1.002       1061        640:  68%|██████▊   | 69/102 [42:07<19:44, 35.89s/it]
      44/50      18.3G     0.7872     0.5034      1.002       1116        640:  68%|██████▊   | 69/102 [42:33<19:44, 35.89s/it]
      44/50      18.3G     0.7872     0.5034      1.002       1116        640:  69%|██████▊   | 70/102 [42:33<17:36, 33.02s/it]
      44/50      18.3G     0.7869     0.5034      1.002        979        640:  69%|██████▊   | 70/102 [43:10<17:36, 33.02s/it]
      44/50      18.3G     0.7869     0.5034      1.002        979        640:  70%|██████▉   | 71/102 [43:10<17:34, 34.00s/it]
      44/50      18.3G      0.787      0.503      1.002       1099        640:  70%|██████▉   | 71/102 [43:52<17:34, 34.00s/it]
      44/50      18.3G      0.787      0.503      1.002       1099        640:  71%|███████   | 72/102 [43:52<18:11, 36.39s/it]
      44/50      18.3G     0.7867     0.5027      1.002       1052        640:  71%|███████   | 72/102 [44:54<18:11, 36.39s/it]
      44/50      18.3G     0.7867     0.5027      1.002       1052        640:  72%|███████▏  | 73/102 [44:54<21:17, 44.05s/it]
      44/50      18.3G     0.7871      0.503      1.003        985        640:  72%|███████▏  | 73/102 [45:21<21:17, 44.05s/it]
      44/50      18.3G     0.7871      0.503      1.003        985        640:  73%|███████▎  | 74/102 [45:21<18:13, 39.05s/it]
      44/50      18.3G     0.7874     0.5034      1.003       1006        640:  73%|███████▎  | 74/102 [46:01<18:13, 39.05s/it]
      44/50      18.3G     0.7874     0.5034      1.003       1006        640:  74%|███████▎  | 75/102 [46:01<17:39, 39.24s/it]
      44/50      18.3G     0.7877     0.5037      1.003       1282        640:  74%|███████▎  | 75/102 [46:26<17:39, 39.24s/it]
      44/50      18.3G     0.7877     0.5037      1.003       1282        640:  75%|███████▍  | 76/102 [46:26<15:13, 35.13s/it]
      44/50      18.3G     0.7875     0.5036      1.003       1010        640:  75%|███████▍  | 76/102 [47:00<15:13, 35.13s/it]
      44/50      18.3G     0.7875     0.5036      1.003       1010        640:  75%|███████▌  | 77/102 [47:00<14:30, 34.83s/it]
      44/50      18.3G     0.7873     0.5035      1.002       1000        640:  75%|███████▌  | 77/102 [47:26<14:30, 34.83s/it]
      44/50      18.3G     0.7873     0.5035      1.002       1000        640:  76%|███████▋  | 78/102 [47:26<12:49, 32.07s/it]
      44/50      18.3G     0.7872     0.5032      1.002       1018        640:  76%|███████▋  | 78/102 [48:09<12:49, 32.07s/it]
      44/50      18.3G     0.7872     0.5032      1.002       1018        640:  77%|███████▋  | 79/102 [48:09<13:30, 35.24s/it]
      44/50      18.3G     0.7873     0.5032      1.002       1287        640:  77%|███████▋  | 79/102 [48:44<13:30, 35.24s/it]
      44/50      18.3G     0.7873     0.5032      1.002       1287        640:  78%|███████▊  | 80/102 [48:44<12:59, 35.45s/it]
      44/50      18.3G      0.787     0.5032      1.002       1146        640:  78%|███████▊  | 80/102 [49:13<12:59, 35.45s/it]
      44/50      18.3G      0.787     0.5032      1.002       1146        640:  79%|███████▉  | 81/102 [49:13<11:42, 33.46s/it]
      44/50      18.3G     0.7873     0.5032      1.002       1255        640:  79%|███████▉  | 81/102 [49:52<11:42, 33.46s/it]
      44/50      18.3G     0.7873     0.5032      1.002       1255        640:  80%|████████  | 82/102 [49:52<11:43, 35.17s/it]
      44/50      18.3G      0.788     0.5034      1.003        991        640:  80%|████████  | 82/102 [50:25<11:43, 35.17s/it]
      44/50      18.3G      0.788     0.5034      1.003        991        640:  81%|████████▏ | 83/102 [50:25<10:52, 34.34s/it]
      44/50      18.3G     0.7882     0.5033      1.003       1229        640:  81%|████████▏ | 83/102 [51:03<10:52, 34.34s/it]
      44/50      18.3G     0.7882     0.5033      1.003       1229        640:  82%|████████▏ | 84/102 [51:03<10:37, 35.41s/it]
      44/50      18.3G      0.788     0.5034      1.003       1021        640:  82%|████████▏ | 84/102 [51:29<10:37, 35.41s/it]
      44/50      18.3G      0.788     0.5034      1.003       1021        640:  83%|████████▎ | 85/102 [51:29<09:16, 32.76s/it]
      44/50      18.3G     0.7876     0.5028      1.003       1048        640:  83%|████████▎ | 85/102 [52:06<09:16, 32.76s/it]
      44/50      18.3G     0.7876     0.5028      1.003       1048        640:  84%|████████▍ | 86/102 [52:06<09:03, 33.97s/it]
      44/50      18.3G     0.7874     0.5026      1.003        952        640:  84%|████████▍ | 86/102 [52:38<09:03, 33.97s/it]
      44/50      18.3G     0.7874     0.5026      1.003        952        640:  85%|████████▌ | 87/102 [52:38<08:19, 33.32s/it]
      44/50      18.3G     0.7878     0.5026      1.003       1234        640:  85%|████████▌ | 87/102 [53:11<08:19, 33.32s/it]
      44/50      18.3G     0.7878     0.5026      1.003       1234        640:  86%|████████▋ | 88/102 [53:11<07:47, 33.37s/it]
      44/50      18.3G     0.7877     0.5027      1.003       1005        640:  86%|████████▋ | 88/102 [53:40<07:47, 33.37s/it]
      44/50      18.3G     0.7877     0.5027      1.003       1005        640:  87%|████████▋ | 89/102 [53:40<06:53, 31.81s/it]
      44/50      18.3G     0.7881     0.5026      1.003       1299        640:  87%|████████▋ | 89/102 [54:21<06:53, 31.81s/it]
      44/50      18.3G     0.7881     0.5026      1.003       1299        640:  88%|████████▊ | 90/102 [54:21<06:55, 34.60s/it]
      44/50      18.3G     0.7878     0.5022      1.003       1125        640:  88%|████████▊ | 90/102 [55:04<06:55, 34.60s/it]
      44/50      18.3G     0.7878     0.5022      1.003       1125        640:  89%|████████▉ | 91/102 [55:04<06:48, 37.11s/it]
      44/50      18.3G     0.7875     0.5019      1.003       1147        640:  89%|████████▉ | 91/102 [55:35<06:48, 37.11s/it]
      44/50      18.3G     0.7875     0.5019      1.003       1147        640:  90%|█████████ | 92/102 [55:35<05:53, 35.34s/it]
      44/50      19.5G      0.788     0.5022      1.003       1248        640:  90%|█████████ | 92/102 [56:00<05:53, 35.34s/it]
      44/50      19.5G      0.788     0.5022      1.003       1248        640:  91%|█████████ | 93/102 [56:00<04:51, 32.37s/it]
      44/50      19.5G     0.7885     0.5024      1.003       1127        640:  91%|█████████ | 93/102 [56:48<04:51, 32.37s/it]
      44/50      19.5G     0.7885     0.5024      1.003       1127        640:  92%|█████████▏| 94/102 [56:48<04:54, 36.83s/it]
      44/50      20.7G     0.7885     0.5021      1.003       1238        640:  92%|█████████▏| 94/102 [57:15<04:54, 36.83s/it]
      44/50      20.7G     0.7885     0.5021      1.003       1238        640:  93%|█████████▎| 95/102 [57:15<03:58, 34.13s/it]
      44/50      20.7G     0.7886     0.5022      1.003       1169        640:  93%|█████████▎| 95/102 [57:53<03:58, 34.13s/it]
      44/50      20.7G     0.7886     0.5022      1.003       1169        640:  94%|█████████▍| 96/102 [57:53<03:30, 35.09s/it]
      44/50      20.7G     0.7883      0.502      1.003       1123        640:  94%|█████████▍| 96/102 [58:16<03:30, 35.09s/it]
      44/50      20.7G     0.7883      0.502      1.003       1123        640:  95%|█████████▌| 97/102 [58:16<02:37, 31.41s/it]
      44/50      20.7G     0.7889     0.5024      1.003       1029        640:  95%|█████████▌| 97/102 [58:41<02:37, 31.41s/it]
      44/50      20.7G     0.7889     0.5024      1.003       1029        640:  96%|█████████▌| 98/102 [58:41<01:58, 29.54s/it]
      44/50      20.7G     0.7893     0.5025      1.003       1086        640:  96%|█████████▌| 98/102 [59:14<01:58, 29.54s/it]
      44/50      20.7G     0.7893     0.5025      1.003       1086        640:  97%|█████████▋| 99/102 [59:14<01:31, 30.62s/it]
      44/50      20.7G     0.7896     0.5026      1.003       1120        640:  97%|█████████▋| 99/102 [59:44<01:31, 30.62s/it]
      44/50      20.7G     0.7896     0.5026      1.003       1120        640:  98%|█████████▊| 100/102 [59:44<01:01, 30.56s/it]
      44/50      20.7G     0.7901     0.5029      1.003       1035        640:  98%|█████████▊| 100/102 [1:00:15<01:01, 30.56s/it]
      44/50      20.7G     0.7901     0.5029      1.003       1035        640:  99%|█████████▉| 101/102 [1:00:15<00:30, 30.59s/it]
      44/50      20.7G     0.7896     0.5025      1.003        187        640:  99%|█████████▉| 101/102 [1:00:25<00:30, 30.59s/it]
      44/50      20.7G     0.7896     0.5025      1.003        187        640: 100%|██████████| 102/102 [1:00:25<00:00, 24.56s/it]
      44/50      20.7G     0.7896     0.5025      1.003        187        640: 100%|██████████| 102/102 [1:00:25<00:00, 35.55s/it]

                 Class     Images  Instances      Box(P          R      mAP50  mAP50-95):   0%|          | 0/13 [00:00<?, ?it/s]
                 Class     Images  Instances      Box(P          R      mAP50  mAP50-95):   8%|▊         | 1/13 [00:00<00:03,  3.96it/s]
                 Class     Images  Instances      Box(P          R      mAP50  mAP50-95):  15%|█▌        | 2/13 [00:00<00:02,  3.87it/s]
                 Class     Images  Instances      Box(P          R      mAP50  mAP50-95):  23%|██▎       | 3/13 [00:00<00:02,  4.04it/s]
                 Class     Images  Instances      Box(P          R      mAP50  mAP50-95):  31%|███       | 4/13 [00:00<00:02,  4.04it/s]
                 Class     Images  Instances      Box(P          R      mAP50  mAP50-95):  38%|███▊      | 5/13 [02:11<06:16, 47.10s/it]
                 Class     Images  Instances      Box(P          R      mAP50  mAP50-95):  46%|████▌     | 6/13 [02:11<03:39, 31.29s/it]
                 Class     Images  Instances      Box(P          R      mAP50  mAP50-95):  54%|█████▍    | 7/13 [03:38<04:56, 49.45s/it]
                 Class     Images  Instances      Box(P          R      mAP50  mAP50-95):  62%|██████▏   | 8/13 [03:38<02:48, 33.80s/it]
                 Class     Images  Instances      Box(P          R      mAP50  mAP50-95):  69%|██████▉   | 9/13 [05:55<04:23, 65.97s/it]
                 Class     Images  Instances      Box(P          R      mAP50  mAP50-95):  77%|███████▋  | 10/13 [05:55<02:17, 45.68s/it]
                 Class     Images  Instances      Box(P          R      mAP50  mAP50-95):  85%|████████▍ | 11/13 [07:55<02:16, 68.37s/it]
                 Class     Images  Instances      Box(P          R      mAP50  mAP50-95):  92%|█████████▏| 12/13 [07:55<00:47, 47.65s/it]
                 Class     Images  Instances      Box(P          R      mAP50  mAP50-95): 100%|██████████| 13/13 [08:37<00:00, 45.95s/it]
                 Class     Images  Instances      Box(P          R      mAP50  mAP50-95): 100%|██████████| 13/13 [08:37<00:00, 39.84s/it]
                   all       1620      15401      0.725      0.546      0.591      0.379

      Epoch    GPU_mem   box_loss   cls_loss   dfl_loss  Instances       Size

  0%|          | 0/102 [00:00<?, ?it/s]
      45/50      16.7G     0.7605     0.4706     0.9925       1228        640:   0%|          | 0/102 [00:00<?, ?it/s]
      45/50      16.7G     0.7605     0.4706     0.9925       1228        640:   1%|          | 1/102 [00:00<00:18,  5.52it/s]
      45/50      16.7G      0.769     0.4949     0.9999       1109        640:   1%|          | 1/102 [00:00<00:18,  5.52it/s]
      45/50      16.7G      0.769     0.4949     0.9999       1109        640:   2%|▏         | 2/102 [00:00<00:17,  5.86it/s]
      45/50      16.7G     0.7728     0.4981      1.012        904        640:   2%|▏         | 2/102 [01:01<00:17,  5.86it/s]
      45/50      16.7G     0.7728     0.4981      1.012        904        640:   3%|▎         | 3/102 [01:01<46:21, 28.09s/it]
      45/50      16.7G     0.7787     0.5025      1.012       1007        640:   3%|▎         | 3/102 [01:54<46:21, 28.09s/it]
      45/50      16.7G     0.7787     0.5025      1.012       1007        640:   4%|▍         | 4/102 [01:54<1:01:41, 37.77s/it]
      45/50      16.7G     0.7762     0.5011      1.011       1053        640:   4%|▍         | 4/102 [02:41<1:01:41, 37.77s/it]
      45/50      16.7G     0.7762     0.5011      1.011       1053        640:   5%|▍         | 5/102 [02:41<1:06:28, 41.12s/it]
      45/50      17.6G     0.7886     0.5065      1.011       1127        640:   5%|▍         | 5/102 [03:32<1:06:28, 41.12s/it]
      45/50      17.6G     0.7886     0.5065      1.011       1127        640:   6%|▌         | 6/102 [03:32<1:11:16, 44.54s/it]
      45/50      17.6G     0.7871     0.5046      1.009       1079        640:   6%|▌         | 6/102 [04:17<1:11:16, 44.54s/it]
      45/50      17.6G     0.7871     0.5046      1.009       1079        640:   7%|▋         | 7/102 [04:17<1:10:30, 44.53s/it]
      45/50      17.6G     0.7888     0.5073      1.014        824        640:   7%|▋         | 7/102 [05:02<1:10:30, 44.53s/it]
      45/50      17.6G     0.7888     0.5073      1.014        824        640:   8%|▊         | 8/102 [05:02<1:10:16, 44.86s/it]
      45/50      17.6G     0.7879     0.5088      1.015        882        640:   8%|▊         | 8/102 [05:45<1:10:16, 44.86s/it]
      45/50      17.6G     0.7879     0.5088      1.015        882        640:   9%|▉         | 9/102 [05:45<1:08:39, 44.30s/it]
      45/50      17.6G      0.786     0.5066      1.014        913        640:   9%|▉         | 9/102 [06:12<1:08:39, 44.30s/it]
      45/50      17.6G      0.786     0.5066      1.014        913        640:  10%|▉         | 10/102 [06:12<59:32, 38.83s/it]
      45/50      17.6G      0.782     0.5024       1.01       1173        640:  10%|▉         | 10/102 [07:02<59:32, 38.83s/it]
      45/50      17.6G      0.782     0.5024       1.01       1173        640:  11%|█         | 11/102 [07:02<1:04:16, 42.38s/it]
      45/50      17.6G     0.7792     0.5017      1.008        914        640:  11%|█         | 11/102 [07:52<1:04:16, 42.38s/it]
      45/50      17.6G     0.7792     0.5017      1.008        914        640:  12%|█▏        | 12/102 [07:52<1:07:09, 44.77s/it]
      45/50      17.6G     0.7797     0.5017      1.007        969        640:  12%|█▏        | 12/102 [08:19<1:07:09, 44.77s/it]
      45/50      17.6G     0.7797     0.5017      1.007        969        640:  13%|█▎        | 13/102 [08:19<58:16, 39.29s/it]
      45/50      17.6G     0.7809     0.5026      1.006       1039        640:  13%|█▎        | 13/102 [08:51<58:16, 39.29s/it]
      45/50      17.6G     0.7809     0.5026      1.006       1039        640:  14%|█▎        | 14/102 [08:51<54:34, 37.21s/it]
      45/50      17.6G     0.7794     0.5014      1.004        986        640:  14%|█▎        | 14/102 [09:23<54:34, 37.21s/it]
      45/50      17.6G     0.7794     0.5014      1.004        986        640:  15%|█▍        | 15/102 [09:23<51:28, 35.50s/it]
      45/50      17.6G     0.7815     0.5015      1.004       1165        640:  15%|█▍        | 15/102 [09:56<51:28, 35.50s/it]
      45/50      17.6G     0.7815     0.5015      1.004       1165        640:  16%|█▌        | 16/102 [09:56<49:58, 34.87s/it]
      45/50      17.6G     0.7799     0.5013      1.003       1036        640:  16%|█▌        | 16/102 [10:31<49:58, 34.87s/it]
      45/50      17.6G     0.7799     0.5013      1.003       1036        640:  17%|█▋        | 17/102 [10:31<49:06, 34.66s/it]
      45/50      17.6G     0.7804     0.5014      1.003       1111        640:  17%|█▋        | 17/102 [11:05<49:06, 34.66s/it]
      45/50      17.6G     0.7804     0.5014      1.003       1111        640:  18%|█▊        | 18/102 [11:05<48:26, 34.60s/it]
      45/50      17.6G     0.7801      0.502      1.004       1050        640:  18%|█▊        | 18/102 [11:26<48:26, 34.60s/it]
      45/50      17.6G     0.7801      0.502      1.004       1050        640:  19%|█▊        | 19/102 [11:26<42:23, 30.65s/it]
      45/50      17.6G     0.7813     0.5015      1.004       1199        640:  19%|█▊        | 19/102 [12:05<42:23, 30.65s/it]
      45/50      17.6G     0.7813     0.5015      1.004       1199        640:  20%|█▉        | 20/102 [12:05<45:05, 33.00s/it]
      45/50      17.6G     0.7811     0.5009      1.004       1146        640:  20%|█▉        | 20/102 [12:41<45:05, 33.00s/it]
      45/50      17.6G     0.7811     0.5009      1.004       1146        640:  21%|██        | 21/102 [12:41<45:45, 33.90s/it]
      45/50      17.6G     0.7809     0.5001      1.004       1230        640:  21%|██        | 21/102 [13:15<45:45, 33.90s/it]
      45/50      17.6G     0.7809     0.5001      1.004       1230        640:  22%|██▏       | 22/102 [13:15<45:03, 33.80s/it]
      45/50      17.6G     0.7792      0.499      1.004       1179        640:  22%|██▏       | 22/102 [13:56<45:03, 33.80s/it]
      45/50      17.6G     0.7792      0.499      1.004       1179        640:  23%|██▎       | 23/102 [13:56<47:35, 36.14s/it]
      45/50      17.6G     0.7798     0.4991      1.004       1050        640:  23%|██▎       | 23/102 [14:38<47:35, 36.14s/it]
      45/50      17.6G     0.7798     0.4991      1.004       1050        640:  24%|██▎       | 24/102 [14:38<49:02, 37.72s/it]
      45/50      17.6G       0.78     0.4988      1.004       1106        640:  24%|██▎       | 24/102 [15:09<49:02, 37.72s/it]
      45/50      17.6G       0.78     0.4988      1.004       1106        640:  25%|██▍       | 25/102 [15:09<46:00, 35.86s/it]
      45/50      17.6G     0.7801     0.4988      1.004       1189        640:  25%|██▍       | 25/102 [15:47<46:00, 35.86s/it]
      45/50      17.6G     0.7801     0.4988      1.004       1189        640:  25%|██▌       | 26/102 [15:47<46:10, 36.45s/it]
      45/50      17.6G     0.7787      0.499      1.005        909        640:  25%|██▌       | 26/102 [16:18<46:10, 36.45s/it]
      45/50      17.6G     0.7787      0.499      1.005        909        640:  26%|██▋       | 27/102 [16:18<43:30, 34.81s/it]
      45/50      17.6G      0.779     0.4988      1.004       1204        640:  26%|██▋       | 27/102 [16:46<43:30, 34.81s/it]
      45/50      17.6G      0.779     0.4988      1.004       1204        640:  27%|██▋       | 28/102 [16:46<40:28, 32.82s/it]
      45/50      17.6G     0.7779     0.4987      1.003       1017        640:  27%|██▋       | 28/102 [17:22<40:28, 32.82s/it]
      45/50      17.6G     0.7779     0.4987      1.003       1017        640:  28%|██▊       | 29/102 [17:22<40:55, 33.64s/it]
      45/50      17.6G     0.7768     0.4974      1.002       1097        640:  28%|██▊       | 29/102 [17:47<40:55, 33.64s/it]
      45/50      17.6G     0.7768     0.4974      1.002       1097        640:  29%|██▉       | 30/102 [17:47<37:24, 31.17s/it]
      45/50      17.6G     0.7777     0.4976      1.002       1202        640:  29%|██▉       | 30/102 [18:25<37:24, 31.17s/it]
      45/50      17.6G     0.7777     0.4976      1.002       1202        640:  30%|███       | 31/102 [18:25<39:18, 33.21s/it]
      45/50      17.6G     0.7797     0.4987      1.003       1138        640:  30%|███       | 31/102 [18:51<39:18, 33.21s/it]
      45/50      17.6G     0.7797     0.4987      1.003       1138        640:  31%|███▏      | 32/102 [18:51<36:14, 31.07s/it]
      45/50      17.6G     0.7798     0.4986      1.003       1110        640:  31%|███▏      | 32/102 [19:23<36:14, 31.07s/it]
      45/50      17.6G     0.7798     0.4986      1.003       1110        640:  32%|███▏      | 33/102 [19:23<36:05, 31.38s/it]
      45/50      17.6G     0.7809     0.4994      1.004       1095        640:  32%|███▏      | 33/102 [19:49<36:05, 31.38s/it]
      45/50      17.6G     0.7809     0.4994      1.004       1095        640:  33%|███▎      | 34/102 [19:49<33:34, 29.63s/it]
      45/50      17.6G     0.7807     0.4993      1.003       1070        640:  33%|███▎      | 34/102 [20:22<33:34, 29.63s/it]
      45/50      17.6G     0.7807     0.4993      1.003       1070        640:  34%|███▍      | 35/102 [20:22<34:12, 30.63s/it]
      45/50      17.6G      0.781     0.4992      1.003        971        640:  34%|███▍      | 35/102 [20:48<34:12, 30.63s/it]
      45/50      17.6G      0.781     0.4992      1.003        971        640:  35%|███▌      | 36/102 [20:48<32:17, 29.35s/it]
      45/50      17.6G     0.7811     0.4998      1.004        778        640:  35%|███▌      | 36/102 [21:24<32:17, 29.35s/it]
      45/50      17.6G     0.7811     0.4998      1.004        778        640:  36%|███▋      | 37/102 [21:24<33:58, 31.36s/it]
      45/50      17.6G     0.7826     0.5003      1.005       1056        640:  36%|███▋      | 37/102 [21:50<33:58, 31.36s/it]
      45/50      17.6G     0.7826     0.5003      1.005       1056        640:  37%|███▋      | 38/102 [21:50<31:37, 29.65s/it]
      45/50      17.6G     0.7835      0.501      1.005       1078        640:  37%|███▋      | 38/102 [22:25<31:37, 29.65s/it]
      45/50      17.6G     0.7835      0.501      1.005       1078        640:  38%|███▊      | 39/102 [22:25<32:58, 31.40s/it]
      45/50      17.6G     0.7838     0.5007      1.005       1069        640:  38%|███▊      | 39/102 [22:48<32:58, 31.40s/it]
      45/50      17.6G     0.7838     0.5007      1.005       1069        640:  39%|███▉      | 40/102 [22:48<29:43, 28.76s/it]
      45/50      17.6G      0.784     0.5009      1.005       1078        640:  39%|███▉      | 40/102 [23:20<29:43, 28.76s/it]
      45/50      17.6G      0.784     0.5009      1.005       1078        640:  40%|████      | 41/102 [23:20<30:20, 29.84s/it]
      45/50      17.6G     0.7853     0.5022      1.006       1074        640:  40%|████      | 41/102 [23:44<30:20, 29.84s/it]
      45/50      17.6G     0.7853     0.5022      1.006       1074        640:  41%|████      | 42/102 [23:44<28:08, 28.15s/it]
      45/50      17.6G     0.7853      0.502      1.005       1244        640:  41%|████      | 42/102 [24:24<28:08, 28.15s/it]
      45/50      17.6G     0.7853      0.502      1.005       1244        640:  42%|████▏     | 43/102 [24:24<31:05, 31.61s/it]
      45/50      17.6G     0.7851     0.5018      1.005       1103        640:  42%|████▏     | 43/102 [24:49<31:05, 31.61s/it]
      45/50      17.6G     0.7851     0.5018      1.005       1103        640:  43%|████▎     | 44/102 [24:49<28:29, 29.47s/it]
      45/50      17.6G     0.7848     0.5014      1.004       1243        640:  43%|████▎     | 44/102 [25:23<28:29, 29.47s/it]
      45/50      17.6G     0.7848     0.5014      1.004       1243        640:  44%|████▍     | 45/102 [25:23<29:31, 31.07s/it]
      45/50      17.6G     0.7853     0.5016      1.004       1083        640:  44%|████▍     | 45/102 [25:50<29:31, 31.07s/it]
      45/50      17.6G     0.7853     0.5016      1.004       1083        640:  45%|████▌     | 46/102 [25:50<27:42, 29.68s/it]
      45/50      17.6G     0.7856     0.5014      1.004       1146        640:  45%|████▌     | 46/102 [26:20<27:42, 29.68s/it]
      45/50      17.6G     0.7856     0.5014      1.004       1146        640:  46%|████▌     | 47/102 [26:20<27:19, 29.80s/it]
      45/50      17.6G     0.7865     0.5018      1.004       1164        640:  46%|████▌     | 47/102 [26:44<27:19, 29.80s/it]
      45/50      17.6G     0.7865     0.5018      1.004       1164        640:  47%|████▋     | 48/102 [26:44<25:08, 27.94s/it]
      45/50      17.6G     0.7854     0.5019      1.003       1058        640:  47%|████▋     | 48/102 [27:19<25:08, 27.94s/it]
      45/50      17.6G     0.7854     0.5019      1.003       1058        640:  48%|████▊     | 49/102 [27:19<26:46, 30.31s/it]
      45/50      17.6G     0.7857     0.5017      1.003       1194        640:  48%|████▊     | 49/102 [27:44<26:46, 30.31s/it]
      45/50      17.6G     0.7857     0.5017      1.003       1194        640:  49%|████▉     | 50/102 [27:44<24:44, 28.56s/it]
      45/50      17.6G      0.786     0.5015      1.003       1194        640:  49%|████▉     | 50/102 [28:16<24:44, 28.56s/it]
      45/50      17.6G      0.786     0.5015      1.003       1194        640:  50%|█████     | 51/102 [28:16<25:15, 29.72s/it]
      45/50      17.6G     0.7865      0.502      1.003       1136        640:  50%|█████     | 51/102 [28:40<25:15, 29.72s/it]
      45/50      17.6G     0.7865      0.502      1.003       1136        640:  51%|█████     | 52/102 [28:40<23:09, 27.79s/it]
      45/50      17.6G      0.786     0.5014      1.003       1165        640:  51%|█████     | 52/102 [29:07<23:09, 27.79s/it]
      45/50      17.6G      0.786     0.5014      1.003       1165        640:  52%|█████▏    | 53/102 [29:07<22:33, 27.62s/it]
      45/50      17.6G     0.7856     0.5018      1.003        928        640:  52%|█████▏    | 53/102 [29:32<22:33, 27.62s/it]
      45/50      17.6G     0.7856     0.5018      1.003        928        640:  53%|█████▎    | 54/102 [29:32<21:25, 26.78s/it]
      45/50      17.6G     0.7854     0.5019      1.003       1003        640:  53%|█████▎    | 54/102 [30:02<21:25, 26.78s/it]
      45/50      17.6G     0.7854     0.5019      1.003       1003        640:  54%|█████▍    | 55/102 [30:02<21:46, 27.79s/it]
      45/50      17.6G     0.7861     0.5018      1.003       1163        640:  54%|█████▍    | 55/102 [30:32<21:46, 27.79s/it]
      45/50      17.6G     0.7861     0.5018      1.003       1163        640:  55%|█████▍    | 56/102 [30:32<21:52, 28.54s/it]
      45/50      17.6G     0.7852     0.5013      1.003       1067        640:  55%|█████▍    | 56/102 [31:05<21:52, 28.54s/it]
      45/50      17.6G     0.7852     0.5013      1.003       1067        640:  56%|█████▌    | 57/102 [31:05<22:23, 29.86s/it]
      45/50      17.6G     0.7852     0.5011      1.003       1078        640:  56%|█████▌    | 57/102 [31:29<22:23, 29.86s/it]
      45/50      17.6G     0.7852     0.5011      1.003       1078        640:  57%|█████▋    | 58/102 [31:29<20:37, 28.13s/it]
      45/50      17.6G     0.7849     0.5007      1.003        943        640:  57%|█████▋    | 58/102 [32:00<20:37, 28.13s/it]
      45/50      17.6G     0.7849     0.5007      1.003        943        640:  58%|█████▊    | 59/102 [32:00<20:45, 28.96s/it]
      45/50      17.6G     0.7845     0.5004      1.003       1094        640:  58%|█████▊    | 59/102 [32:25<20:45, 28.96s/it]
      45/50      17.6G     0.7845     0.5004      1.003       1094        640:  59%|█████▉    | 60/102 [32:25<19:31, 27.90s/it]
      45/50      17.6G     0.7847     0.5006      1.003        997        640:  59%|█████▉    | 60/102 [32:55<19:31, 27.90s/it]
      45/50      17.6G     0.7847     0.5006      1.003        997        640:  60%|█████▉    | 61/102 [32:55<19:31, 28.57s/it]
      45/50      17.6G     0.7843     0.5001      1.003       1074        640:  60%|█████▉    | 61/102 [33:20<19:31, 28.57s/it]
      45/50      17.6G     0.7843     0.5001      1.003       1074        640:  61%|██████    | 62/102 [33:20<18:16, 27.41s/it]
      45/50      17.6G     0.7833     0.4993      1.002       1052        640:  61%|██████    | 62/102 [33:58<18:16, 27.41s/it]
      45/50      17.6G     0.7833     0.4993      1.002       1052        640:  62%|██████▏   | 63/102 [33:58<19:54, 30.63s/it]
      45/50      17.6G     0.7827     0.4989      1.002        953        640:  62%|██████▏   | 63/102 [34:25<19:54, 30.63s/it]
      45/50      17.6G     0.7827     0.4989      1.002        953        640:  63%|██████▎   | 64/102 [34:25<18:40, 29.50s/it]
      45/50      17.6G     0.7827     0.4986      1.002       1107        640:  63%|██████▎   | 64/102 [35:02<18:40, 29.50s/it]
      45/50      17.6G     0.7827     0.4986      1.002       1107        640:  64%|██████▎   | 65/102 [35:02<19:37, 31.83s/it]
      45/50      17.6G     0.7823     0.4984      1.002       1012        640:  64%|██████▎   | 65/102 [35:33<19:37, 31.83s/it]
      45/50      17.6G     0.7823     0.4984      1.002       1012        640:  65%|██████▍   | 66/102 [35:33<18:48, 31.35s/it]
      45/50      17.6G     0.7827     0.4981      1.002       1134        640:  65%|██████▍   | 66/102 [36:03<18:48, 31.35s/it]
      45/50      17.6G     0.7827     0.4981      1.002       1134        640:  66%|██████▌   | 67/102 [36:03<18:03, 30.96s/it]
      45/50      17.6G     0.7824      0.498      1.003       1003        640:  66%|██████▌   | 67/102 [36:25<18:03, 30.96s/it]
      45/50      17.6G     0.7824      0.498      1.003       1003        640:  67%|██████▋   | 68/102 [36:25<16:06, 28.44s/it]
      45/50      17.6G      0.783      0.498      1.003       1168        640:  67%|██████▋   | 68/102 [37:00<16:06, 28.44s/it]
      45/50      17.6G      0.783      0.498      1.003       1168        640:  68%|██████▊   | 69/102 [37:00<16:36, 30.20s/it]
      45/50      17.6G      0.783     0.4979      1.003       1133        640:  68%|██████▊   | 69/102 [37:32<16:36, 30.20s/it]
      45/50      17.6G      0.783     0.4979      1.003       1133        640:  69%|██████▊   | 70/102 [37:32<16:28, 30.88s/it]
      45/50      17.6G      0.783     0.4977      1.003       1104        640:  69%|██████▊   | 70/102 [38:04<16:28, 30.88s/it]
      45/50      17.6G      0.783     0.4977      1.003       1104        640:  70%|██████▉   | 71/102 [38:04<16:06, 31.18s/it]
      45/50      17.6G     0.7826     0.4973      1.003       1052        640:  70%|██████▉   | 71/102 [38:30<16:06, 31.18s/it]
      45/50      17.6G     0.7826     0.4973      1.003       1052        640:  71%|███████   | 72/102 [38:30<14:48, 29.63s/it]
      45/50      17.6G     0.7826     0.4972      1.003       1036        640:  71%|███████   | 72/102 [39:08<14:48, 29.63s/it]
      45/50      17.6G     0.7826     0.4972      1.003       1036        640:  72%|███████▏  | 73/102 [39:08<15:30, 32.08s/it]
      45/50      17.6G     0.7829     0.4975      1.003       1229        640:  72%|███████▏  | 73/102 [39:35<15:30, 32.08s/it]
      45/50      17.6G     0.7829     0.4975      1.003       1229        640:  73%|███████▎  | 74/102 [39:35<14:13, 30.48s/it]
      45/50      17.6G     0.7828     0.4973      1.003        927        640:  73%|███████▎  | 74/102 [40:07<14:13, 30.48s/it]
      45/50      17.6G     0.7828     0.4973      1.003        927        640:  74%|███████▎  | 75/102 [40:07<14:01, 31.18s/it]
      45/50      17.6G     0.7826      0.497      1.003        990        640:  74%|███████▎  | 75/102 [40:32<14:01, 31.18s/it]
      45/50      17.6G     0.7826      0.497      1.003        990        640:  75%|███████▍  | 76/102 [40:32<12:38, 29.18s/it]
      45/50      17.6G      0.783     0.4973      1.003        943        640:  75%|███████▍  | 76/102 [41:05<12:38, 29.18s/it]
      45/50      17.6G      0.783     0.4973      1.003        943        640:  75%|███████▌  | 77/102 [41:05<12:38, 30.33s/it]
      45/50      17.6G     0.7829     0.4972      1.003       1065        640:  75%|███████▌  | 77/102 [41:28<12:38, 30.33s/it]
      45/50      17.6G     0.7829     0.4972      1.003       1065        640:  76%|███████▋  | 78/102 [41:28<11:17, 28.24s/it]
      45/50      17.6G     0.7833     0.4974      1.003       1034        640:  76%|███████▋  | 78/102 [42:00<11:17, 28.24s/it]
      45/50      17.6G     0.7833     0.4974      1.003       1034        640:  77%|███████▋  | 79/102 [42:00<11:16, 29.41s/it]
      45/50      17.6G     0.7833     0.4973      1.003        982        640:  77%|███████▋  | 79/102 [42:33<11:16, 29.41s/it]
      45/50      17.6G     0.7833     0.4973      1.003        982        640:  78%|███████▊  | 80/102 [42:33<11:10, 30.49s/it]
      45/50      17.6G     0.7831     0.4971      1.003        972        640:  78%|███████▊  | 80/102 [42:58<11:10, 30.49s/it]
      45/50      17.6G     0.7831     0.4971      1.003        972        640:  79%|███████▉  | 81/102 [42:58<10:01, 28.65s/it]
      45/50      17.6G     0.7825     0.4968      1.003        870        640:  79%|███████▉  | 81/102 [43:37<10:01, 28.65s/it]
      45/50      17.6G     0.7825     0.4968      1.003        870        640:  80%|████████  | 82/102 [43:37<10:36, 31.85s/it]
      45/50      17.6G     0.7823     0.4967      1.003       1160        640:  80%|████████  | 82/102 [44:04<10:36, 31.85s/it]
      45/50      17.6G     0.7823     0.4967      1.003       1160        640:  81%|████████▏ | 83/102 [44:04<09:37, 30.37s/it]
      45/50      17.6G     0.7822     0.4964      1.003       1123        640:  81%|████████▏ | 83/102 [44:30<09:37, 30.37s/it]
      45/50      17.6G     0.7822     0.4964      1.003       1123        640:  82%|████████▏ | 84/102 [44:30<08:43, 29.11s/it]
      45/50      17.6G     0.7822     0.4962      1.003       1298        640:  82%|████████▏ | 84/102 [44:56<08:43, 29.11s/it]
      45/50      17.6G     0.7822     0.4962      1.003       1298        640:  83%|████████▎ | 85/102 [44:56<07:59, 28.21s/it]
      45/50      17.6G     0.7823     0.4964      1.003       1075        640:  83%|████████▎ | 85/102 [45:24<07:59, 28.21s/it]
      45/50      17.6G     0.7823     0.4964      1.003       1075        640:  84%|████████▍ | 86/102 [45:24<07:27, 27.99s/it]
      45/50      17.6G     0.7827     0.4965      1.003       1377        640:  84%|████████▍ | 86/102 [45:53<07:27, 27.99s/it]
      45/50      17.6G     0.7827     0.4965      1.003       1377        640:  85%|████████▌ | 87/102 [45:53<07:04, 28.32s/it]
      45/50      17.6G     0.7825     0.4963      1.003       1015        640:  85%|████████▌ | 87/102 [46:16<07:04, 28.32s/it]
      45/50      17.6G     0.7825     0.4963      1.003       1015        640:  86%|████████▋ | 88/102 [46:16<06:15, 26.85s/it]
      45/50      17.6G     0.7829     0.4967      1.003        986        640:  86%|████████▋ | 88/102 [46:39<06:15, 26.85s/it]
      45/50      17.6G     0.7829     0.4967      1.003        986        640:  87%|████████▋ | 89/102 [46:39<05:34, 25.74s/it]
      45/50      17.6G     0.7829     0.4967      1.003       1010        640:  87%|████████▋ | 89/102 [47:19<05:34, 25.74s/it]
      45/50      17.6G     0.7829     0.4967      1.003       1010        640:  88%|████████▊ | 90/102 [47:19<05:57, 29.80s/it]
      45/50      17.6G      0.783     0.4965      1.003       1210        640:  88%|████████▊ | 90/102 [47:43<05:57, 29.80s/it]
      45/50      17.6G      0.783     0.4965      1.003       1210        640:  89%|████████▉ | 91/102 [47:43<05:09, 28.13s/it]
      45/50      17.6G      0.783     0.4965      1.003       1168        640:  89%|████████▉ | 91/102 [48:13<05:09, 28.13s/it]
      45/50      17.6G      0.783     0.4965      1.003       1168        640:  90%|█████████ | 92/102 [48:13<04:46, 28.69s/it]
      45/50      17.6G     0.7832     0.4967      1.003       1142        640:  90%|█████████ | 92/102 [48:37<04:46, 28.69s/it]
      45/50      17.6G     0.7832     0.4967      1.003       1142        640:  91%|█████████ | 93/102 [48:37<04:05, 27.29s/it]
      45/50      17.6G     0.7834      0.497      1.003       1006        640:  91%|█████████ | 93/102 [49:05<04:05, 27.29s/it]
      45/50      17.6G     0.7834      0.497      1.003       1006        640:  92%|█████████▏| 94/102 [49:05<03:39, 27.40s/it]
      45/50      17.6G     0.7842     0.4973      1.004       1332        640:  92%|█████████▏| 94/102 [49:36<03:39, 27.40s/it]
      45/50      17.6G     0.7842     0.4973      1.004       1332        640:  93%|█████████▎| 95/102 [49:36<03:20, 28.59s/it]
      45/50      17.6G     0.7843     0.4973      1.004       1010        640:  93%|█████████▎| 95/102 [49:59<03:20, 28.59s/it]
      45/50      17.6G     0.7843     0.4973      1.004       1010        640:  94%|█████████▍| 96/102 [49:59<02:42, 27.04s/it]
      45/50      17.6G     0.7846     0.4975      1.004        857        640:  94%|█████████▍| 96/102 [50:30<02:42, 27.04s/it]
      45/50      17.6G     0.7846     0.4975      1.004        857        640:  95%|█████████▌| 97/102 [50:30<02:19, 27.99s/it]
      45/50      17.6G     0.7847     0.4974      1.004       1163        640:  95%|█████████▌| 97/102 [50:53<02:19, 27.99s/it]
      45/50      17.6G     0.7847     0.4974      1.004       1163        640:  96%|█████████▌| 98/102 [50:53<01:46, 26.52s/it]
      45/50      17.6G     0.7843      0.497      1.004       1241        640:  96%|█████████▌| 98/102 [51:21<01:46, 26.52s/it]
      45/50      17.6G     0.7843      0.497      1.004       1241        640:  97%|█████████▋| 99/102 [51:21<01:21, 27.09s/it]
      45/50      17.6G     0.7842     0.4968      1.004       1121        640:  97%|█████████▋| 99/102 [51:43<01:21, 27.09s/it]
      45/50      17.6G     0.7842     0.4968      1.004       1121        640:  98%|█████████▊| 100/102 [51:43<00:51, 25.69s/it]
      45/50      17.6G     0.7841     0.4969      1.004       1399        640:  98%|█████████▊| 100/102 [52:13<00:51, 25.69s/it]
      45/50      17.6G     0.7841     0.4969      1.004       1399        640:  99%|█████████▉| 101/102 [52:13<00:26, 26.86s/it]
      45/50      17.6G     0.7834     0.4965      1.003        273        640:  99%|█████████▉| 101/102 [52:19<00:26, 26.86s/it]
      45/50      17.6G     0.7834     0.4965      1.003        273        640: 100%|██████████| 102/102 [52:19<00:00, 20.47s/it]
      45/50      17.6G     0.7834     0.4965      1.003        273        640: 100%|██████████| 102/102 [52:19<00:00, 30.78s/it]

                 Class     Images  Instances      Box(P          R      mAP50  mAP50-95):   0%|          | 0/13 [00:00<?, ?it/s]
                 Class     Images  Instances      Box(P          R      mAP50  mAP50-95):   8%|▊         | 1/13 [00:00<00:03,  3.40it/s]
                 Class     Images  Instances      Box(P          R      mAP50  mAP50-95):  15%|█▌        | 2/13 [00:00<00:03,  3.39it/s]
                 Class     Images  Instances      Box(P          R      mAP50  mAP50-95):  23%|██▎       | 3/13 [00:00<00:02,  3.51it/s]
                 Class     Images  Instances      Box(P          R      mAP50  mAP50-95):  31%|███       | 4/13 [00:01<00:02,  3.61it/s]
                 Class     Images  Instances      Box(P          R      mAP50  mAP50-95):  38%|███▊      | 5/13 [01:55<05:30, 41.34s/it]
                 Class     Images  Instances      Box(P          R      mAP50  mAP50-95):  46%|████▌     | 6/13 [01:56<03:13, 27.58s/it]
                 Class     Images  Instances      Box(P          R      mAP50  mAP50-95):  54%|█████▍    | 7/13 [03:18<04:33, 45.55s/it]
                 Class     Images  Instances      Box(P          R      mAP50  mAP50-95):  62%|██████▏   | 8/13 [03:18<02:35, 31.14s/it]
                 Class     Images  Instances      Box(P          R      mAP50  mAP50-95):  69%|██████▉   | 9/13 [05:35<04:16, 64.11s/it]
                 Class     Images  Instances      Box(P          R      mAP50  mAP50-95):  77%|███████▋  | 10/13 [05:35<02:13, 44.40s/it]
                 Class     Images  Instances      Box(P          R      mAP50  mAP50-95):  85%|████████▍ | 11/13 [07:44<02:20, 70.09s/it]
                 Class     Images  Instances      Box(P          R      mAP50  mAP50-95):  92%|█████████▏| 12/13 [07:44<00:48, 48.85s/it]
                 Class     Images  Instances      Box(P          R      mAP50  mAP50-95): 100%|██████████| 13/13 [08:26<00:00, 46.74s/it]
                 Class     Images  Instances      Box(P          R      mAP50  mAP50-95): 100%|██████████| 13/13 [08:26<00:00, 38.95s/it]
                   all       1620      15401      0.705       0.55       0.59       0.38

      Epoch    GPU_mem   box_loss   cls_loss   dfl_loss  Instances       Size

  0%|          | 0/102 [00:00<?, ?it/s]
      46/50      15.8G     0.7794     0.4926     0.9967       1230        640:   0%|          | 0/102 [00:00<?, ?it/s]
      46/50      15.8G     0.7794     0.4926     0.9967       1230        640:   1%|          | 1/102 [00:00<00:17,  5.68it/s]
      46/50      16.3G     0.7829      0.487     0.9888       1190        640:   1%|          | 1/102 [00:00<00:17,  5.68it/s]
      46/50      16.3G     0.7829      0.487     0.9888       1190        640:   2%|▏         | 2/102 [00:00<00:18,  5.52it/s]
      46/50      16.3G     0.7787     0.4884     0.9967       1013        640:   2%|▏         | 2/102 [01:20<00:18,  5.52it/s]
      46/50      16.3G     0.7787     0.4884     0.9967       1013        640:   3%|▎         | 3/102 [01:20<1:00:42, 36.79s/it]
      46/50      16.3G     0.7731      0.489     0.9966       1091        640:   3%|▎         | 3/102 [02:15<1:00:42, 36.79s/it]
      46/50      16.3G     0.7731      0.489     0.9966       1091        640:   4%|▍         | 4/102 [02:15<1:11:53, 44.02s/it]
      46/50      16.3G     0.7817     0.4914      1.006        944        640:   4%|▍         | 4/102 [03:15<1:11:53, 44.02s/it]
      46/50      16.3G     0.7817     0.4914      1.006        944        640:   5%|▍         | 5/102 [03:15<1:20:03, 49.52s/it]
      46/50      16.3G     0.7737     0.4871      1.004       1051        640:   5%|▍         | 5/102 [03:56<1:20:03, 49.52s/it]
      46/50      16.3G     0.7737     0.4871      1.004       1051        640:   6%|▌         | 6/102 [03:56<1:14:51, 46.78s/it]
      46/50      16.3G     0.7706     0.4844      1.002       1069        640:   6%|▌         | 6/102 [04:30<1:14:51, 46.78s/it]
      46/50      16.3G     0.7706     0.4844      1.002       1069        640:   7%|▋         | 7/102 [04:30<1:07:23, 42.56s/it]
      46/50      16.3G     0.7742     0.4855      1.001       1217        640:   7%|▋         | 7/102 [04:55<1:07:23, 42.56s/it]
      46/50      16.3G     0.7742     0.4855      1.001       1217        640:   8%|▊         | 8/102 [04:55<58:10, 37.13s/it]
      46/50      16.9G     0.7821     0.4908      1.002       1224        640:   8%|▊         | 8/102 [05:28<58:10, 37.13s/it]
      46/50      16.9G     0.7821     0.4908      1.002       1224        640:   9%|▉         | 9/102 [05:28<55:23, 35.74s/it]
      46/50      16.9G     0.7857     0.4918      1.002       1077        640:   9%|▉         | 9/102 [05:54<55:23, 35.74s/it]
      46/50      16.9G     0.7857     0.4918      1.002       1077        640:  10%|▉         | 10/102 [05:54<49:56, 32.57s/it]
      46/50      16.9G     0.7835     0.4904      1.003       1025        640:  10%|▉         | 10/102 [06:30<49:56, 32.57s/it]
      46/50      16.9G     0.7835     0.4904      1.003       1025        640:  11%|█         | 11/102 [06:30<51:16, 33.81s/it]
      46/50      17.6G     0.7834     0.4916      1.003       1104        640:  11%|█         | 11/102 [06:54<51:16, 33.81s/it]
      46/50      17.6G     0.7834     0.4916      1.003       1104        640:  12%|█▏        | 12/102 [06:54<46:04, 30.72s/it]
      46/50      17.6G     0.7858     0.4929      1.007       1000        640:  12%|█▏        | 12/102 [07:28<46:04, 30.72s/it]
      46/50      17.6G     0.7858     0.4929      1.007       1000        640:  13%|█▎        | 13/102 [07:28<47:01, 31.70s/it]
      46/50      17.6G     0.7872     0.4947      1.007       1206        640:  13%|█▎        | 13/102 [07:56<47:01, 31.70s/it]
      46/50      17.6G     0.7872     0.4947      1.007       1206        640:  14%|█▎        | 14/102 [07:56<44:50, 30.57s/it]
      46/50      17.6G     0.7865     0.4942      1.007       1086        640:  14%|█▎        | 14/102 [08:30<44:50, 30.57s/it]
      46/50      17.6G     0.7865     0.4942      1.007       1086        640:  15%|█▍        | 15/102 [08:30<45:57, 31.70s/it]
      46/50      17.6G     0.7837     0.4935      1.007        885        640:  15%|█▍        | 15/102 [08:55<45:57, 31.70s/it]
      46/50      17.6G     0.7837     0.4935      1.007        885        640:  16%|█▌        | 16/102 [08:55<42:34, 29.71s/it]
      46/50      17.6G     0.7823     0.4923      1.006       1173        640:  16%|█▌        | 16/102 [09:28<42:34, 29.71s/it]
      46/50      17.6G     0.7823     0.4923      1.006       1173        640:  17%|█▋        | 17/102 [09:28<43:27, 30.67s/it]
      46/50      17.6G     0.7815     0.4911      1.006       1068        640:  17%|█▋        | 17/102 [09:55<43:27, 30.67s/it]
      46/50      17.6G     0.7815     0.4911      1.006       1068        640:  18%|█▊        | 18/102 [09:55<41:12, 29.44s/it]
      46/50      17.6G     0.7798     0.4893      1.005       1065        640:  18%|█▊        | 18/102 [10:27<41:12, 29.44s/it]
      46/50      17.6G     0.7798     0.4893      1.005       1065        640:  19%|█▊        | 19/102 [10:27<41:50, 30.25s/it]
      46/50      17.6G     0.7802     0.4891      1.005        993        640:  19%|█▊        | 19/102 [10:51<41:50, 30.25s/it]
      46/50      17.6G     0.7802     0.4891      1.005        993        640:  20%|█▉        | 20/102 [10:51<38:59, 28.53s/it]
      46/50      17.6G      0.784     0.4923      1.005       1247        640:  20%|█▉        | 20/102 [11:23<38:59, 28.53s/it]
      46/50      17.6G      0.784     0.4923      1.005       1247        640:  21%|██        | 21/102 [11:23<39:50, 29.52s/it]
      46/50      17.6G     0.7847     0.4924      1.006       1081        640:  21%|██        | 21/102 [11:49<39:50, 29.52s/it]
      46/50      17.6G     0.7847     0.4924      1.006       1081        640:  22%|██▏       | 22/102 [11:49<38:01, 28.52s/it]
      46/50      17.6G      0.786     0.4932      1.006       1262        640:  22%|██▏       | 22/102 [12:26<38:01, 28.52s/it]
      46/50      17.6G      0.786     0.4932      1.006       1262        640:  23%|██▎       | 23/102 [12:26<40:43, 30.93s/it]
      46/50      17.6G     0.7844     0.4933      1.004       1168        640:  23%|██▎       | 23/102 [12:50<40:43, 30.93s/it]
      46/50      17.6G     0.7844     0.4933      1.004       1168        640:  24%|██▎       | 24/102 [12:50<37:33, 28.89s/it]
      46/50      17.6G      0.783     0.4929      1.004       1110        640:  24%|██▎       | 24/102 [13:19<37:33, 28.89s/it]
      46/50      17.6G      0.783     0.4929      1.004       1110        640:  25%|██▍       | 25/102 [13:19<36:58, 28.81s/it]
      46/50      17.6G     0.7826     0.4929      1.004        985        640:  25%|██▍       | 25/102 [13:47<36:58, 28.81s/it]
      46/50      17.6G     0.7826     0.4929      1.004        985        640:  25%|██▌       | 26/102 [13:47<36:08, 28.53s/it]
      46/50      17.6G     0.7824     0.4929      1.003       1221        640:  25%|██▌       | 26/102 [14:16<36:08, 28.53s/it]
      46/50      17.6G     0.7824     0.4929      1.003       1221        640:  26%|██▋       | 27/102 [14:16<35:59, 28.80s/it]
      46/50      17.6G     0.7828     0.4924      1.002       1174        640:  26%|██▋       | 27/102 [14:48<35:59, 28.80s/it]
      46/50      17.6G     0.7828     0.4924      1.002       1174        640:  27%|██▋       | 28/102 [14:48<36:53, 29.91s/it]
      46/50      17.6G     0.7824     0.4931      1.003        786        640:  27%|██▋       | 28/102 [15:15<36:53, 29.91s/it]
      46/50      17.6G     0.7824     0.4931      1.003        786        640:  28%|██▊       | 29/102 [15:15<35:02, 28.81s/it]
      46/50      17.6G     0.7824     0.4929      1.004        944        640:  28%|██▊       | 29/102 [15:48<35:02, 28.81s/it]
      46/50      17.6G     0.7824     0.4929      1.004        944        640:  29%|██▉       | 30/102 [15:48<36:02, 30.04s/it]
      46/50      17.6G     0.7819     0.4924      1.003       1172        640:  29%|██▉       | 30/102 [16:21<36:02, 30.04s/it]
      46/50      17.6G     0.7819     0.4924      1.003       1172        640:  30%|███       | 31/102 [16:21<36:40, 30.99s/it]
      46/50      17.6G     0.7817     0.4922      1.003       1250        640:  30%|███       | 31/102 [16:46<36:40, 30.99s/it]
      46/50      17.6G     0.7817     0.4922      1.003       1250        640:  31%|███▏      | 32/102 [16:46<34:02, 29.18s/it]
      46/50      18.5G      0.782     0.4922      1.002       1223        640:  31%|███▏      | 32/102 [17:11<34:02, 29.18s/it]
      46/50      18.5G      0.782     0.4922      1.002       1223        640:  32%|███▏      | 33/102 [17:11<32:19, 28.11s/it]
      46/50      19.5G     0.7821     0.4917      1.002       1065        640:  32%|███▏      | 33/102 [17:45<32:19, 28.11s/it]
      46/50      19.5G     0.7821     0.4917      1.002       1065        640:  33%|███▎      | 34/102 [17:45<33:51, 29.88s/it]
      46/50      19.5G     0.7817     0.4915      1.001       1112        640:  33%|███▎      | 34/102 [18:09<33:51, 29.88s/it]
      46/50      19.5G     0.7817     0.4915      1.001       1112        640:  34%|███▍      | 35/102 [18:09<31:19, 28.06s/it]
      46/50      19.5G     0.7814     0.4916      1.001       1184        640:  34%|███▍      | 35/102 [18:41<31:19, 28.06s/it]
      46/50      19.5G     0.7814     0.4916      1.001       1184        640:  35%|███▌      | 36/102 [18:41<32:11, 29.27s/it]
      46/50      19.5G     0.7811     0.4913      1.001       1182        640:  35%|███▌      | 36/102 [19:06<32:11, 29.27s/it]
      46/50      19.5G     0.7811     0.4913      1.001       1182        640:  36%|███▋      | 37/102 [19:06<30:09, 27.85s/it]
      46/50      19.5G     0.7798     0.4906      1.001        915        640:  36%|███▋      | 37/102 [19:38<30:09, 27.85s/it]
      46/50      19.5G     0.7798     0.4906      1.001        915        640:  37%|███▋      | 38/102 [19:38<31:12, 29.26s/it]
      46/50      19.5G     0.7789     0.4906          1       1085        640:  37%|███▋      | 38/102 [20:05<31:12, 29.26s/it]
      46/50      19.5G     0.7789     0.4906          1       1085        640:  38%|███▊      | 39/102 [20:05<29:58, 28.55s/it]
      46/50      19.5G     0.7775     0.4902     0.9998        957        640:  38%|███▊      | 39/102 [20:33<29:58, 28.55s/it]
      46/50      19.5G     0.7775     0.4902     0.9998        957        640:  39%|███▉      | 40/102 [20:33<29:22, 28.43s/it]
      46/50      19.5G     0.7779     0.4909     0.9996       1152        640:  39%|███▉      | 40/102 [21:00<29:22, 28.43s/it]
      46/50      19.5G     0.7779     0.4909     0.9996       1152        640:  40%|████      | 41/102 [21:00<28:21, 27.90s/it]
      46/50      19.5G      0.778     0.4915          1        966        640:  40%|████      | 41/102 [21:27<28:21, 27.90s/it]
      46/50      19.5G      0.778     0.4915          1        966        640:  41%|████      | 42/102 [21:27<27:30, 27.51s/it]
      46/50      19.5G     0.7784     0.4924          1        918        640:  41%|████      | 42/102 [21:55<27:30, 27.51s/it]
      46/50      19.5G     0.7784     0.4924          1        918        640:  42%|████▏     | 43/102 [21:55<27:10, 27.63s/it]
      46/50      19.5G     0.7777     0.4918          1       1015        640:  42%|████▏     | 43/102 [22:28<27:10, 27.63s/it]
      46/50      19.5G     0.7777     0.4918          1       1015        640:  43%|████▎     | 44/102 [22:28<28:24, 29.39s/it]
      46/50      19.5G     0.7771     0.4922     0.9996        974        640:  43%|████▎     | 44/102 [22:56<28:24, 29.39s/it]
      46/50      19.5G     0.7771     0.4922     0.9996        974        640:  44%|████▍     | 45/102 [22:56<27:23, 28.83s/it]
      46/50      19.5G     0.7762     0.4913     0.9999        903        640:  44%|████▍     | 45/102 [23:28<27:23, 28.83s/it]
      46/50      19.5G     0.7762     0.4913     0.9999        903        640:  45%|████▌     | 46/102 [23:28<27:47, 29.77s/it]
      46/50      19.5G     0.7757     0.4911     0.9998       1078        640:  45%|████▌     | 46/102 [24:02<27:47, 29.77s/it]
      46/50      19.5G     0.7757     0.4911     0.9998       1078        640:  46%|████▌     | 47/102 [24:02<28:30, 31.11s/it]
      46/50      19.5G     0.7745     0.4902     0.9991       1178        640:  46%|████▌     | 47/102 [24:32<28:30, 31.11s/it]
      46/50      19.5G     0.7745     0.4902     0.9991       1178        640:  47%|████▋     | 48/102 [24:32<27:37, 30.69s/it]
      46/50      19.5G     0.7745     0.4902     0.9997       1097        640:  47%|████▋     | 48/102 [24:54<27:37, 30.69s/it]
      46/50      19.5G     0.7745     0.4902     0.9997       1097        640:  48%|████▊     | 49/102 [24:54<24:52, 28.17s/it]
      46/50      19.5G      0.774     0.4901     0.9997       1156        640:  48%|████▊     | 49/102 [25:23<24:52, 28.17s/it]
      46/50      19.5G      0.774     0.4901     0.9997       1156        640:  49%|████▉     | 50/102 [25:23<24:40, 28.48s/it]
      46/50      19.5G     0.7745     0.4904     0.9997       1126        640:  49%|████▉     | 50/102 [25:48<24:40, 28.48s/it]
      46/50      19.5G     0.7745     0.4904     0.9997       1126        640:  50%|█████     | 51/102 [25:48<23:13, 27.33s/it]
      46/50      20.7G     0.7744     0.4908     0.9998       1109        640:  50%|█████     | 51/102 [26:22<23:13, 27.33s/it]
      46/50      20.7G     0.7744     0.4908     0.9998       1109        640:  51%|█████     | 52/102 [26:22<24:37, 29.56s/it]
      46/50      20.7G     0.7746     0.4911          1        938        640:  51%|█████     | 52/102 [26:48<24:37, 29.56s/it]
      46/50      20.7G     0.7746     0.4911          1        938        640:  52%|█████▏    | 53/102 [26:48<23:03, 28.24s/it]
      46/50      20.7G     0.7741     0.4912      1.001       1036        640:  52%|█████▏    | 53/102 [27:19<23:03, 28.24s/it]
      46/50      20.7G     0.7741     0.4912      1.001       1036        640:  53%|█████▎    | 54/102 [27:19<23:18, 29.13s/it]
      46/50      20.7G     0.7743     0.4914      1.001        874        640:  53%|█████▎    | 54/102 [27:49<23:18, 29.13s/it]
      46/50      20.7G     0.7743     0.4914      1.001        874        640:  54%|█████▍    | 55/102 [27:49<23:04, 29.46s/it]
      46/50      20.7G     0.7737     0.4912      1.001        931        640:  54%|█████▍    | 55/102 [28:18<23:04, 29.46s/it]
      46/50      20.7G     0.7737     0.4912      1.001        931        640:  55%|█████▍    | 56/102 [28:18<22:34, 29.45s/it]
      46/50      20.7G      0.774     0.4914      1.001        963        640:  55%|█████▍    | 56/102 [28:51<22:34, 29.45s/it]
      46/50      20.7G      0.774     0.4914      1.001        963        640:  56%|█████▌    | 57/102 [28:51<22:49, 30.43s/it]
      46/50      20.7G     0.7734     0.4909      1.001       1083        640:  56%|█████▌    | 57/102 [29:13<22:49, 30.43s/it]
      46/50      20.7G     0.7734     0.4909      1.001       1083        640:  57%|█████▋    | 58/102 [29:13<20:30, 27.97s/it]
      46/50      20.7G     0.7732      0.491      1.001        879        640:  57%|█████▋    | 58/102 [29:44<20:30, 27.97s/it]
      46/50      20.7G     0.7732      0.491      1.001        879        640:  58%|█████▊    | 59/102 [29:44<20:36, 28.75s/it]
      46/50      20.7G      0.773     0.4914      1.001        918        640:  58%|█████▊    | 59/102 [30:13<20:36, 28.75s/it]
      46/50      20.7G      0.773     0.4914      1.001        918        640:  59%|█████▉    | 60/102 [30:13<20:13, 28.89s/it]
      46/50      20.7G     0.7726      0.491      1.001       1059        640:  59%|█████▉    | 60/102 [30:40<20:13, 28.89s/it]
      46/50      20.7G     0.7726      0.491      1.001       1059        640:  60%|█████▉    | 61/102 [30:40<19:15, 28.18s/it]
      46/50      20.7G     0.7723     0.4906      1.001        933        640:  60%|█████▉    | 61/102 [31:10<19:15, 28.18s/it]
      46/50      20.7G     0.7723     0.4906      1.001        933        640:  61%|██████    | 62/102 [31:10<19:11, 28.79s/it]
      46/50      20.7G     0.7722     0.4905      1.001       1083        640:  61%|██████    | 62/102 [31:38<19:11, 28.79s/it]
      46/50      20.7G     0.7722     0.4905      1.001       1083        640:  62%|██████▏   | 63/102 [31:38<18:29, 28.45s/it]
      46/50      20.7G     0.7726     0.4906      1.001       1070        640:  62%|██████▏   | 63/102 [32:09<18:29, 28.45s/it]
      46/50      20.7G     0.7726     0.4906      1.001       1070        640:  63%|██████▎   | 64/102 [32:09<18:35, 29.35s/it]
      46/50      20.7G     0.7723     0.4905      1.001       1013        640:  63%|██████▎   | 64/102 [32:42<18:35, 29.35s/it]
      46/50      20.7G     0.7723     0.4905      1.001       1013        640:  64%|██████▎   | 65/102 [32:42<18:45, 30.43s/it]
      46/50      20.7G     0.7732     0.4905      1.001       1199        640:  64%|██████▎   | 65/102 [33:06<18:45, 30.43s/it]
      46/50      20.7G     0.7732     0.4905      1.001       1199        640:  65%|██████▍   | 66/102 [33:06<17:02, 28.40s/it]
      46/50      20.7G     0.7733       0.49      1.001       1148        640:  65%|██████▍   | 66/102 [33:37<17:02, 28.40s/it]
      46/50      20.7G     0.7733       0.49      1.001       1148        640:  66%|██████▌   | 67/102 [33:37<17:06, 29.33s/it]
      46/50      20.7G     0.7735     0.4899          1       1234        640:  66%|██████▌   | 67/102 [34:10<17:06, 29.33s/it]
      46/50      20.7G     0.7735     0.4899          1       1234        640:  67%|██████▋   | 68/102 [34:10<17:14, 30.44s/it]
      46/50      20.7G     0.7737     0.4899          1       1077        640:  67%|██████▋   | 68/102 [34:41<17:14, 30.44s/it]
      46/50      20.7G     0.7737     0.4899          1       1077        640:  68%|██████▊   | 69/102 [34:41<16:45, 30.47s/it]
      46/50      20.7G     0.7741     0.4902          1       1159        640:  68%|██████▊   | 69/102 [35:09<16:45, 30.47s/it]
      46/50      20.7G     0.7741     0.4902          1       1159        640:  69%|██████▊   | 70/102 [35:09<15:53, 29.79s/it]
      46/50      20.7G     0.7742     0.4901          1       1170        640:  69%|██████▊   | 70/102 [35:39<15:53, 29.79s/it]
      46/50      20.7G     0.7742     0.4901          1       1170        640:  70%|██████▉   | 71/102 [35:39<15:22, 29.75s/it]
      46/50      20.7G     0.7744     0.4904          1       1050        640:  70%|██████▉   | 71/102 [36:08<15:22, 29.75s/it]
      46/50      20.7G     0.7744     0.4904          1       1050        640:  71%|███████   | 72/102 [36:08<14:48, 29.60s/it]
      46/50      20.7G     0.7747     0.4906          1       1181        640:  71%|███████   | 72/102 [36:41<14:48, 29.60s/it]
      46/50      20.7G     0.7747     0.4906          1       1181        640:  72%|███████▏  | 73/102 [36:41<14:48, 30.65s/it]
      46/50      20.7G     0.7743     0.4904          1       1193        640:  72%|███████▏  | 73/102 [37:08<14:48, 30.65s/it]
      46/50      20.7G     0.7743     0.4904          1       1193        640:  73%|███████▎  | 74/102 [37:08<13:49, 29.64s/it]
      46/50      20.7G     0.7741     0.4903          1        997        640:  73%|███████▎  | 74/102 [37:43<13:49, 29.64s/it]
      46/50      20.7G     0.7741     0.4903          1        997        640:  74%|███████▎  | 75/102 [37:43<13:59, 31.10s/it]
      46/50      20.7G     0.7742     0.4902          1       1012        640:  74%|███████▎  | 75/102 [38:09<13:59, 31.10s/it]
      46/50      20.7G     0.7742     0.4902          1       1012        640:  75%|███████▍  | 76/102 [38:09<12:53, 29.74s/it]
      46/50      20.7G     0.7738     0.4903          1        919        640:  75%|███████▍  | 76/102 [38:41<12:53, 29.74s/it]
      46/50      20.7G     0.7738     0.4903          1        919        640:  75%|███████▌  | 77/102 [38:41<12:35, 30.22s/it]
      46/50      20.7G     0.7736       0.49     0.9998       1198        640:  75%|███████▌  | 77/102 [39:04<12:35, 30.22s/it]
      46/50      20.7G     0.7736       0.49     0.9998       1198        640:  76%|███████▋  | 78/102 [39:04<11:16, 28.19s/it]
      46/50      20.7G     0.7732     0.4904     0.9999        972        640:  76%|███████▋  | 78/102 [39:39<11:16, 28.19s/it]
      46/50      20.7G     0.7732     0.4904     0.9999        972        640:  77%|███████▋  | 79/102 [39:39<11:32, 30.10s/it]
      46/50      20.7G     0.7732     0.4904     0.9997       1310        640:  77%|███████▋  | 79/102 [40:09<11:32, 30.10s/it]
      46/50      20.7G     0.7732     0.4904     0.9997       1310        640:  78%|███████▊  | 80/102 [40:09<11:04, 30.21s/it]
      46/50      20.7G     0.7731     0.4902     0.9994       1230        640:  78%|███████▊  | 80/102 [40:38<11:04, 30.21s/it]
      46/50      20.7G     0.7731     0.4902     0.9994       1230        640:  79%|███████▉  | 81/102 [40:38<10:27, 29.86s/it]
      46/50      20.7G     0.7731     0.4902     0.9995       1115        640:  79%|███████▉  | 81/102 [41:06<10:27, 29.86s/it]
      46/50      20.7G     0.7731     0.4902     0.9995       1115        640:  80%|████████  | 82/102 [41:06<09:46, 29.32s/it]
      46/50      20.7G     0.7729       0.49     0.9994       1130        640:  80%|████████  | 82/102 [41:29<09:46, 29.32s/it]
      46/50      20.7G     0.7729       0.49     0.9994       1130        640:  81%|████████▏ | 83/102 [41:29<08:39, 27.34s/it]
      46/50      20.7G     0.7728     0.4898     0.9992        991        640:  81%|████████▏ | 83/102 [41:58<08:39, 27.34s/it]
      46/50      20.7G     0.7728     0.4898     0.9992        991        640:  82%|████████▏ | 84/102 [41:58<08:20, 27.82s/it]
      46/50      20.7G      0.773     0.4898     0.9994        914        640:  82%|████████▏ | 84/102 [42:32<08:20, 27.82s/it]
      46/50      20.7G      0.773     0.4898     0.9994        914        640:  83%|████████▎ | 85/102 [42:32<08:27, 29.86s/it]
      46/50      20.7G     0.7729     0.4896     0.9991       1033        640:  83%|████████▎ | 85/102 [43:02<08:27, 29.86s/it]
      46/50      20.7G     0.7729     0.4896     0.9991       1033        640:  84%|████████▍ | 86/102 [43:02<07:55, 29.70s/it]
      46/50      20.7G      0.773     0.4892     0.9991       1133        640:  84%|████████▍ | 86/102 [43:31<07:55, 29.70s/it]
      46/50      20.7G      0.773     0.4892     0.9991       1133        640:  85%|████████▌ | 87/102 [43:31<07:21, 29.44s/it]
      46/50      20.7G     0.7727      0.489     0.9989       1096        640:  85%|████████▌ | 87/102 [44:09<07:21, 29.44s/it]
      46/50      20.7G     0.7727      0.489     0.9989       1096        640:  86%|████████▋ | 88/102 [44:09<07:30, 32.15s/it]
      46/50      20.7G     0.7722     0.4888     0.9988       1060        640:  86%|████████▋ | 88/102 [44:41<07:30, 32.15s/it]
      46/50      20.7G     0.7722     0.4888     0.9988       1060        640:  87%|████████▋ | 89/102 [44:41<06:55, 31.93s/it]
      46/50      20.7G     0.7723     0.4888     0.9988       1144        640:  87%|████████▋ | 89/102 [45:05<06:55, 31.93s/it]
      46/50      20.7G     0.7723     0.4888     0.9988       1144        640:  88%|████████▊ | 90/102 [45:05<05:56, 29.74s/it]
      46/50      20.7G     0.7721     0.4886     0.9985       1051        640:  88%|████████▊ | 90/102 [45:38<05:56, 29.74s/it]
      46/50      20.7G     0.7721     0.4886     0.9985       1051        640:  89%|████████▉ | 91/102 [45:38<05:36, 30.59s/it]
      46/50      20.7G     0.7723     0.4884     0.9986       1140        640:  89%|████████▉ | 91/102 [46:09<05:36, 30.59s/it]
      46/50      20.7G     0.7723     0.4884     0.9986       1140        640:  90%|█████████ | 92/102 [46:09<05:08, 30.88s/it]
      46/50      20.7G      0.772     0.4884     0.9986        976        640:  90%|█████████ | 92/102 [46:39<05:08, 30.88s/it]
      46/50      20.7G      0.772     0.4884     0.9986        976        640:  91%|█████████ | 93/102 [46:39<04:33, 30.43s/it]
      46/50      20.7G     0.7722     0.4885     0.9985        993        640:  91%|█████████ | 93/102 [47:06<04:33, 30.43s/it]
      46/50      20.7G     0.7722     0.4885     0.9985        993        640:  92%|█████████▏| 94/102 [47:06<03:56, 29.52s/it]
      46/50      20.7G     0.7718     0.4884     0.9983        961        640:  92%|█████████▏| 94/102 [47:40<03:56, 29.52s/it]
      46/50      20.7G     0.7718     0.4884     0.9983        961        640:  93%|█████████▎| 95/102 [47:40<03:35, 30.82s/it]
      46/50      20.7G     0.7721     0.4885     0.9985       1053        640:  93%|█████████▎| 95/102 [48:09<03:35, 30.82s/it]
      46/50      20.7G     0.7721     0.4885     0.9985       1053        640:  94%|█████████▍| 96/102 [48:09<03:01, 30.29s/it]
      46/50      20.7G      0.772     0.4884     0.9986       1031        640:  94%|█████████▍| 96/102 [48:42<03:01, 30.29s/it]
      46/50      20.7G      0.772     0.4884     0.9986       1031        640:  95%|█████████▌| 97/102 [48:42<02:35, 31.03s/it]
      46/50      20.7G      0.772     0.4883     0.9985       1149        640:  95%|█████████▌| 97/102 [49:19<02:35, 31.03s/it]
      46/50      20.7G      0.772     0.4883     0.9985       1149        640:  96%|█████████▌| 98/102 [49:19<02:11, 32.83s/it]
      46/50      20.7G     0.7719     0.4886     0.9985       1260        640:  96%|█████████▌| 98/102 [49:49<02:11, 32.83s/it]
      46/50      20.7G     0.7719     0.4886     0.9985       1260        640:  97%|█████████▋| 99/102 [49:49<01:36, 32.10s/it]
      46/50      20.7G     0.7721     0.4886     0.9986        990        640:  97%|█████████▋| 99/102 [50:23<01:36, 32.10s/it]
      46/50      20.7G     0.7721     0.4886     0.9986        990        640:  98%|█████████▊| 100/102 [50:23<01:04, 32.49s/it]
      46/50      20.7G     0.7721     0.4886     0.9988        993        640:  98%|█████████▊| 100/102 [50:48<01:04, 32.49s/it]
      46/50      20.7G     0.7721     0.4886     0.9988        993        640:  99%|█████████▉| 101/102 [50:48<00:30, 30.28s/it]
      46/50      20.7G     0.7716     0.4886     0.9984        198        640:  99%|█████████▉| 101/102 [50:59<00:30, 30.28s/it]
      46/50      20.7G     0.7716     0.4886     0.9984        198        640: 100%|██████████| 102/102 [50:59<00:00, 24.45s/it]
      46/50      20.7G     0.7716     0.4886     0.9984        198        640: 100%|██████████| 102/102 [50:59<00:00, 29.99s/it]

                 Class     Images  Instances      Box(P          R      mAP50  mAP50-95):   0%|          | 0/13 [00:00<?, ?it/s]
                 Class     Images  Instances      Box(P          R      mAP50  mAP50-95):   8%|▊         | 1/13 [00:00<00:03,  3.71it/s]
                 Class     Images  Instances      Box(P          R      mAP50  mAP50-95):  15%|█▌        | 2/13 [00:00<00:03,  3.49it/s]
                 Class     Images  Instances      Box(P          R      mAP50  mAP50-95):  23%|██▎       | 3/13 [00:00<00:02,  3.66it/s]
                 Class     Images  Instances      Box(P          R      mAP50  mAP50-95):  31%|███       | 4/13 [00:01<00:02,  3.64it/s]
                 Class     Images  Instances      Box(P          R      mAP50  mAP50-95):  38%|███▊      | 5/13 [02:04<05:58, 44.83s/it]
                 Class     Images  Instances      Box(P          R      mAP50  mAP50-95):  46%|████▌     | 6/13 [02:05<03:28, 29.84s/it]
                 Class     Images  Instances      Box(P          R      mAP50  mAP50-95):  54%|█████▍    | 7/13 [03:38<05:03, 50.55s/it]
                 Class     Images  Instances      Box(P          R      mAP50  mAP50-95):  62%|██████▏   | 8/13 [03:39<02:52, 34.55s/it]
                 Class     Images  Instances      Box(P          R      mAP50  mAP50-95):  69%|██████▉   | 9/13 [05:31<03:55, 58.99s/it]
                 Class     Images  Instances      Box(P          R      mAP50  mAP50-95):  77%|███████▋  | 10/13 [05:32<02:02, 40.85s/it]
                 Class     Images  Instances      Box(P          R      mAP50  mAP50-95):  85%|████████▍ | 11/13 [07:31<02:09, 64.99s/it]
                 Class     Images  Instances      Box(P          R      mAP50  mAP50-95):  92%|█████████▏| 12/13 [07:32<00:45, 45.30s/it]
                 Class     Images  Instances      Box(P          R      mAP50  mAP50-95): 100%|██████████| 13/13 [08:19<00:00, 45.88s/it]
                 Class     Images  Instances      Box(P          R      mAP50  mAP50-95): 100%|██████████| 13/13 [08:19<00:00, 38.41s/it]
                   all       1620      15401      0.747      0.538      0.598      0.385

      Epoch    GPU_mem   box_loss   cls_loss   dfl_loss  Instances       Size

  0%|          | 0/102 [00:00<?, ?it/s]
      47/50      15.7G     0.7539     0.4967       1.03        858        640:   0%|          | 0/102 [00:00<?, ?it/s]
      47/50      15.7G     0.7539     0.4967       1.03        858        640:   1%|          | 1/102 [00:00<00:17,  5.73it/s]
      47/50      16.7G     0.7397     0.4933      1.004       1120        640:   1%|          | 1/102 [00:00<00:17,  5.73it/s]
      47/50      16.7G     0.7397     0.4933      1.004       1120        640:   2%|▏         | 2/102 [00:00<00:16,  5.90it/s]
      47/50      16.7G     0.7344     0.4829      1.005        930        640:   2%|▏         | 2/102 [01:10<00:16,  5.90it/s]
      47/50      16.7G     0.7344     0.4829      1.005        930        640:   3%|▎         | 3/102 [01:10<52:44, 31.96s/it]
      47/50      16.7G     0.7423     0.4818       1.01       1067        640:   3%|▎         | 3/102 [02:01<52:44, 31.96s/it]
      47/50      16.7G     0.7423     0.4818       1.01       1067        640:   4%|▍         | 4/102 [02:01<1:04:38, 39.58s/it]
      47/50      17.3G     0.7556     0.4892      1.012       1100        640:   4%|▍         | 4/102 [02:54<1:04:38, 39.58s/it]
      47/50      17.3G     0.7556     0.4892      1.012       1100        640:   5%|▍         | 5/102 [02:54<1:12:00, 44.54s/it]
      47/50      17.3G     0.7499     0.4839      1.005       1003        640:   5%|▍         | 5/102 [03:38<1:12:00, 44.54s/it]
      47/50      17.3G     0.7499     0.4839      1.005       1003        640:   6%|▌         | 6/102 [03:38<1:11:05, 44.43s/it]
      47/50      17.3G     0.7509      0.485      1.011        894        640:   6%|▌         | 6/102 [04:18<1:11:05, 44.43s/it]
      47/50      17.3G     0.7509      0.485      1.011        894        640:   7%|▋         | 7/102 [04:18<1:07:38, 42.72s/it]
      47/50      17.3G     0.7505      0.483      1.009       1104        640:   7%|▋         | 7/102 [04:56<1:07:38, 42.72s/it]
      47/50      17.3G     0.7505      0.483      1.009       1104        640:   8%|▊         | 8/102 [04:56<1:04:57, 41.47s/it]
      47/50      17.3G     0.7522     0.4838      1.007       1067        640:   8%|▊         | 8/102 [05:35<1:04:57, 41.47s/it]
      47/50      17.3G     0.7522     0.4838      1.007       1067        640:   9%|▉         | 9/102 [05:35<1:02:40, 40.43s/it]
      47/50      17.3G     0.7604     0.4881      1.006       1242        640:   9%|▉         | 9/102 [05:59<1:02:40, 40.43s/it]
      47/50      17.3G     0.7604     0.4881      1.006       1242        640:  10%|▉         | 10/102 [05:59<54:38, 35.63s/it]
      47/50      17.3G     0.7602     0.4864      1.007        981        640:  10%|▉         | 10/102 [06:32<54:38, 35.63s/it]
      47/50      17.3G     0.7602     0.4864      1.007        981        640:  11%|█         | 11/102 [06:32<52:28, 34.60s/it]
      47/50      17.3G     0.7617     0.4873      1.007       1196        640:  11%|█         | 11/102 [06:59<52:28, 34.60s/it]
      47/50      17.3G     0.7617     0.4873      1.007       1196        640:  12%|█▏        | 12/102 [06:59<48:38, 32.43s/it]
      47/50      17.3G     0.7639     0.4883      1.011       1057        640:  12%|█▏        | 12/102 [07:32<48:38, 32.43s/it]
      47/50      17.3G     0.7639     0.4883      1.011       1057        640:  13%|█▎        | 13/102 [07:32<48:29, 32.69s/it]
      47/50      17.3G     0.7646     0.4869       1.01        991        640:  13%|█▎        | 13/102 [08:01<48:29, 32.69s/it]
      47/50      17.3G     0.7646     0.4869       1.01        991        640:  14%|█▎        | 14/102 [08:01<45:59, 31.36s/it]
      47/50      17.3G     0.7638     0.4853      1.008       1118        640:  14%|█▎        | 14/102 [08:36<45:59, 31.36s/it]
      47/50      17.3G     0.7638     0.4853      1.008       1118        640:  15%|█▍        | 15/102 [08:36<47:14, 32.58s/it]
      47/50      17.3G     0.7683     0.4869      1.008       1187        640:  15%|█▍        | 15/102 [09:10<47:14, 32.58s/it]
      47/50      17.3G     0.7683     0.4869      1.008       1187        640:  16%|█▌        | 16/102 [09:10<47:09, 32.91s/it]
      47/50      17.3G     0.7669      0.485      1.005       1145        640:  16%|█▌        | 16/102 [09:46<47:09, 32.91s/it]
      47/50      17.3G     0.7669      0.485      1.005       1145        640:  17%|█▋        | 17/102 [09:46<48:12, 34.03s/it]
      47/50      17.3G     0.7671     0.4855      1.003       1091        640:  17%|█▋        | 17/102 [10:40<48:12, 34.03s/it]
      47/50      17.3G     0.7671     0.4855      1.003       1091        640:  18%|█▊        | 18/102 [10:40<55:47, 39.85s/it]
      47/50      17.3G     0.7668     0.4851      1.002       1081        640:  18%|█▊        | 18/102 [11:21<55:47, 39.85s/it]
      47/50      17.3G     0.7668     0.4851      1.002       1081        640:  19%|█▊        | 19/102 [11:21<55:39, 40.23s/it]
      47/50      17.3G     0.7675     0.4859      1.003        925        640:  19%|█▊        | 19/102 [11:46<55:39, 40.23s/it]
      47/50      17.3G     0.7675     0.4859      1.003        925        640:  20%|█▉        | 20/102 [11:46<48:53, 35.77s/it]
      47/50      17.3G      0.768     0.4862      1.002       1226        640:  20%|█▉        | 20/102 [12:24<48:53, 35.77s/it]
      47/50      17.3G      0.768     0.4862      1.002       1226        640:  21%|██        | 21/102 [12:24<49:11, 36.44s/it]
      47/50      17.3G     0.7689     0.4858      1.002       1131        640:  21%|██        | 21/102 [12:50<49:11, 36.44s/it]
      47/50      17.3G     0.7689     0.4858      1.002       1131        640:  22%|██▏       | 22/102 [12:50<44:17, 33.21s/it]
      47/50      17.3G     0.7666      0.484      1.001        959        640:  22%|██▏       | 22/102 [13:28<44:17, 33.21s/it]
      47/50      17.3G     0.7666      0.484      1.001        959        640:  23%|██▎       | 23/102 [13:28<45:40, 34.69s/it]
      47/50      17.3G     0.7666     0.4831      1.001       1259        640:  23%|██▎       | 23/102 [14:01<45:40, 34.69s/it]
      47/50      17.3G     0.7666     0.4831      1.001       1259        640:  24%|██▎       | 24/102 [14:01<44:32, 34.26s/it]
      47/50      17.3G     0.7658     0.4828      1.001        978        640:  24%|██▎       | 24/102 [14:29<44:32, 34.26s/it]
      47/50      17.3G     0.7658     0.4828      1.001        978        640:  25%|██▍       | 25/102 [14:29<41:23, 32.26s/it]
      47/50      17.3G     0.7667     0.4848      1.002        924        640:  25%|██▍       | 25/102 [15:01<41:23, 32.26s/it]
      47/50      17.3G     0.7667     0.4848      1.002        924        640:  25%|██▌       | 26/102 [15:01<40:47, 32.21s/it]
      47/50      17.3G     0.7665     0.4856      1.003        801        640:  25%|██▌       | 26/102 [15:29<40:47, 32.21s/it]
      47/50      17.3G     0.7665     0.4856      1.003        801        640:  26%|██▋       | 27/102 [15:29<38:28, 30.79s/it]
      47/50      18.4G     0.7667     0.4854      1.003       1183        640:  26%|██▋       | 27/102 [16:06<38:28, 30.79s/it]
      47/50      18.4G     0.7667     0.4854      1.003       1183        640:  27%|██▋       | 28/102 [16:06<40:19, 32.69s/it]
      47/50      18.4G     0.7678     0.4857      1.003        895        640:  27%|██▋       | 28/102 [16:31<40:19, 32.69s/it]
      47/50      18.4G     0.7678     0.4857      1.003        895        640:  28%|██▊       | 29/102 [16:31<37:07, 30.52s/it]
      47/50      18.4G     0.7686     0.4859      1.003       1173        640:  28%|██▊       | 29/102 [17:07<37:07, 30.52s/it]
      47/50      18.4G     0.7686     0.4859      1.003       1173        640:  29%|██▉       | 30/102 [17:07<38:24, 32.01s/it]
      47/50      18.4G     0.7683      0.486      1.003        979        640:  29%|██▉       | 30/102 [17:33<38:24, 32.01s/it]
      47/50      18.4G     0.7683      0.486      1.003        979        640:  30%|███       | 31/102 [17:33<35:57, 30.39s/it]
      47/50      18.4G     0.7691     0.4862      1.003       1194        640:  30%|███       | 31/102 [18:16<35:57, 30.39s/it]
      47/50      18.4G     0.7691     0.4862      1.003       1194        640:  31%|███▏      | 32/102 [18:16<39:43, 34.05s/it]
      47/50      18.4G     0.7679     0.4852      1.003        925        640:  31%|███▏      | 32/102 [18:42<39:43, 34.05s/it]
      47/50      18.4G     0.7679     0.4852      1.003        925        640:  32%|███▏      | 33/102 [18:42<36:27, 31.70s/it]
      47/50      18.4G     0.7664     0.4843      1.003        929        640:  32%|███▏      | 33/102 [19:15<36:27, 31.70s/it]
      47/50      18.4G     0.7664     0.4843      1.003        929        640:  33%|███▎      | 34/102 [19:15<36:15, 31.99s/it]
      47/50      18.4G     0.7667     0.4844      1.003       1005        640:  33%|███▎      | 34/102 [19:46<36:15, 31.99s/it]
      47/50      18.4G     0.7667     0.4844      1.003       1005        640:  34%|███▍      | 35/102 [19:46<35:24, 31.71s/it]
      47/50      18.4G     0.7663     0.4839      1.003       1125        640:  34%|███▍      | 35/102 [20:25<35:24, 31.71s/it]
      47/50      18.4G     0.7663     0.4839      1.003       1125        640:  35%|███▌      | 36/102 [20:25<37:21, 33.95s/it]
      47/50      18.4G     0.7663     0.4845      1.004       1048        640:  35%|███▌      | 36/102 [21:10<37:21, 33.95s/it]
      47/50      18.4G     0.7663     0.4845      1.004       1048        640:  36%|███▋      | 37/102 [21:10<40:13, 37.13s/it]
      47/50      18.4G     0.7679     0.4845      1.004       1263        640:  36%|███▋      | 37/102 [21:59<40:13, 37.13s/it]
      47/50      18.4G     0.7679     0.4845      1.004       1263        640:  37%|███▋      | 38/102 [21:59<43:32, 40.82s/it]
      47/50      18.4G     0.7687     0.4847      1.004       1184        640:  37%|███▋      | 38/102 [22:27<43:32, 40.82s/it]
      47/50      18.4G     0.7687     0.4847      1.004       1184        640:  38%|███▊      | 39/102 [22:27<38:55, 37.06s/it]
      47/50      18.4G     0.7683     0.4841      1.003       1182        640:  38%|███▊      | 39/102 [23:07<38:55, 37.06s/it]
      47/50      18.4G     0.7683     0.4841      1.003       1182        640:  39%|███▉      | 40/102 [23:07<39:00, 37.76s/it]
      47/50      18.4G     0.7675     0.4834      1.003       1061        640:  39%|███▉      | 40/102 [23:35<39:00, 37.76s/it]
      47/50      18.4G     0.7675     0.4834      1.003       1061        640:  40%|████      | 41/102 [23:35<35:23, 34.81s/it]
      47/50      18.4G     0.7674     0.4832      1.002       1198        640:  40%|████      | 41/102 [24:11<35:23, 34.81s/it]
      47/50      18.4G     0.7674     0.4832      1.002       1198        640:  41%|████      | 42/102 [24:11<35:22, 35.38s/it]
      47/50      18.4G     0.7678     0.4832      1.003       1054        640:  41%|████      | 42/102 [24:52<35:22, 35.38s/it]
      47/50      18.4G     0.7678     0.4832      1.003       1054        640:  42%|████▏     | 43/102 [24:52<36:23, 37.01s/it]
      47/50      18.4G     0.7683      0.483      1.002       1165        640:  42%|████▏     | 43/102 [25:31<36:23, 37.01s/it]
      47/50      18.4G     0.7683      0.483      1.002       1165        640:  43%|████▎     | 44/102 [25:31<36:13, 37.48s/it]
      47/50      18.4G     0.7686     0.4832      1.002       1104        640:  43%|████▎     | 44/102 [26:08<36:13, 37.48s/it]
      47/50      18.4G     0.7686     0.4832      1.002       1104        640:  44%|████▍     | 45/102 [26:08<35:40, 37.55s/it]
      47/50      18.4G     0.7688      0.483      1.002       1056        640:  44%|████▍     | 45/102 [26:40<35:40, 37.55s/it]
      47/50      18.4G     0.7688      0.483      1.002       1056        640:  45%|████▌     | 46/102 [26:40<33:22, 35.77s/it]
      47/50      18.4G     0.7683     0.4829      1.001       1072        640:  45%|████▌     | 46/102 [27:05<33:22, 35.77s/it]
      47/50      18.4G     0.7683     0.4829      1.001       1072        640:  46%|████▌     | 47/102 [27:05<29:50, 32.55s/it]
      47/50      18.4G     0.7686     0.4831      1.001        909        640:  46%|████▌     | 47/102 [27:37<29:50, 32.55s/it]
      47/50      18.4G     0.7686     0.4831      1.001        909        640:  47%|████▋     | 48/102 [27:37<29:07, 32.35s/it]
      47/50      18.4G      0.768     0.4826      1.001        947        640:  47%|████▋     | 48/102 [28:01<29:07, 32.35s/it]
      47/50      18.4G      0.768     0.4826      1.001        947        640:  48%|████▊     | 49/102 [28:01<26:16, 29.74s/it]
      47/50      18.4G     0.7678     0.4825      1.001        981        640:  48%|████▊     | 49/102 [28:33<26:16, 29.74s/it]
      47/50      18.4G     0.7678     0.4825      1.001        981        640:  49%|████▉     | 50/102 [28:33<26:24, 30.48s/it]
      47/50      18.4G     0.7683     0.4827      1.001       1146        640:  49%|████▉     | 50/102 [29:05<26:24, 30.48s/it]
      47/50      18.4G     0.7683     0.4827      1.001       1146        640:  50%|█████     | 51/102 [29:05<26:23, 31.05s/it]
      47/50      18.4G     0.7688     0.4828      1.001       1191        640:  50%|█████     | 51/102 [29:35<26:23, 31.05s/it]
      47/50      18.4G     0.7688     0.4828      1.001       1191        640:  51%|█████     | 52/102 [29:35<25:40, 30.81s/it]
      47/50      18.4G     0.7696     0.4828      1.001       1051        640:  51%|█████     | 52/102 [30:10<25:40, 30.81s/it]
      47/50      18.4G     0.7696     0.4828      1.001       1051        640:  52%|█████▏    | 53/102 [30:10<25:59, 31.83s/it]
      47/50      18.4G     0.7694     0.4826      1.001       1132        640:  52%|█████▏    | 53/102 [30:37<25:59, 31.83s/it]
      47/50      18.4G     0.7694     0.4826      1.001       1132        640:  53%|█████▎    | 54/102 [30:37<24:16, 30.35s/it]
      47/50      18.4G     0.7694     0.4824      1.001       1277        640:  53%|█████▎    | 54/102 [31:15<24:16, 30.35s/it]
      47/50      18.4G     0.7694     0.4824      1.001       1277        640:  54%|█████▍    | 55/102 [31:15<25:37, 32.71s/it]
      47/50      18.4G     0.7688     0.4824          1        993        640:  54%|█████▍    | 55/102 [32:00<25:37, 32.71s/it]
      47/50      18.4G     0.7688     0.4824          1        993        640:  55%|█████▍    | 56/102 [32:00<28:01, 36.56s/it]
      47/50      18.4G     0.7691     0.4821          1       1259        640:  55%|█████▍    | 56/102 [32:29<28:01, 36.56s/it]
      47/50      18.4G     0.7691     0.4821          1       1259        640:  56%|█████▌    | 57/102 [32:29<25:36, 34.14s/it]
      47/50      18.4G       0.77     0.4826          1       1085        640:  56%|█████▌    | 57/102 [32:59<25:36, 34.14s/it]
      47/50      18.4G       0.77     0.4826          1       1085        640:  57%|█████▋    | 58/102 [32:59<24:11, 33.00s/it]
      47/50      18.4G       0.77     0.4824     0.9999       1186        640:  57%|█████▋    | 58/102 [33:26<24:11, 33.00s/it]
      47/50      18.4G       0.77     0.4824     0.9999       1186        640:  58%|█████▊    | 59/102 [33:26<22:17, 31.10s/it]
      47/50      18.4G       0.77     0.4828          1       1049        640:  58%|█████▊    | 59/102 [33:55<22:17, 31.10s/it]
      47/50      18.4G       0.77     0.4828          1       1049        640:  59%|█████▉    | 60/102 [33:55<21:22, 30.52s/it]
      47/50      18.4G     0.7696     0.4827     0.9993       1189        640:  59%|█████▉    | 60/102 [34:20<21:22, 30.52s/it]
      47/50      18.4G     0.7696     0.4827     0.9993       1189        640:  60%|█████▉    | 61/102 [34:20<19:47, 28.96s/it]
      47/50      18.4G     0.7697     0.4827      0.999       1239        640:  60%|█████▉    | 61/102 [34:52<19:47, 28.96s/it]
      47/50      18.4G     0.7697     0.4827      0.999       1239        640:  61%|██████    | 62/102 [34:52<19:51, 29.79s/it]
      47/50      18.4G     0.7698     0.4825     0.9984       1327        640:  61%|██████    | 62/102 [35:16<19:51, 29.79s/it]
      47/50      18.4G     0.7698     0.4825     0.9984       1327        640:  62%|██████▏   | 63/102 [35:16<18:11, 27.99s/it]
      47/50      18.4G     0.7703     0.4829     0.9986       1228        640:  62%|██████▏   | 63/102 [35:50<18:11, 27.99s/it]
      47/50      18.4G     0.7703     0.4829     0.9986       1228        640:  63%|██████▎   | 64/102 [35:50<18:48, 29.71s/it]
      47/50      18.4G     0.7703     0.4828     0.9984       1335        640:  63%|██████▎   | 64/102 [36:15<18:48, 29.71s/it]
      47/50      18.4G     0.7703     0.4828     0.9984       1335        640:  64%|██████▎   | 65/102 [36:15<17:27, 28.32s/it]
      47/50      18.4G     0.7703     0.4828      0.998       1282        640:  64%|██████▎   | 65/102 [36:46<17:27, 28.32s/it]
      47/50      18.4G     0.7703     0.4828      0.998       1282        640:  65%|██████▍   | 66/102 [36:46<17:31, 29.20s/it]
      47/50      18.4G     0.7709     0.4831     0.9979       1282        640:  65%|██████▍   | 66/102 [37:10<17:31, 29.20s/it]
      47/50      18.4G     0.7709     0.4831     0.9979       1282        640:  66%|██████▌   | 67/102 [37:10<16:07, 27.63s/it]
      47/50      18.4G     0.7705      0.483     0.9975        997        640:  66%|██████▌   | 67/102 [37:47<16:07, 27.63s/it]
      47/50      18.4G     0.7705      0.483     0.9975        997        640:  67%|██████▋   | 68/102 [37:47<17:20, 30.61s/it]
      47/50      18.4G     0.7701     0.4829     0.9975       1203        640:  67%|██████▋   | 68/102 [38:17<17:20, 30.61s/it]
      47/50      18.4G     0.7701     0.4829     0.9975       1203        640:  68%|██████▊   | 69/102 [38:17<16:42, 30.39s/it]
      47/50      18.4G     0.7701     0.4832     0.9976       1084        640:  68%|██████▊   | 69/102 [38:48<16:42, 30.39s/it]
      47/50      18.4G     0.7701     0.4832     0.9976       1084        640:  69%|██████▊   | 70/102 [38:48<16:17, 30.53s/it]
      47/50      18.4G     0.7708     0.4833     0.9979       1186        640:  69%|██████▊   | 70/102 [39:19<16:17, 30.53s/it]
      47/50      18.4G     0.7708     0.4833     0.9979       1186        640:  70%|██████▉   | 71/102 [39:19<15:46, 30.55s/it]
      47/50      18.4G      0.771     0.4832     0.9981       1070        640:  70%|██████▉   | 71/102 [39:52<15:46, 30.55s/it]
      47/50      18.4G      0.771     0.4832     0.9981       1070        640:  71%|███████   | 72/102 [39:52<15:41, 31.37s/it]
      47/50      19.5G     0.7719     0.4838     0.9979       1466        640:  71%|███████   | 72/102 [40:18<15:41, 31.37s/it]
      47/50      19.5G     0.7719     0.4838     0.9979       1466        640:  72%|███████▏  | 73/102 [40:18<14:22, 29.74s/it]
      47/50      19.5G     0.7712     0.4833     0.9975       1161        640:  72%|███████▏  | 73/102 [40:48<14:22, 29.74s/it]
      47/50      19.5G     0.7712     0.4833     0.9975       1161        640:  73%|███████▎  | 74/102 [40:48<13:54, 29.79s/it]
      47/50      19.5G     0.7716     0.4834     0.9977       1186        640:  73%|███████▎  | 74/102 [41:12<13:54, 29.79s/it]
      47/50      19.5G     0.7716     0.4834     0.9977       1186        640:  74%|███████▎  | 75/102 [41:12<12:36, 28.04s/it]
      47/50      19.5G      0.772     0.4836      0.998       1092        640:  74%|███████▎  | 75/102 [41:45<12:36, 28.04s/it]
      47/50      19.5G      0.772     0.4836      0.998       1092        640:  75%|███████▍  | 76/102 [41:45<12:48, 29.54s/it]
      47/50      19.5G     0.7721     0.4835     0.9976       1252        640:  75%|███████▍  | 76/102 [42:13<12:48, 29.54s/it]
      47/50      19.5G     0.7721     0.4835     0.9976       1252        640:  75%|███████▌  | 77/102 [42:13<12:04, 28.99s/it]
      47/50      19.5G     0.7718     0.4832     0.9976       1080        640:  75%|███████▌  | 77/102 [42:47<12:04, 28.99s/it]
      47/50      19.5G     0.7718     0.4832     0.9976       1080        640:  76%|███████▋  | 78/102 [42:47<12:12, 30.52s/it]
      47/50      19.5G     0.7714      0.483     0.9974       1145        640:  76%|███████▋  | 78/102 [43:21<12:12, 30.52s/it]
      47/50      19.5G     0.7714      0.483     0.9974       1145        640:  77%|███████▋  | 79/102 [43:21<12:08, 31.69s/it]
      47/50      19.5G     0.7711     0.4831     0.9975        970        640:  77%|███████▋  | 79/102 [43:44<12:08, 31.69s/it]
      47/50      19.5G     0.7711     0.4831     0.9975        970        640:  78%|███████▊  | 80/102 [43:44<10:38, 29.00s/it]
      47/50      19.5G     0.7713     0.4832     0.9976       1070        640:  78%|███████▊  | 80/102 [44:14<10:38, 29.00s/it]
      47/50      19.5G     0.7713     0.4832     0.9976       1070        640:  79%|███████▉  | 81/102 [44:14<10:14, 29.26s/it]
      47/50      19.5G     0.7713     0.4831     0.9975       1087        640:  79%|███████▉  | 81/102 [44:38<10:14, 29.26s/it]
      47/50      19.5G     0.7713     0.4831     0.9975       1087        640:  80%|████████  | 82/102 [44:38<09:18, 27.92s/it]
      47/50      19.5G     0.7712     0.4832     0.9974       1102        640:  80%|████████  | 82/102 [45:05<09:18, 27.92s/it]
      47/50      19.5G     0.7712     0.4832     0.9974       1102        640:  81%|████████▏ | 83/102 [45:05<08:41, 27.43s/it]
      47/50      19.5G     0.7713     0.4833     0.9972       1143        640:  81%|████████▏ | 83/102 [45:30<08:41, 27.43s/it]
      47/50      19.5G     0.7713     0.4833     0.9972       1143        640:  82%|████████▏ | 84/102 [45:30<07:59, 26.64s/it]
      47/50      19.5G     0.7713     0.4833     0.9971       1235        640:  82%|████████▏ | 84/102 [45:59<07:59, 26.64s/it]
      47/50      19.5G     0.7713     0.4833     0.9971       1235        640:  83%|████████▎ | 85/102 [45:59<07:47, 27.50s/it]
      47/50      19.5G     0.7716     0.4834     0.9971       1197        640:  83%|████████▎ | 85/102 [46:24<07:47, 27.50s/it]
      47/50      19.5G     0.7716     0.4834     0.9971       1197        640:  84%|████████▍ | 86/102 [46:24<07:09, 26.85s/it]
      47/50      19.5G     0.7717     0.4837     0.9973       1066        640:  84%|████████▍ | 86/102 [47:07<07:09, 26.85s/it]
      47/50      19.5G     0.7717     0.4837     0.9973       1066        640:  85%|████████▌ | 87/102 [47:07<07:51, 31.44s/it]
      47/50      19.5G     0.7717     0.4838     0.9971       1034        640:  85%|████████▌ | 87/102 [47:32<07:51, 31.44s/it]
      47/50      19.5G     0.7717     0.4838     0.9971       1034        640:  86%|████████▋ | 88/102 [47:32<06:53, 29.52s/it]
      47/50      19.5G     0.7718      0.484     0.9973       1107        640:  86%|████████▋ | 88/102 [48:02<06:53, 29.52s/it]
      47/50      19.5G     0.7718      0.484     0.9973       1107        640:  87%|████████▋ | 89/102 [48:02<06:27, 29.81s/it]
      47/50      19.5G     0.7723     0.4844     0.9975       1109        640:  87%|████████▋ | 89/102 [48:38<06:27, 29.81s/it]
      47/50      19.5G     0.7723     0.4844     0.9975       1109        640:  88%|████████▊ | 90/102 [48:38<06:19, 31.66s/it]
      47/50      19.5G     0.7723     0.4844     0.9975       1018        640:  88%|████████▊ | 90/102 [49:08<06:19, 31.66s/it]
      47/50      19.5G     0.7723     0.4844     0.9975       1018        640:  89%|████████▉ | 91/102 [49:08<05:43, 31.19s/it]
      47/50      19.5G     0.7727     0.4845     0.9973       1324        640:  89%|████████▉ | 91/102 [49:49<05:43, 31.19s/it]
      47/50      19.5G     0.7727     0.4845     0.9973       1324        640:  90%|█████████ | 92/102 [49:49<05:40, 34.03s/it]
      47/50      20.8G     0.7728     0.4845     0.9974       1187        640:  90%|█████████ | 92/102 [50:15<05:40, 34.03s/it]
      47/50      20.8G     0.7728     0.4845     0.9974       1187        640:  91%|█████████ | 93/102 [50:15<04:44, 31.65s/it]
      47/50      20.8G     0.7728     0.4845     0.9974       1238        640:  91%|█████████ | 93/102 [50:47<04:44, 31.65s/it]
      47/50      20.8G     0.7728     0.4845     0.9974       1238        640:  92%|█████████▏| 94/102 [50:47<04:15, 31.88s/it]
      47/50      20.8G     0.7725     0.4842     0.9971        995        640:  92%|█████████▏| 94/102 [51:10<04:15, 31.88s/it]
      47/50      20.8G     0.7725     0.4842     0.9971        995        640:  93%|█████████▎| 95/102 [51:10<03:24, 29.17s/it]
      47/50      20.8G     0.7723     0.4842      0.997       1162        640:  93%|█████████▎| 95/102 [51:52<03:24, 29.17s/it]
      47/50      20.8G     0.7723     0.4842      0.997       1162        640:  94%|█████████▍| 96/102 [51:52<03:18, 33.06s/it]
      47/50      20.8G      0.773     0.4844     0.9972       1113        640:  94%|█████████▍| 96/102 [52:21<03:18, 33.06s/it]
      47/50      20.8G      0.773     0.4844     0.9972       1113        640:  95%|█████████▌| 97/102 [52:21<02:39, 31.84s/it]
      47/50      20.8G     0.7723      0.484     0.9972        897        640:  95%|█████████▌| 97/102 [52:54<02:39, 31.84s/it]
      47/50      20.8G     0.7723      0.484     0.9972        897        640:  96%|█████████▌| 98/102 [52:54<02:08, 32.20s/it]
      47/50      20.8G     0.7722     0.4838     0.9969       1080        640:  96%|█████████▌| 98/102 [53:19<02:08, 32.20s/it]
      47/50      20.8G     0.7722     0.4838     0.9969       1080        640:  97%|█████████▋| 99/102 [53:19<01:29, 29.81s/it]
      47/50      20.8G     0.7717     0.4835     0.9968       1056        640:  97%|█████████▋| 99/102 [53:50<01:29, 29.81s/it]
      47/50      20.8G     0.7717     0.4835     0.9968       1056        640:  98%|█████████▊| 100/102 [53:50<01:00, 30.19s/it]
      47/50      20.8G     0.7719     0.4835     0.9967       1189        640:  98%|█████████▊| 100/102 [54:20<01:00, 30.19s/it]
      47/50      20.8G     0.7719     0.4835     0.9967       1189        640:  99%|█████████▉| 101/102 [54:20<00:30, 30.26s/it]
      47/50      20.8G     0.7713      0.483     0.9962        270        640:  99%|█████████▉| 101/102 [54:26<00:30, 30.26s/it]
      47/50      20.8G     0.7713      0.483     0.9962        270        640: 100%|██████████| 102/102 [54:26<00:00, 22.94s/it]
      47/50      20.8G     0.7713      0.483     0.9962        270        640: 100%|██████████| 102/102 [54:26<00:00, 32.02s/it]

                 Class     Images  Instances      Box(P          R      mAP50  mAP50-95):   0%|          | 0/13 [00:00<?, ?it/s]
                 Class     Images  Instances      Box(P          R      mAP50  mAP50-95):   8%|▊         | 1/13 [00:00<00:03,  3.98it/s]
                 Class     Images  Instances      Box(P          R      mAP50  mAP50-95):  15%|█▌        | 2/13 [00:00<00:02,  3.81it/s]
                 Class     Images  Instances      Box(P          R      mAP50  mAP50-95):  23%|██▎       | 3/13 [00:00<00:02,  3.94it/s]
                 Class     Images  Instances      Box(P          R      mAP50  mAP50-95):  31%|███       | 4/13 [00:01<00:02,  3.91it/s]
                 Class     Images  Instances      Box(P          R      mAP50  mAP50-95):  38%|███▊      | 5/13 [02:07<06:07, 45.90s/it]
                 Class     Images  Instances      Box(P          R      mAP50  mAP50-95):  46%|████▌     | 6/13 [02:08<03:33, 30.55s/it]
                 Class     Images  Instances      Box(P          R      mAP50  mAP50-95):  54%|█████▍    | 7/13 [03:22<04:28, 44.70s/it]
                 Class     Images  Instances      Box(P          R      mAP50  mAP50-95):  62%|██████▏   | 8/13 [03:22<02:32, 30.56s/it]
                 Class     Images  Instances      Box(P          R      mAP50  mAP50-95):  69%|██████▉   | 9/13 [05:24<03:56, 59.21s/it]
                 Class     Images  Instances      Box(P          R      mAP50  mAP50-95):  77%|███████▋  | 10/13 [05:25<02:03, 41.01s/it]
                 Class     Images  Instances      Box(P          R      mAP50  mAP50-95):  85%|████████▍ | 11/13 [07:39<02:19, 69.67s/it]
                 Class     Images  Instances      Box(P          R      mAP50  mAP50-95):  92%|█████████▏| 12/13 [07:40<00:48, 48.55s/it]
                 Class     Images  Instances      Box(P          R      mAP50  mAP50-95): 100%|██████████| 13/13 [08:28<00:00, 48.65s/it]
                 Class     Images  Instances      Box(P          R      mAP50  mAP50-95): 100%|██████████| 13/13 [08:28<00:00, 39.15s/it]
                   all       1620      15401      0.733      0.534      0.594      0.384

      Epoch    GPU_mem   box_loss   cls_loss   dfl_loss  Instances       Size

  0%|          | 0/102 [00:00<?, ?it/s]
      48/50      16.5G     0.7666     0.4618     0.9839        999        640:   0%|          | 0/102 [00:00<?, ?it/s]
      48/50      16.5G     0.7666     0.4618     0.9839        999        640:   1%|          | 1/102 [00:00<00:17,  5.72it/s]
      48/50      16.5G     0.7841      0.484     0.9942       1001        640:   1%|          | 1/102 [00:00<00:17,  5.72it/s]
      48/50      16.5G     0.7841      0.484     0.9942       1001        640:   2%|▏         | 2/102 [00:00<00:16,  5.95it/s]
      48/50      16.5G     0.7734     0.4788     0.9985        903        640:   2%|▏         | 2/102 [01:10<00:16,  5.95it/s]
      48/50      16.5G     0.7734     0.4788     0.9985        903        640:   3%|▎         | 3/102 [01:10<53:15, 32.28s/it]
      48/50      16.5G     0.7757     0.4752     0.9994       1062        640:   3%|▎         | 3/102 [02:07<53:15, 32.28s/it]
      48/50      16.5G     0.7757     0.4752     0.9994       1062        640:   4%|▍         | 4/102 [02:07<1:08:45, 42.10s/it]
      48/50      16.5G     0.7751      0.474     0.9947       1107        640:   4%|▍         | 4/102 [03:00<1:08:45, 42.10s/it]
      48/50      16.5G     0.7751      0.474     0.9947       1107        640:   5%|▍         | 5/102 [03:00<1:13:57, 45.75s/it]
      48/50      16.5G     0.7722     0.4726     0.9899       1304        640:   5%|▍         | 5/102 [03:45<1:13:57, 45.75s/it]
      48/50      16.5G     0.7722     0.4726     0.9899       1304        640:   6%|▌         | 6/102 [03:45<1:13:06, 45.70s/it]
      48/50      16.5G     0.7742     0.4727     0.9911       1140        640:   6%|▌         | 6/102 [04:07<1:13:06, 45.70s/it]
      48/50      16.5G     0.7742     0.4727     0.9911       1140        640:   7%|▋         | 7/102 [04:07<1:00:10, 38.00s/it]
      48/50      17.2G     0.7748     0.4723     0.9896       1166        640:   7%|▋         | 7/102 [04:44<1:00:10, 38.00s/it]
      48/50      17.2G     0.7748     0.4723     0.9896       1166        640:   8%|▊         | 8/102 [04:44<58:41, 37.47s/it]
      48/50      17.2G     0.7784     0.4758     0.9898       1055        640:   8%|▊         | 8/102 [05:19<58:41, 37.47s/it]
      48/50      17.2G     0.7784     0.4758     0.9898       1055        640:   9%|▉         | 9/102 [05:19<57:02, 36.81s/it]
      48/50      17.2G     0.7795     0.4769     0.9893       1146        640:   9%|▉         | 9/102 [05:54<57:02, 36.81s/it]
      48/50      17.2G     0.7795     0.4769     0.9893       1146        640:  10%|▉         | 10/102 [05:54<55:38, 36.29s/it]
      48/50      17.2G     0.7757     0.4747     0.9889        985        640:  10%|▉         | 10/102 [06:20<55:38, 36.29s/it]
      48/50      17.2G     0.7757     0.4747     0.9889        985        640:  11%|█         | 11/102 [06:20<50:03, 33.00s/it]
      48/50      17.2G     0.7742     0.4759     0.9882       1064        640:  11%|█         | 11/102 [06:57<50:03, 33.00s/it]
      48/50      17.2G     0.7742     0.4759     0.9882       1064        640:  12%|█▏        | 12/102 [06:57<51:34, 34.38s/it]
      48/50      17.2G     0.7736     0.4775     0.9881       1218        640:  12%|█▏        | 12/102 [07:36<51:34, 34.38s/it]
      48/50      17.2G     0.7736     0.4775     0.9881       1218        640:  13%|█▎        | 13/102 [07:36<53:05, 35.79s/it]
      48/50      17.2G     0.7742       0.48     0.9906        967        640:  13%|█▎        | 13/102 [08:10<53:05, 35.79s/it]
      48/50      17.2G     0.7742       0.48     0.9906        967        640:  14%|█▎        | 14/102 [08:10<51:24, 35.05s/it]
      48/50      17.2G      0.772     0.4788     0.9902       1037        640:  14%|█▎        | 14/102 [08:48<51:24, 35.05s/it]
      48/50      17.2G      0.772     0.4788     0.9902       1037        640:  15%|█▍        | 15/102 [08:48<52:15, 36.04s/it]
      48/50      17.2G     0.7701     0.4784     0.9908       1072        640:  15%|█▍        | 15/102 [09:13<52:15, 36.04s/it]
      48/50      17.2G     0.7701     0.4784     0.9908       1072        640:  16%|█▌        | 16/102 [09:13<47:00, 32.80s/it]
      48/50      17.2G     0.7718     0.4788     0.9916       1259        640:  16%|█▌        | 16/102 [09:47<47:00, 32.80s/it]
      48/50      17.2G     0.7718     0.4788     0.9916       1259        640:  17%|█▋        | 17/102 [09:47<46:45, 33.01s/it]
      48/50      17.2G     0.7755     0.4803     0.9932       1091        640:  17%|█▋        | 17/102 [10:13<46:45, 33.01s/it]
      48/50      17.2G     0.7755     0.4803     0.9932       1091        640:  18%|█▊        | 18/102 [10:13<43:09, 30.82s/it]
      48/50      17.2G     0.7767     0.4804     0.9935       1099        640:  18%|█▊        | 18/102 [10:54<43:09, 30.82s/it]
      48/50      17.2G     0.7767     0.4804     0.9935       1099        640:  19%|█▊        | 19/102 [10:54<46:57, 33.95s/it]
      48/50      17.2G     0.7756     0.4797      0.994       1077        640:  19%|█▊        | 19/102 [11:21<46:57, 33.95s/it]
      48/50      17.2G     0.7756     0.4797      0.994       1077        640:  20%|█▉        | 20/102 [11:21<43:40, 31.96s/it]
      48/50      17.2G     0.7754     0.4794     0.9935       1069        640:  20%|█▉        | 20/102 [11:55<43:40, 31.96s/it]
      48/50      17.2G     0.7754     0.4794     0.9935       1069        640:  21%|██        | 21/102 [11:55<44:06, 32.67s/it]
      48/50      17.2G     0.7749     0.4795     0.9925       1252        640:  21%|██        | 21/102 [12:22<44:06, 32.67s/it]
      48/50      17.2G     0.7749     0.4795     0.9925       1252        640:  22%|██▏       | 22/102 [12:22<41:09, 30.87s/it]
      48/50      17.2G     0.7745     0.4798     0.9925        985        640:  22%|██▏       | 22/102 [12:56<41:09, 30.87s/it]
      48/50      17.2G     0.7745     0.4798     0.9925        985        640:  23%|██▎       | 23/102 [12:56<41:44, 31.70s/it]
      48/50      17.2G     0.7736     0.4793      0.993       1079        640:  23%|██▎       | 23/102 [13:26<41:44, 31.70s/it]
      48/50      17.2G     0.7736     0.4793      0.993       1079        640:  24%|██▎       | 24/102 [13:26<40:46, 31.37s/it]
      48/50      17.2G     0.7734      0.479      0.993       1164        640:  24%|██▎       | 24/102 [13:55<40:46, 31.37s/it]
      48/50      17.2G     0.7734      0.479      0.993       1164        640:  25%|██▍       | 25/102 [13:55<39:05, 30.46s/it]
      48/50      17.2G     0.7734     0.4792     0.9932       1083        640:  25%|██▍       | 25/102 [14:25<39:05, 30.46s/it]
      48/50      17.2G     0.7734     0.4792     0.9932       1083        640:  25%|██▌       | 26/102 [14:25<38:34, 30.45s/it]
      48/50      17.2G      0.774     0.4795     0.9929       1236        640:  25%|██▌       | 26/102 [15:02<38:34, 30.45s/it]
      48/50      17.2G      0.774     0.4795     0.9929       1236        640:  26%|██▋       | 27/102 [15:02<40:21, 32.28s/it]
      48/50      17.2G     0.7743     0.4802     0.9941       1120        640:  26%|██▋       | 27/102 [15:40<40:21, 32.28s/it]
      48/50      17.2G     0.7743     0.4802     0.9941       1120        640:  27%|██▋       | 28/102 [15:40<41:54, 33.98s/it]
      48/50      18.1G     0.7749     0.4805     0.9934       1260        640:  27%|██▋       | 28/102 [16:22<41:54, 33.98s/it]
      48/50      18.1G     0.7749     0.4805     0.9934       1260        640:  28%|██▊       | 29/102 [16:22<44:35, 36.64s/it]
      48/50      18.1G     0.7736     0.4808     0.9939        983        640:  28%|██▊       | 29/102 [16:57<44:35, 36.64s/it]
      48/50      18.1G     0.7736     0.4808     0.9939        983        640:  29%|██▉       | 30/102 [16:57<43:19, 36.10s/it]
      48/50      18.1G     0.7723     0.4808     0.9941        926        640:  29%|██▉       | 30/102 [17:36<43:19, 36.10s/it]
      48/50      18.1G     0.7723     0.4808     0.9941        926        640:  30%|███       | 31/102 [17:36<43:31, 36.79s/it]
      48/50      18.1G     0.7725     0.4808      0.994       1116        640:  30%|███       | 31/102 [18:07<43:31, 36.79s/it]
      48/50      18.1G     0.7725     0.4808      0.994       1116        640:  31%|███▏      | 32/102 [18:07<40:54, 35.06s/it]
      48/50      18.1G      0.775     0.4816     0.9945       1245        640:  31%|███▏      | 32/102 [18:33<40:54, 35.06s/it]
      48/50      18.1G      0.775     0.4816     0.9945       1245        640:  32%|███▏      | 33/102 [18:33<37:19, 32.46s/it]
      48/50      18.1G     0.7733     0.4807     0.9937        960        640:  32%|███▏      | 33/102 [19:16<37:19, 32.46s/it]
      48/50      18.1G     0.7733     0.4807     0.9937        960        640:  33%|███▎      | 34/102 [19:16<40:26, 35.69s/it]
      48/50      18.1G     0.7725     0.4802     0.9942        939        640:  33%|███▎      | 34/102 [19:42<40:26, 35.69s/it]
      48/50      18.1G     0.7725     0.4802     0.9942        939        640:  34%|███▍      | 35/102 [19:42<36:22, 32.57s/it]
      48/50      18.1G      0.772     0.4802     0.9938       1051        640:  34%|███▍      | 35/102 [20:06<36:22, 32.57s/it]
      48/50      18.1G      0.772     0.4802     0.9938       1051        640:  35%|███▌      | 36/102 [20:06<33:02, 30.04s/it]
      48/50      18.1G     0.7711     0.4801     0.9939        898        640:  35%|███▌      | 36/102 [20:37<33:02, 30.04s/it]
      48/50      18.1G     0.7711     0.4801     0.9939        898        640:  36%|███▋      | 37/102 [20:37<32:53, 30.37s/it]
      48/50      18.1G     0.7719     0.4796     0.9941       1060        640:  36%|███▋      | 37/102 [21:04<32:53, 30.37s/it]
      48/50      18.1G     0.7719     0.4796     0.9941       1060        640:  37%|███▋      | 38/102 [21:04<31:18, 29.35s/it]
      48/50      18.1G     0.7717     0.4792     0.9943       1019        640:  37%|███▋      | 38/102 [21:32<31:18, 29.35s/it]
      48/50      18.1G     0.7717     0.4792     0.9943       1019        640:  38%|███▊      | 39/102 [21:32<30:25, 28.98s/it]
      48/50      18.1G     0.7717     0.4792     0.9945        982        640:  38%|███▊      | 39/102 [22:05<30:25, 28.98s/it]
      48/50      18.1G     0.7717     0.4792     0.9945        982        640:  39%|███▉      | 40/102 [22:05<31:04, 30.08s/it]
      48/50      18.1G     0.7708     0.4786     0.9937       1227        640:  39%|███▉      | 40/102 [22:28<31:04, 30.08s/it]
      48/50      18.1G     0.7708     0.4786     0.9937       1227        640:  40%|████      | 41/102 [22:28<28:40, 28.21s/it]
      48/50      18.1G     0.7712     0.4792     0.9942       1038        640:  40%|████      | 41/102 [23:04<28:40, 28.21s/it]
      48/50      18.1G     0.7712     0.4792     0.9942       1038        640:  41%|████      | 42/102 [23:04<30:17, 30.29s/it]
      48/50      18.1G     0.7702     0.4788     0.9937       1128        640:  41%|████      | 42/102 [23:41<30:17, 30.29s/it]
      48/50      18.1G     0.7702     0.4788     0.9937       1128        640:  42%|████▏     | 43/102 [23:41<31:48, 32.34s/it]
      48/50      18.1G     0.7703     0.4788      0.994       1102        640:  42%|████▏     | 43/102 [24:10<31:48, 32.34s/it]
      48/50      18.1G     0.7703     0.4788      0.994       1102        640:  43%|████▎     | 44/102 [24:10<30:22, 31.43s/it]
      48/50      18.1G     0.7695      0.478     0.9936       1137        640:  43%|████▎     | 44/102 [24:38<30:22, 31.43s/it]
      48/50      18.1G     0.7695      0.478     0.9936       1137        640:  44%|████▍     | 45/102 [24:38<28:51, 30.38s/it]
      48/50      18.1G       0.77     0.4783     0.9943       1108        640:  44%|████▍     | 45/102 [25:07<28:51, 30.38s/it]
      48/50      18.1G       0.77     0.4783     0.9943       1108        640:  45%|████▌     | 46/102 [25:07<27:51, 29.85s/it]
      48/50      18.1G     0.7701     0.4786     0.9945       1173        640:  45%|████▌     | 46/102 [25:40<27:51, 29.85s/it]
      48/50      18.1G     0.7701     0.4786     0.9945       1173        640:  46%|████▌     | 47/102 [25:40<28:20, 30.92s/it]
      48/50      18.1G     0.7709     0.4784     0.9951       1110        640:  46%|████▌     | 47/102 [26:08<28:20, 30.92s/it]
      48/50      18.1G     0.7709     0.4784     0.9951       1110        640:  47%|████▋     | 48/102 [26:08<27:02, 30.04s/it]
      48/50      18.1G     0.7705     0.4785     0.9952       1070        640:  47%|████▋     | 48/102 [26:40<27:02, 30.04s/it]
      48/50      18.1G     0.7705     0.4785     0.9952       1070        640:  48%|████▊     | 49/102 [26:40<27:04, 30.66s/it]
      48/50      18.1G     0.7701     0.4782     0.9952       1054        640:  48%|████▊     | 49/102 [27:05<27:04, 30.66s/it]
      48/50      18.1G     0.7701     0.4782     0.9952       1054        640:  49%|████▉     | 50/102 [27:05<24:57, 28.81s/it]
      48/50      18.1G     0.7697     0.4779     0.9953        891        640:  49%|████▉     | 50/102 [27:39<24:57, 28.81s/it]
      48/50      18.1G     0.7697     0.4779     0.9953        891        640:  50%|█████     | 51/102 [27:39<25:57, 30.54s/it]
      48/50      18.1G     0.7694      0.478     0.9951       1162        640:  50%|█████     | 51/102 [28:08<25:57, 30.54s/it]
      48/50      18.1G     0.7694      0.478     0.9951       1162        640:  51%|█████     | 52/102 [28:08<24:55, 29.91s/it]
      48/50      18.1G     0.7697      0.479     0.9957       1091        640:  51%|█████     | 52/102 [28:36<24:55, 29.91s/it]
      48/50      18.1G     0.7697      0.479     0.9957       1091        640:  52%|█████▏    | 53/102 [28:36<24:00, 29.40s/it]
      48/50      18.1G     0.7698     0.4791     0.9954       1236        640:  52%|█████▏    | 53/102 [29:08<24:00, 29.40s/it]
      48/50      18.1G     0.7698     0.4791     0.9954       1236        640:  53%|█████▎    | 54/102 [29:08<24:17, 30.37s/it]
      48/50      18.1G     0.7698      0.479     0.9955       1096        640:  53%|█████▎    | 54/102 [29:35<24:17, 30.37s/it]
      48/50      18.1G     0.7698      0.479     0.9955       1096        640:  54%|█████▍    | 55/102 [29:35<22:53, 29.23s/it]
      48/50      18.1G     0.7696     0.4794     0.9956        998        640:  54%|█████▍    | 55/102 [30:05<22:53, 29.23s/it]
      48/50      18.1G     0.7696     0.4794     0.9956        998        640:  55%|█████▍    | 56/102 [30:05<22:41, 29.59s/it]
      48/50      18.1G      0.769     0.4789     0.9951       1008        640:  55%|█████▍    | 56/102 [30:31<22:41, 29.59s/it]
      48/50      18.1G      0.769     0.4789     0.9951       1008        640:  56%|█████▌    | 57/102 [30:31<21:21, 28.47s/it]
      48/50      18.1G     0.7687     0.4788      0.995        991        640:  56%|█████▌    | 57/102 [31:05<21:21, 28.47s/it]
      48/50      18.1G     0.7687     0.4788      0.995        991        640:  57%|█████▋    | 58/102 [31:05<22:03, 30.09s/it]
      48/50      18.1G     0.7679     0.4788     0.9946        886        640:  57%|█████▋    | 58/102 [31:30<22:03, 30.09s/it]
      48/50      18.1G     0.7679     0.4788     0.9946        886        640:  58%|█████▊    | 59/102 [31:30<20:25, 28.49s/it]
      48/50      18.1G     0.7679     0.4791     0.9944       1099        640:  58%|█████▊    | 59/102 [32:07<20:25, 28.49s/it]
      48/50      18.1G     0.7679     0.4791     0.9944       1099        640:  59%|█████▉    | 60/102 [32:07<21:49, 31.19s/it]
      48/50      18.1G     0.7674     0.4788     0.9943       1064        640:  59%|█████▉    | 60/102 [32:47<21:49, 31.19s/it]
      48/50      18.1G     0.7674     0.4788     0.9943       1064        640:  60%|█████▉    | 61/102 [32:47<22:59, 33.65s/it]
      48/50      18.1G     0.7675     0.4788      0.994       1113        640:  60%|█████▉    | 61/102 [33:28<22:59, 33.65s/it]
      48/50      18.1G     0.7675     0.4788      0.994       1113        640:  61%|██████    | 62/102 [33:28<23:56, 35.92s/it]
      48/50      18.1G     0.7667     0.4784     0.9936       1066        640:  61%|██████    | 62/102 [34:02<23:56, 35.92s/it]
      48/50      18.1G     0.7667     0.4784     0.9936       1066        640:  62%|██████▏   | 63/102 [34:02<22:57, 35.33s/it]
      48/50      18.1G     0.7658     0.4781     0.9936       1011        640:  62%|██████▏   | 63/102 [34:25<22:57, 35.33s/it]
      48/50      18.1G     0.7658     0.4781     0.9936       1011        640:  63%|██████▎   | 64/102 [34:25<20:01, 31.62s/it]
      48/50      18.1G     0.7655      0.478     0.9935       1166        640:  63%|██████▎   | 64/102 [35:02<20:01, 31.62s/it]
      48/50      18.1G     0.7655      0.478     0.9935       1166        640:  64%|██████▎   | 65/102 [35:02<20:28, 33.20s/it]
      48/50      18.1G     0.7654      0.478     0.9936       1011        640:  64%|██████▎   | 65/102 [35:28<20:28, 33.20s/it]
      48/50      18.1G     0.7654      0.478     0.9936       1011        640:  65%|██████▍   | 66/102 [35:28<18:35, 30.99s/it]
      48/50      18.1G     0.7653     0.4777     0.9935       1190        640:  65%|██████▍   | 66/102 [36:02<18:35, 30.99s/it]
      48/50      18.1G     0.7653     0.4777     0.9935       1190        640:  66%|██████▌   | 67/102 [36:02<18:34, 31.85s/it]
      48/50      18.1G     0.7652     0.4777     0.9933       1239        640:  66%|██████▌   | 67/102 [36:27<18:34, 31.85s/it]
      48/50      18.1G     0.7652     0.4777     0.9933       1239        640:  67%|██████▋   | 68/102 [36:27<16:53, 29.82s/it]
      48/50      18.1G     0.7648     0.4775     0.9931       1025        640:  67%|██████▋   | 68/102 [37:05<16:53, 29.82s/it]
      48/50      18.1G     0.7648     0.4775     0.9931       1025        640:  68%|██████▊   | 69/102 [37:05<17:50, 32.44s/it]
      48/50      18.1G     0.7656      0.478      0.993       1243        640:  68%|██████▊   | 69/102 [37:40<17:50, 32.44s/it]
      48/50      18.1G     0.7656      0.478      0.993       1243        640:  69%|██████▊   | 70/102 [37:40<17:38, 33.06s/it]
      48/50      18.1G     0.7652     0.4779     0.9927       1066        640:  69%|██████▊   | 70/102 [38:17<17:38, 33.06s/it]
      48/50      18.1G     0.7652     0.4779     0.9927       1066        640:  70%|██████▉   | 71/102 [38:17<17:46, 34.41s/it]
      48/50      18.1G     0.7652     0.4776     0.9925       1228        640:  70%|██████▉   | 71/102 [38:50<17:46, 34.41s/it]
      48/50      18.1G     0.7652     0.4776     0.9925       1228        640:  71%|███████   | 72/102 [38:50<17:01, 34.04s/it]
      48/50      18.1G     0.7665     0.4782     0.9933       1054        640:  71%|███████   | 72/102 [39:23<17:01, 34.04s/it]
      48/50      18.1G     0.7665     0.4782     0.9933       1054        640:  72%|███████▏  | 73/102 [39:23<16:16, 33.69s/it]
      48/50      18.1G     0.7663     0.4783     0.9933       1047        640:  72%|███████▏  | 73/102 [39:47<16:16, 33.69s/it]
      48/50      18.1G     0.7663     0.4783     0.9933       1047        640:  73%|███████▎  | 74/102 [39:47<14:21, 30.77s/it]
      48/50      18.1G     0.7663     0.4784     0.9928       1309        640:  73%|███████▎  | 74/102 [40:18<14:21, 30.77s/it]
      48/50      18.1G     0.7663     0.4784     0.9928       1309        640:  74%|███████▎  | 75/102 [40:18<13:53, 30.87s/it]
      48/50      18.1G      0.766     0.4784      0.993        919        640:  74%|███████▎  | 75/102 [40:45<13:53, 30.87s/it]
      48/50      18.1G      0.766     0.4784      0.993        919        640:  75%|███████▍  | 76/102 [40:45<12:49, 29.60s/it]
      48/50      18.1G     0.7657      0.478     0.9928       1018        640:  75%|███████▍  | 76/102 [41:20<12:49, 29.60s/it]
      48/50      18.1G     0.7657      0.478     0.9928       1018        640:  75%|███████▌  | 77/102 [41:20<12:58, 31.12s/it]
      48/50      18.1G      0.766     0.4782     0.9928       1297        640:  75%|███████▌  | 77/102 [41:45<12:58, 31.12s/it]
      48/50      18.1G      0.766     0.4782     0.9928       1297        640:  76%|███████▋  | 78/102 [41:45<11:42, 29.29s/it]
      48/50      18.1G     0.7655     0.4782     0.9927       1068        640:  76%|███████▋  | 78/102 [42:14<11:42, 29.29s/it]
      48/50      18.1G     0.7655     0.4782     0.9927       1068        640:  77%|███████▋  | 79/102 [42:14<11:12, 29.25s/it]
      48/50      18.1G     0.7661     0.4789     0.9931       1160        640:  77%|███████▋  | 79/102 [42:38<11:12, 29.25s/it]
      48/50      18.1G     0.7661     0.4789     0.9931       1160        640:  78%|███████▊  | 80/102 [42:38<10:08, 27.67s/it]
      48/50      18.1G     0.7663     0.4792      0.993       1171        640:  78%|███████▊  | 80/102 [43:20<10:08, 27.67s/it]
      48/50      18.1G     0.7663     0.4792      0.993       1171        640:  79%|███████▉  | 81/102 [43:20<11:15, 32.17s/it]
      48/50      18.1G      0.766     0.4795     0.9929       1155        640:  79%|███████▉  | 81/102 [43:45<11:15, 32.17s/it]
      48/50      18.1G      0.766     0.4795     0.9929       1155        640:  80%|████████  | 82/102 [43:45<09:55, 29.78s/it]
      48/50      18.1G     0.7661     0.4794     0.9929       1092        640:  80%|████████  | 82/102 [44:20<09:55, 29.78s/it]
      48/50      18.1G     0.7661     0.4794     0.9929       1092        640:  81%|████████▏ | 83/102 [44:20<09:58, 31.48s/it]
      48/50      18.1G     0.7658     0.4796     0.9929        987        640:  81%|████████▏ | 83/102 [44:51<09:58, 31.48s/it]
      48/50      18.1G     0.7658     0.4796     0.9929        987        640:  82%|████████▏ | 84/102 [44:51<09:22, 31.24s/it]
      48/50      18.1G     0.7656     0.4793     0.9926       1184        640:  82%|████████▏ | 84/102 [45:19<09:22, 31.24s/it]
      48/50      18.1G     0.7656     0.4793     0.9926       1184        640:  83%|████████▎ | 85/102 [45:19<08:35, 30.31s/it]
      48/50      18.1G     0.7649      0.479     0.9927       1041        640:  83%|████████▎ | 85/102 [45:45<08:35, 30.31s/it]
      48/50      18.1G     0.7649      0.479     0.9927       1041        640:  84%|████████▍ | 86/102 [45:45<07:46, 29.15s/it]
      48/50      18.1G      0.765     0.4788      0.993       1098        640:  84%|████████▍ | 86/102 [46:18<07:46, 29.15s/it]
      48/50      18.1G      0.765     0.4788      0.993       1098        640:  85%|████████▌ | 87/102 [46:18<07:33, 30.21s/it]
      48/50        19G      0.765     0.4788     0.9931       1090        640:  85%|████████▌ | 87/102 [46:46<07:33, 30.21s/it]
      48/50        19G      0.765     0.4788     0.9931       1090        640:  86%|████████▋ | 88/102 [46:46<06:54, 29.58s/it]
      48/50        19G     0.7647     0.4788     0.9933       1037        640:  86%|████████▋ | 88/102 [47:18<06:54, 29.58s/it]
      48/50        19G     0.7647     0.4788     0.9933       1037        640:  87%|████████▋ | 89/102 [47:18<06:33, 30.26s/it]
      48/50      19.9G     0.7648      0.479     0.9936       1121        640:  87%|████████▋ | 89/102 [47:43<06:33, 30.26s/it]
      48/50      19.9G     0.7648      0.479     0.9936       1121        640:  88%|████████▊ | 90/102 [47:43<05:44, 28.71s/it]
      48/50      19.9G     0.7647      0.479     0.9938       1108        640:  88%|████████▊ | 90/102 [48:23<05:44, 28.71s/it]
      48/50      19.9G     0.7647      0.479     0.9938       1108        640:  89%|████████▉ | 91/102 [48:23<05:53, 32.18s/it]
      48/50      19.9G     0.7646     0.4789     0.9937       1086        640:  89%|████████▉ | 91/102 [49:00<05:53, 32.18s/it]
      48/50      19.9G     0.7646     0.4789     0.9937       1086        640:  90%|█████████ | 92/102 [49:00<05:35, 33.51s/it]
      48/50      19.9G     0.7648     0.4791     0.9938       1164        640:  90%|█████████ | 92/102 [49:39<05:35, 33.51s/it]
      48/50      19.9G     0.7648     0.4791     0.9938       1164        640:  91%|█████████ | 93/102 [49:39<05:15, 35.09s/it]
      48/50      19.9G     0.7648      0.479     0.9936       1030        640:  91%|█████████ | 93/102 [50:14<05:15, 35.09s/it]
      48/50      19.9G     0.7648      0.479     0.9936       1030        640:  92%|█████████▏| 94/102 [50:14<04:41, 35.19s/it]
      48/50      20.9G     0.7649     0.4793     0.9936       1320        640:  92%|█████████▏| 94/102 [50:42<04:41, 35.19s/it]
      48/50      20.9G     0.7649     0.4793     0.9936       1320        640:  93%|█████████▎| 95/102 [50:42<03:49, 32.83s/it]
      48/50      20.9G      0.765     0.4795     0.9937       1229        640:  93%|█████████▎| 95/102 [51:10<03:49, 32.83s/it]
      48/50      20.9G      0.765     0.4795     0.9937       1229        640:  94%|█████████▍| 96/102 [51:10<03:09, 31.53s/it]
      48/50      20.9G     0.7644     0.4792     0.9935       1103        640:  94%|█████████▍| 96/102 [51:38<03:09, 31.53s/it]
      48/50      20.9G     0.7644     0.4792     0.9935       1103        640:  95%|█████████▌| 97/102 [51:38<02:31, 30.34s/it]
      48/50      20.9G     0.7644     0.4793     0.9933       1189        640:  95%|█████████▌| 97/102 [52:11<02:31, 30.34s/it]
      48/50      20.9G     0.7644     0.4793     0.9933       1189        640:  96%|█████████▌| 98/102 [52:11<02:04, 31.23s/it]
      48/50      20.9G     0.7641     0.4791     0.9932       1145        640:  96%|█████████▌| 98/102 [52:36<02:04, 31.23s/it]
      48/50      20.9G     0.7641     0.4791     0.9932       1145        640:  97%|█████████▋| 99/102 [52:36<01:27, 29.24s/it]
      48/50      20.9G     0.7635     0.4786     0.9931        985        640:  97%|█████████▋| 99/102 [53:08<01:27, 29.24s/it]
      48/50      20.9G     0.7635     0.4786     0.9931        985        640:  98%|█████████▊| 100/102 [53:08<01:00, 30.34s/it]
      48/50      20.9G     0.7636     0.4789     0.9932       1011        640:  98%|█████████▊| 100/102 [53:37<01:00, 30.34s/it]
      48/50      20.9G     0.7636     0.4789     0.9932       1011        640:  99%|█████████▉| 101/102 [53:37<00:29, 29.93s/it]
      48/50      20.9G     0.7637     0.4785     0.9935        200        640:  99%|█████████▉| 101/102 [53:45<00:29, 29.93s/it]
      48/50      20.9G     0.7637     0.4785     0.9935        200        640: 100%|██████████| 102/102 [53:45<00:00, 23.12s/it]
      48/50      20.9G     0.7637     0.4785     0.9935        200        640: 100%|██████████| 102/102 [53:45<00:00, 31.62s/it]

                 Class     Images  Instances      Box(P          R      mAP50  mAP50-95):   0%|          | 0/13 [00:00<?, ?it/s]
                 Class     Images  Instances      Box(P          R      mAP50  mAP50-95):   8%|▊         | 1/13 [00:00<00:03,  3.59it/s]
                 Class     Images  Instances      Box(P          R      mAP50  mAP50-95):  15%|█▌        | 2/13 [00:00<00:03,  3.63it/s]
                 Class     Images  Instances      Box(P          R      mAP50  mAP50-95):  23%|██▎       | 3/13 [00:00<00:02,  3.88it/s]
                 Class     Images  Instances      Box(P          R      mAP50  mAP50-95):  31%|███       | 4/13 [00:01<00:02,  3.94it/s]
                 Class     Images  Instances      Box(P          R      mAP50  mAP50-95):  38%|███▊      | 5/13 [02:26<07:01, 52.70s/it]
                 Class     Images  Instances      Box(P          R      mAP50  mAP50-95):  46%|████▌     | 6/13 [02:27<04:05, 35.04s/it]
                 Class     Images  Instances      Box(P          R      mAP50  mAP50-95):  54%|█████▍    | 7/13 [03:58<05:20, 53.34s/it]
                 Class     Images  Instances      Box(P          R      mAP50  mAP50-95):  62%|██████▏   | 8/13 [03:58<03:02, 36.46s/it]
                 Class     Images  Instances      Box(P          R      mAP50  mAP50-95):  69%|██████▉   | 9/13 [06:51<05:16, 79.19s/it]
                 Class     Images  Instances      Box(P          R      mAP50  mAP50-95):  77%|███████▋  | 10/13 [06:52<02:44, 54.82s/it]
                 Class     Images  Instances      Box(P          R      mAP50  mAP50-95):  85%|████████▍ | 11/13 [09:40<02:58, 89.45s/it]
                 Class     Images  Instances      Box(P          R      mAP50  mAP50-95):  92%|█████████▏| 12/13 [09:40<01:02, 62.31s/it]
                 Class     Images  Instances      Box(P          R      mAP50  mAP50-95): 100%|██████████| 13/13 [10:36<00:00, 60.30s/it]
                 Class     Images  Instances      Box(P          R      mAP50  mAP50-95): 100%|██████████| 13/13 [10:36<00:00, 48.93s/it]
                   all       1620      15401      0.721      0.554      0.598      0.383

      Epoch    GPU_mem   box_loss   cls_loss   dfl_loss  Instances       Size

  0%|          | 0/102 [00:00<?, ?it/s]
      49/50      15.7G     0.7436     0.4787     0.9958       1025        640:   0%|          | 0/102 [00:00<?, ?it/s]
      49/50      15.7G     0.7436     0.4787     0.9958       1025        640:   1%|          | 1/102 [00:00<00:17,  5.63it/s]
      49/50        16G     0.7289     0.4775     0.9926        988        640:   1%|          | 1/102 [00:00<00:17,  5.63it/s]
      49/50        16G     0.7289     0.4775     0.9926        988        640:   2%|▏         | 2/102 [00:00<00:16,  5.93it/s]
      49/50        16G     0.7294     0.4763     0.9881       1158        640:   2%|▏         | 2/102 [01:34<00:16,  5.93it/s]
      49/50        16G     0.7294     0.4763     0.9881       1158        640:   3%|▎         | 3/102 [01:34<1:11:25, 43.28s/it]
      49/50      16.6G     0.7389     0.4822     0.9849       1250        640:   3%|▎         | 3/102 [02:27<1:11:25, 43.28s/it]
      49/50      16.6G     0.7389     0.4822     0.9849       1250        640:   4%|▍         | 4/102 [02:27<1:16:57, 47.12s/it]
      49/50      16.6G     0.7395     0.4767      0.982       1070        640:   4%|▍         | 4/102 [03:16<1:16:57, 47.12s/it]
      49/50      16.6G     0.7395     0.4767      0.982       1070        640:   5%|▍         | 5/102 [03:16<1:16:55, 47.58s/it]
      49/50      16.6G     0.7375     0.4738     0.9839        996        640:   5%|▍         | 5/102 [03:55<1:16:55, 47.58s/it]
      49/50      16.6G     0.7375     0.4738     0.9839        996        640:   6%|▌         | 6/102 [03:55<1:11:40, 44.79s/it]
      49/50      16.6G     0.7392     0.4726     0.9843       1158        640:   6%|▌         | 6/102 [04:26<1:11:40, 44.79s/it]
      49/50      16.6G     0.7392     0.4726     0.9843       1158        640:   7%|▋         | 7/102 [04:26<1:03:49, 40.31s/it]
      49/50      16.6G     0.7428     0.4728     0.9853       1104        640:   7%|▋         | 7/102 [04:55<1:03:49, 40.31s/it]
      49/50      16.6G     0.7428     0.4728     0.9853       1104        640:   8%|▊         | 8/102 [04:55<57:07, 36.46s/it]
      49/50      16.6G     0.7381       0.47     0.9838       1043        640:   8%|▊         | 8/102 [05:24<57:07, 36.46s/it]
      49/50      16.6G     0.7381       0.47     0.9838       1043        640:   9%|▉         | 9/102 [05:24<53:09, 34.30s/it]
      49/50      16.6G     0.7418     0.4717     0.9838       1069        640:   9%|▉         | 9/102 [05:59<53:09, 34.30s/it]
      49/50      16.6G     0.7418     0.4717     0.9838       1069        640:  10%|▉         | 10/102 [05:59<52:41, 34.36s/it]
      49/50      16.6G     0.7418     0.4709     0.9861       1032        640:  10%|▉         | 10/102 [06:28<52:41, 34.36s/it]
      49/50      16.6G     0.7418     0.4709     0.9861       1032        640:  11%|█         | 11/102 [06:28<49:40, 32.76s/it]
      49/50      16.6G     0.7456     0.4735     0.9887        979        640:  11%|█         | 11/102 [07:02<49:40, 32.76s/it]
      49/50      16.6G     0.7456     0.4735     0.9887        979        640:  12%|█▏        | 12/102 [07:02<49:58, 33.31s/it]
      49/50      16.6G     0.7444      0.472     0.9894        948        640:  12%|█▏        | 12/102 [07:32<49:58, 33.31s/it]
      49/50      16.6G     0.7444      0.472     0.9894        948        640:  13%|█▎        | 13/102 [07:32<47:50, 32.25s/it]
      49/50      16.6G      0.746      0.475      0.991       1040        640:  13%|█▎        | 13/102 [07:57<47:50, 32.25s/it]
      49/50      16.6G      0.746      0.475      0.991       1040        640:  14%|█▎        | 14/102 [07:57<43:54, 29.94s/it]
      49/50      16.6G     0.7474     0.4756     0.9914       1048        640:  14%|█▎        | 14/102 [08:27<43:54, 29.94s/it]
      49/50      16.6G     0.7474     0.4756     0.9914       1048        640:  15%|█▍        | 15/102 [08:27<43:35, 30.06s/it]
      49/50      16.6G     0.7488      0.475     0.9903       1285        640:  15%|█▍        | 15/102 [08:57<43:35, 30.06s/it]
      49/50      16.6G     0.7488      0.475     0.9903       1285        640:  16%|█▌        | 16/102 [08:57<43:02, 30.03s/it]
      49/50      16.6G     0.7502      0.476      0.991       1082        640:  16%|█▌        | 16/102 [09:23<43:02, 30.03s/it]
      49/50      16.6G     0.7502      0.476      0.991       1082        640:  17%|█▋        | 17/102 [09:23<40:48, 28.80s/it]
      49/50      16.6G     0.7479     0.4749     0.9907       1045        640:  17%|█▋        | 17/102 [09:55<40:48, 28.80s/it]
      49/50      16.6G     0.7479     0.4749     0.9907       1045        640:  18%|█▊        | 18/102 [09:55<41:47, 29.86s/it]
      49/50      16.6G     0.7493     0.4759     0.9913       1020        640:  18%|█▊        | 18/102 [10:30<41:47, 29.86s/it]
      49/50      16.6G     0.7493     0.4759     0.9913       1020        640:  19%|█▊        | 19/102 [10:30<43:30, 31.46s/it]
      49/50      16.6G     0.7512     0.4769     0.9912       1163        640:  19%|█▊        | 19/102 [11:08<43:30, 31.46s/it]
      49/50      16.6G     0.7512     0.4769     0.9912       1163        640:  20%|█▉        | 20/102 [11:08<45:28, 33.28s/it]
      49/50      16.6G     0.7501     0.4765     0.9907       1019        640:  20%|█▉        | 20/102 [11:53<45:28, 33.28s/it]
      49/50      16.6G     0.7501     0.4765     0.9907       1019        640:  21%|██        | 21/102 [11:53<49:40, 36.79s/it]
      49/50      17.2G     0.7499      0.476     0.9902       1399        640:  21%|██        | 21/102 [12:28<49:40, 36.79s/it]
      49/50      17.2G     0.7499      0.476     0.9902       1399        640:  22%|██▏       | 22/102 [12:28<48:24, 36.30s/it]
      49/50      17.2G     0.7497     0.4753     0.9902       1118        640:  22%|██▏       | 22/102 [13:11<48:24, 36.30s/it]
      49/50      17.2G     0.7497     0.4753     0.9902       1118        640:  23%|██▎       | 23/102 [13:11<50:19, 38.23s/it]
      49/50      17.2G     0.7515      0.476     0.9916       1083        640:  23%|██▎       | 23/102 [13:51<50:19, 38.23s/it]
      49/50      17.2G     0.7515      0.476     0.9916       1083        640:  24%|██▎       | 24/102 [13:51<50:23, 38.76s/it]
      49/50      17.2G     0.7525     0.4759     0.9912       1241        640:  24%|██▎       | 24/102 [14:26<50:23, 38.76s/it]
      49/50      17.2G     0.7525     0.4759     0.9912       1241        640:  25%|██▍       | 25/102 [14:26<48:21, 37.69s/it]
      49/50      18.2G     0.7532     0.4761     0.9918       1237        640:  25%|██▍       | 25/102 [15:13<48:21, 37.69s/it]
      49/50      18.2G     0.7532     0.4761     0.9918       1237        640:  25%|██▌       | 26/102 [15:13<51:26, 40.61s/it]
      49/50      18.2G      0.752     0.4752     0.9915       1015        640:  25%|██▌       | 26/102 [15:54<51:26, 40.61s/it]
      49/50      18.2G      0.752     0.4752     0.9915       1015        640:  26%|██▋       | 27/102 [15:54<50:52, 40.70s/it]
      49/50      18.2G     0.7531     0.4755     0.9914       1266        640:  26%|██▋       | 27/102 [16:24<50:52, 40.70s/it]
      49/50      18.2G     0.7531     0.4755     0.9914       1266        640:  27%|██▋       | 28/102 [16:24<46:09, 37.42s/it]
      49/50      18.2G     0.7533      0.477     0.9918       1023        640:  27%|██▋       | 28/102 [17:02<46:09, 37.42s/it]
      49/50      18.2G     0.7533      0.477     0.9918       1023        640:  28%|██▊       | 29/102 [17:02<45:31, 37.42s/it]
      49/50      18.2G     0.7549     0.4779     0.9918       1150        640:  28%|██▊       | 29/102 [17:27<45:31, 37.42s/it]
      49/50      18.2G     0.7549     0.4779     0.9918       1150        640:  29%|██▉       | 30/102 [17:27<40:38, 33.86s/it]
      49/50      18.2G     0.7557     0.4783     0.9922       1117        640:  29%|██▉       | 30/102 [18:06<40:38, 33.86s/it]
      49/50      18.2G     0.7557     0.4783     0.9922       1117        640:  30%|███       | 31/102 [18:06<41:43, 35.27s/it]
      49/50      18.2G     0.7561     0.4793      0.993        895        640:  30%|███       | 31/102 [18:31<41:43, 35.27s/it]
      49/50      18.2G     0.7561     0.4793      0.993        895        640:  31%|███▏      | 32/102 [18:31<37:31, 32.16s/it]
      49/50      18.2G     0.7564     0.4794     0.9933       1005        640:  31%|███▏      | 32/102 [19:08<37:31, 32.16s/it]
      49/50      18.2G     0.7564     0.4794     0.9933       1005        640:  32%|███▏      | 33/102 [19:08<38:54, 33.84s/it]
      49/50      18.2G     0.7552     0.4785     0.9924       1035        640:  32%|███▏      | 33/102 [19:38<38:54, 33.84s/it]
      49/50      18.2G     0.7552     0.4785     0.9924       1035        640:  33%|███▎      | 34/102 [19:38<36:59, 32.64s/it]
      49/50      18.2G      0.756     0.4788     0.9923       1203        640:  33%|███▎      | 34/102 [20:11<36:59, 32.64s/it]
      49/50      18.2G      0.756     0.4788     0.9923       1203        640:  34%|███▍      | 35/102 [20:11<36:39, 32.82s/it]
      49/50      18.2G     0.7565     0.4791     0.9917       1154        640:  34%|███▍      | 35/102 [20:35<36:39, 32.82s/it]
      49/50      18.2G     0.7565     0.4791     0.9917       1154        640:  35%|███▌      | 36/102 [20:35<32:57, 29.97s/it]
      49/50      18.2G     0.7553     0.4783     0.9914        968        640:  35%|███▌      | 36/102 [21:08<32:57, 29.97s/it]
      49/50      18.2G     0.7553     0.4783     0.9914        968        640:  36%|███▋      | 37/102 [21:08<33:27, 30.88s/it]
      49/50      18.2G     0.7546      0.478     0.9919       1021        640:  36%|███▋      | 37/102 [21:30<33:27, 30.88s/it]
      49/50      18.2G     0.7546      0.478     0.9919       1021        640:  37%|███▋      | 38/102 [21:30<30:16, 28.38s/it]
      49/50      18.2G     0.7548     0.4775     0.9922       1093        640:  37%|███▋      | 38/102 [22:01<30:16, 28.38s/it]
      49/50      18.2G     0.7548     0.4775     0.9922       1093        640:  38%|███▊      | 39/102 [22:01<30:41, 29.24s/it]
      49/50      18.2G     0.7558     0.4779     0.9921       1225        640:  38%|███▊      | 39/102 [22:28<30:41, 29.24s/it]
      49/50      18.2G     0.7558     0.4779     0.9921       1225        640:  39%|███▉      | 40/102 [22:28<29:26, 28.50s/it]
      49/50      18.2G     0.7562     0.4778     0.9921       1137        640:  39%|███▉      | 40/102 [22:58<29:26, 28.50s/it]
      49/50      18.2G     0.7562     0.4778     0.9921       1137        640:  40%|████      | 41/102 [22:58<29:25, 28.94s/it]
      49/50      18.2G     0.7569     0.4778     0.9925       1073        640:  40%|████      | 41/102 [23:27<29:25, 28.94s/it]
      49/50      18.2G     0.7569     0.4778     0.9925       1073        640:  41%|████      | 42/102 [23:27<28:47, 28.79s/it]
      49/50      18.2G     0.7574      0.478     0.9923       1082        640:  41%|████      | 42/102 [23:58<28:47, 28.79s/it]
      49/50      18.2G     0.7574      0.478     0.9923       1082        640:  42%|████▏     | 43/102 [23:58<29:09, 29.65s/it]
      49/50      18.2G     0.7583     0.4785     0.9932        998        640:  42%|████▏     | 43/102 [24:24<29:09, 29.65s/it]
      49/50      18.2G     0.7583     0.4785     0.9932        998        640:  43%|████▎     | 44/102 [24:24<27:25, 28.38s/it]
      49/50      18.2G     0.7583     0.4785     0.9932       1213        640:  43%|████▎     | 44/102 [24:56<27:25, 28.38s/it]
      49/50      18.2G     0.7583     0.4785     0.9932       1213        640:  44%|████▍     | 45/102 [24:56<27:58, 29.45s/it]
      49/50      18.2G     0.7582     0.4781     0.9932       1050        640:  44%|████▍     | 45/102 [25:20<27:58, 29.45s/it]
      49/50      18.2G     0.7582     0.4781     0.9932       1050        640:  45%|████▌     | 46/102 [25:20<25:55, 27.77s/it]
      49/50      18.2G     0.7586     0.4781     0.9935       1135        640:  45%|████▌     | 46/102 [25:50<25:55, 27.77s/it]
      49/50      18.2G     0.7586     0.4781     0.9935       1135        640:  46%|████▌     | 47/102 [25:50<26:06, 28.48s/it]
      49/50      18.2G     0.7589     0.4784     0.9936       1142        640:  46%|████▌     | 47/102 [26:14<26:06, 28.48s/it]
      49/50      18.2G     0.7589     0.4784     0.9936       1142        640:  47%|████▋     | 48/102 [26:14<24:33, 27.29s/it]
      49/50      18.2G     0.7591     0.4781     0.9933       1216        640:  47%|████▋     | 48/102 [26:42<24:33, 27.29s/it]
      49/50      18.2G     0.7591     0.4781     0.9933       1216        640:  48%|████▊     | 49/102 [26:42<24:18, 27.52s/it]
      49/50      18.2G     0.7595     0.4778     0.9936       1144        640:  48%|████▊     | 49/102 [27:08<24:18, 27.52s/it]
      49/50      18.2G     0.7595     0.4778     0.9936       1144        640:  49%|████▉     | 50/102 [27:08<23:17, 26.88s/it]
      49/50      18.2G     0.7591     0.4773     0.9932       1151        640:  49%|████▉     | 50/102 [27:41<23:17, 26.88s/it]
      49/50      18.2G     0.7591     0.4773     0.9932       1151        640:  50%|█████     | 51/102 [27:41<24:29, 28.82s/it]
      49/50      18.2G     0.7594     0.4776     0.9927       1284        640:  50%|█████     | 51/102 [28:14<24:29, 28.82s/it]
      49/50      18.2G     0.7594     0.4776     0.9927       1284        640:  51%|█████     | 52/102 [28:14<25:06, 30.13s/it]
      49/50      18.2G     0.7593     0.4774     0.9929       1154        640:  51%|█████     | 52/102 [28:52<25:06, 30.13s/it]
      49/50      18.2G     0.7593     0.4774     0.9929       1154        640:  52%|█████▏    | 53/102 [28:52<26:28, 32.42s/it]
      49/50      18.2G     0.7595     0.4767     0.9927       1037        640:  52%|█████▏    | 53/102 [29:17<26:28, 32.42s/it]
      49/50      18.2G     0.7595     0.4767     0.9927       1037        640:  53%|█████▎    | 54/102 [29:17<24:05, 30.12s/it]
      49/50      18.2G     0.7594     0.4773     0.9926       1174        640:  53%|█████▎    | 54/102 [29:50<24:05, 30.12s/it]
      49/50      18.2G     0.7594     0.4773     0.9926       1174        640:  54%|█████▍    | 55/102 [29:50<24:21, 31.09s/it]
      49/50      18.2G     0.7594     0.4769     0.9928       1007        640:  54%|█████▍    | 55/102 [30:15<24:21, 31.09s/it]
      49/50      18.2G     0.7594     0.4769     0.9928       1007        640:  55%|█████▍    | 56/102 [30:15<22:27, 29.29s/it]
      49/50      18.2G     0.7596     0.4769     0.9926       1204        640:  55%|█████▍    | 56/102 [30:55<22:27, 29.29s/it]
      49/50      18.2G     0.7596     0.4769     0.9926       1204        640:  56%|█████▌    | 57/102 [30:55<24:24, 32.54s/it]
      49/50      19.2G     0.7594     0.4768     0.9923       1158        640:  56%|█████▌    | 57/102 [31:19<24:24, 32.54s/it]
      49/50      19.2G     0.7594     0.4768     0.9923       1158        640:  57%|█████▋    | 58/102 [31:19<22:00, 30.00s/it]
      49/50      19.2G     0.7596      0.477     0.9922       1230        640:  57%|█████▋    | 58/102 [31:57<22:00, 30.00s/it]
      49/50      19.2G     0.7596      0.477     0.9922       1230        640:  58%|█████▊    | 59/102 [31:57<23:09, 32.32s/it]
      49/50      19.2G     0.7595     0.4768     0.9919       1105        640:  58%|█████▊    | 59/102 [32:37<23:09, 32.32s/it]
      49/50      19.2G     0.7595     0.4768     0.9919       1105        640:  59%|█████▉    | 60/102 [32:37<24:07, 34.45s/it]
      49/50      19.2G     0.7596     0.4768     0.9917       1069        640:  59%|█████▉    | 60/102 [33:02<24:07, 34.45s/it]
      49/50      19.2G     0.7596     0.4768     0.9917       1069        640:  60%|█████▉    | 61/102 [33:02<21:48, 31.91s/it]
      49/50      19.2G     0.7593     0.4769     0.9918       1047        640:  60%|█████▉    | 61/102 [33:34<21:48, 31.91s/it]
      49/50      19.2G     0.7593     0.4769     0.9918       1047        640:  61%|██████    | 62/102 [33:34<21:15, 31.88s/it]
      49/50      19.2G     0.7589     0.4766     0.9916       1101        640:  61%|██████    | 62/102 [34:01<21:15, 31.88s/it]
      49/50      19.2G     0.7589     0.4766     0.9916       1101        640:  62%|██████▏   | 63/102 [34:01<19:44, 30.36s/it]
      49/50      19.2G     0.7587     0.4764     0.9913       1123        640:  62%|██████▏   | 63/102 [34:33<19:44, 30.36s/it]
      49/50      19.2G     0.7587     0.4764     0.9913       1123        640:  63%|██████▎   | 64/102 [34:33<19:34, 30.91s/it]
      49/50      19.2G     0.7585     0.4763     0.9911       1190        640:  63%|██████▎   | 64/102 [34:59<19:34, 30.91s/it]
      49/50      19.2G     0.7585     0.4763     0.9911       1190        640:  64%|██████▎   | 65/102 [34:59<18:09, 29.45s/it]
      49/50      19.2G     0.7589     0.4764     0.9912       1004        640:  64%|██████▎   | 65/102 [35:31<18:09, 29.45s/it]
      49/50      19.2G     0.7589     0.4764     0.9912       1004        640:  65%|██████▍   | 66/102 [35:31<18:09, 30.25s/it]
      49/50      19.2G     0.7588     0.4762     0.9913        988        640:  65%|██████▍   | 66/102 [35:55<18:09, 30.25s/it]
      49/50      19.2G     0.7588     0.4762     0.9913        988        640:  66%|██████▌   | 67/102 [35:55<16:31, 28.34s/it]
      49/50      19.2G     0.7583     0.4758     0.9909       1091        640:  66%|██████▌   | 67/102 [36:27<16:31, 28.34s/it]
      49/50      19.2G     0.7583     0.4758     0.9909       1091        640:  67%|██████▋   | 68/102 [36:27<16:39, 29.41s/it]
      49/50      19.2G     0.7582     0.4757     0.9909       1068        640:  67%|██████▋   | 68/102 [36:52<16:39, 29.41s/it]
      49/50      19.2G     0.7582     0.4757     0.9909       1068        640:  68%|██████▊   | 69/102 [36:52<15:23, 27.98s/it]
      49/50      19.2G      0.758     0.4755     0.9906       1138        640:  68%|██████▊   | 69/102 [37:24<15:23, 27.98s/it]
      49/50      19.2G      0.758     0.4755     0.9906       1138        640:  69%|██████▊   | 70/102 [37:24<15:37, 29.29s/it]
      49/50      19.2G     0.7583      0.476     0.9908        994        640:  69%|██████▊   | 70/102 [37:52<15:37, 29.29s/it]
      49/50      19.2G     0.7583      0.476     0.9908        994        640:  70%|██████▉   | 71/102 [37:52<14:51, 28.77s/it]
      49/50      20.4G      0.759     0.4763     0.9913       1052        640:  70%|██████▉   | 71/102 [38:23<14:51, 28.77s/it]
      49/50      20.4G      0.759     0.4763     0.9913       1052        640:  71%|███████   | 72/102 [38:23<14:44, 29.48s/it]
      49/50      20.4G      0.759     0.4762     0.9913        955        640:  71%|███████   | 72/102 [38:56<14:44, 29.48s/it]
      49/50      20.4G      0.759     0.4762     0.9913        955        640:  72%|███████▏  | 73/102 [38:56<14:49, 30.68s/it]
      49/50      20.4G     0.7585     0.4759     0.9911       1052        640:  72%|███████▏  | 73/102 [39:21<14:49, 30.68s/it]
      49/50      20.4G     0.7585     0.4759     0.9911       1052        640:  73%|███████▎  | 74/102 [39:21<13:27, 28.82s/it]
      49/50      20.4G     0.7584     0.4756     0.9907       1146        640:  73%|███████▎  | 74/102 [39:49<13:27, 28.82s/it]
      49/50      20.4G     0.7584     0.4756     0.9907       1146        640:  74%|███████▎  | 75/102 [39:49<12:56, 28.74s/it]
      49/50      20.4G      0.758     0.4757     0.9909        874        640:  74%|███████▎  | 75/102 [40:17<12:56, 28.74s/it]
      49/50      20.4G      0.758     0.4757     0.9909        874        640:  75%|███████▍  | 76/102 [40:17<12:17, 28.38s/it]
      49/50      20.4G      0.758     0.4756     0.9908       1165        640:  75%|███████▍  | 76/102 [40:48<12:17, 28.38s/it]
      49/50      20.4G      0.758     0.4756     0.9908       1165        640:  75%|███████▌  | 77/102 [40:48<12:11, 29.26s/it]
      49/50      20.4G     0.7581     0.4758     0.9911       1082        640:  75%|███████▌  | 77/102 [41:12<12:11, 29.26s/it]
      49/50      20.4G     0.7581     0.4758     0.9911       1082        640:  76%|███████▋  | 78/102 [41:12<10:59, 27.49s/it]
      49/50      20.4G     0.7584      0.476     0.9911       1053        640:  76%|███████▋  | 78/102 [41:43<10:59, 27.49s/it]
      49/50      20.4G     0.7584      0.476     0.9911       1053        640:  77%|███████▋  | 79/102 [41:43<10:59, 28.66s/it]
      49/50      20.4G     0.7585      0.476     0.9914        955        640:  77%|███████▋  | 79/102 [42:11<10:59, 28.66s/it]
      49/50      20.4G     0.7585      0.476     0.9914        955        640:  78%|███████▊  | 80/102 [42:11<10:26, 28.46s/it]
      49/50      20.4G     0.7583     0.4759     0.9914        948        640:  78%|███████▊  | 80/102 [42:40<10:26, 28.46s/it]
      49/50      20.4G     0.7583     0.4759     0.9914        948        640:  79%|███████▉  | 81/102 [42:40<09:58, 28.49s/it]
      49/50      20.4G     0.7585     0.4758     0.9912       1166        640:  79%|███████▉  | 81/102 [43:07<09:58, 28.49s/it]
      49/50      20.4G     0.7585     0.4758     0.9912       1166        640:  80%|████████  | 82/102 [43:07<09:25, 28.28s/it]
      49/50      20.4G     0.7581     0.4755     0.9913        903        640:  80%|████████  | 82/102 [43:41<09:25, 28.28s/it]
      49/50      20.4G     0.7581     0.4755     0.9913        903        640:  81%|████████▏ | 83/102 [43:41<09:29, 29.99s/it]
      49/50      20.4G     0.7579     0.4754     0.9913        987        640:  81%|████████▏ | 83/102 [44:14<09:29, 29.99s/it]
      49/50      20.4G     0.7579     0.4754     0.9913        987        640:  82%|████████▏ | 84/102 [44:14<09:16, 30.92s/it]
      49/50      20.4G     0.7584     0.4757     0.9915        998        640:  82%|████████▏ | 84/102 [44:47<09:16, 30.92s/it]
      49/50      20.4G     0.7584     0.4757     0.9915        998        640:  83%|████████▎ | 85/102 [44:47<08:53, 31.41s/it]
      49/50      20.4G     0.7586     0.4762     0.9918       1012        640:  83%|████████▎ | 85/102 [45:19<08:53, 31.41s/it]
      49/50      20.4G     0.7586     0.4762     0.9918       1012        640:  84%|████████▍ | 86/102 [45:19<08:27, 31.70s/it]
      49/50      20.4G     0.7584     0.4762     0.9916       1245        640:  84%|████████▍ | 86/102 [45:46<08:27, 31.70s/it]
      49/50      20.4G     0.7584     0.4762     0.9916       1245        640:  85%|████████▌ | 87/102 [45:46<07:31, 30.07s/it]
      49/50      20.4G     0.7585     0.4762     0.9917       1014        640:  85%|████████▌ | 87/102 [46:15<07:31, 30.07s/it]
      49/50      20.4G     0.7585     0.4762     0.9917       1014        640:  86%|████████▋ | 88/102 [46:15<06:56, 29.78s/it]
      49/50      20.4G     0.7587     0.4765     0.9918       1020        640:  86%|████████▋ | 88/102 [46:43<06:56, 29.78s/it]
      49/50      20.4G     0.7587     0.4765     0.9918       1020        640:  87%|████████▋ | 89/102 [46:43<06:19, 29.17s/it]
      49/50      20.4G     0.7588     0.4767     0.9915       1342        640:  87%|████████▋ | 89/102 [47:20<06:19, 29.17s/it]
      49/50      20.4G     0.7588     0.4767     0.9915       1342        640:  88%|████████▊ | 90/102 [47:20<06:18, 31.58s/it]
      49/50      20.4G     0.7586     0.4765     0.9914       1184        640:  88%|████████▊ | 90/102 [47:48<06:18, 31.58s/it]
      49/50      20.4G     0.7586     0.4765     0.9914       1184        640:  89%|████████▉ | 91/102 [47:48<05:35, 30.46s/it]
      49/50      20.4G     0.7587     0.4765     0.9913       1199        640:  89%|████████▉ | 91/102 [48:17<05:35, 30.46s/it]
      49/50      20.4G     0.7587     0.4765     0.9913       1199        640:  90%|█████████ | 92/102 [48:17<05:00, 30.07s/it]
      49/50      20.4G     0.7585     0.4766     0.9912        970        640:  90%|█████████ | 92/102 [48:47<05:00, 30.07s/it]
      49/50      20.4G     0.7585     0.4766     0.9912        970        640:  91%|█████████ | 93/102 [48:47<04:30, 30.09s/it]
      49/50      20.4G     0.7584     0.4765      0.991       1251        640:  91%|█████████ | 93/102 [49:13<04:30, 30.09s/it]
      49/50      20.4G     0.7584     0.4765      0.991       1251        640:  92%|█████████▏| 94/102 [49:13<03:50, 28.77s/it]
      49/50      20.4G     0.7584     0.4768     0.9911       1047        640:  92%|█████████▏| 94/102 [49:45<03:50, 28.77s/it]
      49/50      20.4G     0.7584     0.4768     0.9911       1047        640:  93%|█████████▎| 95/102 [49:45<03:29, 29.88s/it]
      49/50      20.4G     0.7578     0.4766     0.9909       1093        640:  93%|█████████▎| 95/102 [50:17<03:29, 29.88s/it]
      49/50      20.4G     0.7578     0.4766     0.9909       1093        640:  94%|█████████▍| 96/102 [50:17<03:02, 30.49s/it]
      49/50      20.4G     0.7575     0.4762     0.9909       1036        640:  94%|█████████▍| 96/102 [50:42<03:02, 30.49s/it]
      49/50      20.4G     0.7575     0.4762     0.9909       1036        640:  95%|█████████▌| 97/102 [50:42<02:24, 28.93s/it]
      49/50      20.4G      0.757      0.476     0.9908        944        640:  95%|█████████▌| 97/102 [51:13<02:24, 28.93s/it]
      49/50      20.4G      0.757      0.476     0.9908        944        640:  96%|█████████▌| 98/102 [51:13<01:58, 29.51s/it]
      49/50      20.4G     0.7569     0.4757     0.9908       1037        640:  96%|█████████▌| 98/102 [51:39<01:58, 29.51s/it]
      49/50      20.4G     0.7569     0.4757     0.9908       1037        640:  97%|█████████▋| 99/102 [51:39<01:25, 28.46s/it]
      49/50      20.4G     0.7566     0.4754     0.9909        921        640:  97%|█████████▋| 99/102 [52:09<01:25, 28.46s/it]
      49/50      20.4G     0.7566     0.4754     0.9909        921        640:  98%|█████████▊| 100/102 [52:09<00:57, 28.82s/it]
      49/50      20.4G     0.7561     0.4754      0.991       1051        640:  98%|█████████▊| 100/102 [52:36<00:57, 28.82s/it]
      49/50      20.4G     0.7561     0.4754      0.991       1051        640:  99%|█████████▉| 101/102 [52:36<00:28, 28.33s/it]
      49/50      20.4G     0.7558     0.4753     0.9912        195        640:  99%|█████████▉| 101/102 [52:42<00:28, 28.33s/it]
      49/50      20.4G     0.7558     0.4753     0.9912        195        640: 100%|██████████| 102/102 [52:42<00:00, 21.64s/it]
      49/50      20.4G     0.7558     0.4753     0.9912        195        640: 100%|██████████| 102/102 [52:42<00:00, 31.00s/it]

                 Class     Images  Instances      Box(P          R      mAP50  mAP50-95):   0%|          | 0/13 [00:00<?, ?it/s]
                 Class     Images  Instances      Box(P          R      mAP50  mAP50-95):   8%|▊         | 1/13 [00:00<00:03,  3.52it/s]
                 Class     Images  Instances      Box(P          R      mAP50  mAP50-95):  15%|█▌        | 2/13 [00:00<00:03,  3.45it/s]
                 Class     Images  Instances      Box(P          R      mAP50  mAP50-95):  23%|██▎       | 3/13 [00:00<00:02,  3.51it/s]
                 Class     Images  Instances      Box(P          R      mAP50  mAP50-95):  31%|███       | 4/13 [00:01<00:02,  3.63it/s]
                 Class     Images  Instances      Box(P          R      mAP50  mAP50-95):  38%|███▊      | 5/13 [02:09<06:10, 46.34s/it]
                 Class     Images  Instances      Box(P          R      mAP50  mAP50-95):  46%|████▌     | 6/13 [02:09<03:36, 30.88s/it]
                 Class     Images  Instances      Box(P          R      mAP50  mAP50-95):  54%|█████▍    | 7/13 [03:23<04:29, 44.97s/it]
                 Class     Images  Instances      Box(P          R      mAP50  mAP50-95):  62%|██████▏   | 8/13 [03:24<02:33, 30.74s/it]
                 Class     Images  Instances      Box(P          R      mAP50  mAP50-95):  69%|██████▉   | 9/13 [05:18<03:47, 56.89s/it]
                 Class     Images  Instances      Box(P          R      mAP50  mAP50-95):  77%|███████▋  | 10/13 [05:18<01:58, 39.41s/it]
                 Class     Images  Instances      Box(P          R      mAP50  mAP50-95):  85%|████████▍ | 11/13 [07:22<02:10, 65.24s/it]
                 Class     Images  Instances      Box(P          R      mAP50  mAP50-95):  92%|█████████▏| 12/13 [07:22<00:45, 45.47s/it]
                 Class     Images  Instances      Box(P          R      mAP50  mAP50-95): 100%|██████████| 13/13 [08:14<00:00, 47.20s/it]
                 Class     Images  Instances      Box(P          R      mAP50  mAP50-95): 100%|██████████| 13/13 [08:14<00:00, 38.01s/it]
                   all       1620      15401       0.73      0.547      0.595      0.381

      Epoch    GPU_mem   box_loss   cls_loss   dfl_loss  Instances       Size

  0%|          | 0/102 [00:00<?, ?it/s]
      50/50      15.9G     0.7686     0.4785     0.9941       1101        640:   0%|          | 0/102 [00:00<?, ?it/s]
      50/50      15.9G     0.7686     0.4785     0.9941       1101        640:   1%|          | 1/102 [00:00<00:17,  5.66it/s]
      50/50      16.4G     0.7424     0.4593      0.989        912        640:   1%|          | 1/102 [00:00<00:17,  5.66it/s]
      50/50      16.4G     0.7424     0.4593      0.989        912        640:   2%|▏         | 2/102 [00:00<00:16,  5.90it/s]
      50/50      16.4G     0.7349     0.4588     0.9879        925        640:   2%|▏         | 2/102 [01:18<00:16,  5.90it/s]
      50/50      16.4G     0.7349     0.4588     0.9879        925        640:   3%|▎         | 3/102 [01:18<59:16, 35.92s/it]
      50/50      16.4G     0.7367     0.4679     0.9912       1061        640:   3%|▎         | 3/102 [02:10<59:16, 35.92s/it]
      50/50      16.4G     0.7367     0.4679     0.9912       1061        640:   4%|▍         | 4/102 [02:10<1:08:59, 42.24s/it]
      50/50      17.3G     0.7448     0.4715     0.9897       1261        640:   4%|▍         | 4/102 [03:10<1:08:59, 42.24s/it]
      50/50      17.3G     0.7448     0.4715     0.9897       1261        640:   5%|▍         | 5/102 [03:10<1:18:13, 48.39s/it]
      50/50      17.3G     0.7458     0.4701     0.9897       1083        640:   5%|▍         | 5/102 [04:04<1:18:13, 48.39s/it]
      50/50      17.3G     0.7458     0.4701     0.9897       1083        640:   6%|▌         | 6/102 [04:04<1:20:47, 50.49s/it]
      50/50      17.3G      0.745     0.4666     0.9865       1184        640:   6%|▌         | 6/102 [04:30<1:20:47, 50.49s/it]
      50/50      17.3G      0.745     0.4666     0.9865       1184        640:   7%|▋         | 7/102 [04:30<1:07:25, 42.58s/it]
      50/50      17.3G     0.7451     0.4667     0.9854       1320        640:   7%|▋         | 7/102 [05:15<1:07:25, 42.58s/it]
      50/50      17.3G     0.7451     0.4667     0.9854       1320        640:   8%|▊         | 8/102 [05:15<1:07:38, 43.18s/it]
      50/50      17.3G     0.7473     0.4671     0.9864       1060        640:   8%|▊         | 8/102 [05:44<1:07:38, 43.18s/it]
      50/50      17.3G     0.7473     0.4671     0.9864       1060        640:   9%|▉         | 9/102 [05:44<1:00:13, 38.85s/it]
      50/50      17.3G     0.7518      0.468     0.9857       1242        640:   9%|▉         | 9/102 [06:14<1:00:13, 38.85s/it]
      50/50      17.3G     0.7518      0.468     0.9857       1242        640:  10%|▉         | 10/102 [06:14<55:26, 36.16s/it]
      50/50      17.3G      0.757     0.4711     0.9873       1153        640:  10%|▉         | 10/102 [06:46<55:26, 36.16s/it]
      50/50      17.3G      0.757     0.4711     0.9873       1153        640:  11%|█         | 11/102 [06:46<52:52, 34.86s/it]
      50/50      18.4G     0.7585     0.4711     0.9862       1336        640:  11%|█         | 11/102 [07:16<52:52, 34.86s/it]
      50/50      18.4G     0.7585     0.4711     0.9862       1336        640:  12%|█▏        | 12/102 [07:16<49:58, 33.32s/it]
      50/50      18.4G     0.7567       0.47     0.9856       1154        640:  12%|█▏        | 12/102 [07:51<49:58, 33.32s/it]
      50/50      18.4G     0.7567       0.47     0.9856       1154        640:  13%|█▎        | 13/102 [07:51<50:21, 33.95s/it]
      50/50      18.4G     0.7588     0.4705     0.9849       1373        640:  13%|█▎        | 13/102 [08:16<50:21, 33.95s/it]
      50/50      18.4G     0.7588     0.4705     0.9849       1373        640:  14%|█▎        | 14/102 [08:16<45:47, 31.22s/it]
      50/50      18.4G     0.7565     0.4692     0.9834       1182        640:  14%|█▎        | 14/102 [08:52<45:47, 31.22s/it]
      50/50      18.4G     0.7565     0.4692     0.9834       1182        640:  15%|█▍        | 15/102 [08:52<47:16, 32.61s/it]
      50/50      18.4G     0.7555     0.4689     0.9836        977        640:  15%|█▍        | 15/102 [09:20<47:16, 32.61s/it]
      50/50      18.4G     0.7555     0.4689     0.9836        977        640:  16%|█▌        | 16/102 [09:20<44:36, 31.13s/it]
      50/50      18.4G     0.7554     0.4682     0.9842        995        640:  16%|█▌        | 16/102 [09:57<44:36, 31.13s/it]
      50/50      18.4G     0.7554     0.4682     0.9842        995        640:  17%|█▋        | 17/102 [09:57<46:43, 32.99s/it]
      50/50      18.4G     0.7555     0.4691     0.9851        970        640:  17%|█▋        | 17/102 [10:22<46:43, 32.99s/it]
      50/50      18.4G     0.7555     0.4691     0.9851        970        640:  18%|█▊        | 18/102 [10:22<42:53, 30.64s/it]
      50/50      18.4G      0.755     0.4688     0.9851       1173        640:  18%|█▊        | 18/102 [11:03<42:53, 30.64s/it]
      50/50      18.4G      0.755     0.4688     0.9851       1173        640:  19%|█▊        | 19/102 [11:03<46:27, 33.59s/it]
      50/50      18.4G     0.7525     0.4686     0.9847        980        640:  19%|█▊        | 19/102 [11:31<46:27, 33.59s/it]
      50/50      18.4G     0.7525     0.4686     0.9847        980        640:  20%|█▉        | 20/102 [11:31<43:40, 31.96s/it]
      50/50      18.4G     0.7536     0.4683     0.9842       1267        640:  20%|█▉        | 20/102 [12:09<43:40, 31.96s/it]
      50/50      18.4G     0.7536     0.4683     0.9842       1267        640:  21%|██        | 21/102 [12:09<45:30, 33.71s/it]
      50/50      18.4G     0.7533     0.4686     0.9828       1389        640:  21%|██        | 21/102 [12:35<45:30, 33.71s/it]
      50/50      18.4G     0.7533     0.4686     0.9828       1389        640:  22%|██▏       | 22/102 [12:35<42:00, 31.50s/it]
      50/50      18.4G     0.7542     0.4696     0.9836       1039        640:  22%|██▏       | 22/102 [13:19<42:00, 31.50s/it]
      50/50      18.4G     0.7542     0.4696     0.9836       1039        640:  23%|██▎       | 23/102 [13:19<46:27, 35.29s/it]
      50/50      18.4G     0.7544     0.4695     0.9833       1018        640:  23%|██▎       | 23/102 [13:48<46:27, 35.29s/it]
      50/50      18.4G     0.7544     0.4695     0.9833       1018        640:  24%|██▎       | 24/102 [13:48<43:13, 33.25s/it]
      50/50      18.4G     0.7544     0.4704     0.9833       1091        640:  24%|██▎       | 24/102 [14:26<43:13, 33.25s/it]
      50/50      18.4G     0.7544     0.4704     0.9833       1091        640:  25%|██▍       | 25/102 [14:26<44:25, 34.62s/it]
      50/50      18.4G     0.7536     0.4699     0.9828       1157        640:  25%|██▍       | 25/102 [14:53<44:25, 34.62s/it]
      50/50      18.4G     0.7536     0.4699     0.9828       1157        640:  25%|██▌       | 26/102 [14:53<41:07, 32.47s/it]
      50/50      18.4G     0.7553     0.4708     0.9833       1366        640:  25%|██▌       | 26/102 [15:28<41:07, 32.47s/it]
      50/50      18.4G     0.7553     0.4708     0.9833       1366        640:  26%|██▋       | 27/102 [15:28<41:27, 33.17s/it]
      50/50      18.4G     0.7551     0.4711     0.9828       1202        640:  26%|██▋       | 27/102 [16:06<41:27, 33.17s/it]
      50/50      18.4G     0.7551     0.4711     0.9828       1202        640:  27%|██▋       | 28/102 [16:06<42:37, 34.56s/it]
      50/50      18.4G     0.7539     0.4711     0.9828        879        640:  27%|██▋       | 28/102 [16:38<42:37, 34.56s/it]
      50/50      18.4G     0.7539     0.4711     0.9828        879        640:  28%|██▊       | 29/102 [16:38<41:13, 33.88s/it]
      50/50      18.4G     0.7538      0.471     0.9828       1068        640:  28%|██▊       | 29/102 [17:15<41:13, 33.88s/it]
      50/50      18.4G     0.7538      0.471     0.9828       1068        640:  29%|██▉       | 30/102 [17:15<41:40, 34.73s/it]
      50/50      18.4G     0.7539      0.471     0.9834       1008        640:  29%|██▉       | 30/102 [17:42<41:40, 34.73s/it]
      50/50      18.4G     0.7539      0.471     0.9834       1008        640:  30%|███       | 31/102 [17:42<38:39, 32.66s/it]
      50/50      18.4G      0.753     0.4713     0.9837        943        640:  30%|███       | 31/102 [18:16<38:39, 32.66s/it]
      50/50      18.4G      0.753     0.4713     0.9837        943        640:  31%|███▏      | 32/102 [18:16<38:32, 33.03s/it]
      50/50      18.4G     0.7526      0.471     0.9841       1067        640:  31%|███▏      | 32/102 [18:44<38:32, 33.03s/it]
      50/50      18.4G     0.7526      0.471     0.9841       1067        640:  32%|███▏      | 33/102 [18:44<36:01, 31.33s/it]
      50/50      18.4G     0.7528     0.4713     0.9842       1281        640:  32%|███▏      | 33/102 [19:18<36:01, 31.33s/it]
      50/50      18.4G     0.7528     0.4713     0.9842       1281        640:  33%|███▎      | 34/102 [19:18<36:39, 32.34s/it]
      50/50      18.4G     0.7516      0.471      0.984        950        640:  33%|███▎      | 34/102 [20:02<36:39, 32.34s/it]
      50/50      18.4G     0.7516      0.471      0.984        950        640:  34%|███▍      | 35/102 [20:02<39:49, 35.67s/it]
      50/50      18.4G     0.7514     0.4705     0.9844        920        640:  34%|███▍      | 35/102 [20:40<39:49, 35.67s/it]
      50/50      18.4G     0.7514     0.4705     0.9844        920        640:  35%|███▌      | 36/102 [20:40<40:06, 36.47s/it]
      50/50      18.4G     0.7511     0.4699     0.9846        933        640:  35%|███▌      | 36/102 [21:38<40:06, 36.47s/it]
      50/50      18.4G     0.7511     0.4699     0.9846        933        640:  36%|███▋      | 37/102 [21:38<46:31, 42.94s/it]
      50/50      18.4G     0.7513     0.4699     0.9849       1141        640:  36%|███▋      | 37/102 [22:05<46:31, 42.94s/it]
      50/50      18.4G     0.7513     0.4699     0.9849       1141        640:  37%|███▋      | 38/102 [22:05<40:40, 38.14s/it]
      50/50      18.4G     0.7518     0.4705      0.985       1193        640:  37%|███▋      | 38/102 [22:47<40:40, 38.14s/it]
      50/50      18.4G     0.7518     0.4705      0.985       1193        640:  38%|███▊      | 39/102 [22:47<41:05, 39.13s/it]
      50/50      18.4G     0.7514     0.4703      0.985       1004        640:  38%|███▊      | 39/102 [23:19<41:05, 39.13s/it]
      50/50      18.4G     0.7514     0.4703      0.985       1004        640:  39%|███▉      | 40/102 [23:19<38:22, 37.14s/it]
      50/50      18.4G      0.752     0.4703      0.985       1295        640:  39%|███▉      | 40/102 [23:52<38:22, 37.14s/it]
      50/50      18.4G      0.752     0.4703      0.985       1295        640:  40%|████      | 41/102 [23:52<36:32, 35.95s/it]
      50/50      18.4G     0.7523     0.4705     0.9855       1044        640:  40%|████      | 41/102 [24:25<36:32, 35.95s/it]
      50/50      18.4G     0.7523     0.4705     0.9855       1044        640:  41%|████      | 42/102 [24:25<34:54, 34.91s/it]
      50/50      18.4G     0.7527     0.4708     0.9861       1033        640:  41%|████      | 42/102 [25:00<34:54, 34.91s/it]
      50/50      18.4G     0.7527     0.4708     0.9861       1033        640:  42%|████▏     | 43/102 [25:00<34:35, 35.17s/it]
      50/50      18.4G     0.7528      0.471     0.9865        898        640:  42%|████▏     | 43/102 [25:25<34:35, 35.17s/it]
      50/50      18.4G     0.7528      0.471     0.9865        898        640:  43%|████▎     | 44/102 [25:25<30:49, 31.88s/it]
      50/50      18.4G     0.7538     0.4718     0.9874       1080        640:  43%|████▎     | 44/102 [26:06<30:49, 31.88s/it]
      50/50      18.4G     0.7538     0.4718     0.9874       1080        640:  44%|████▍     | 45/102 [26:06<33:00, 34.75s/it]
      50/50      18.4G     0.7537     0.4721     0.9875       1041        640:  44%|████▍     | 45/102 [27:08<33:00, 34.75s/it]
      50/50      18.4G     0.7537     0.4721     0.9875       1041        640:  45%|████▌     | 46/102 [27:08<40:09, 43.02s/it]
      50/50      18.4G      0.754     0.4724     0.9876       1079        640:  45%|████▌     | 46/102 [27:38<40:09, 43.02s/it]
      50/50      18.4G      0.754     0.4724     0.9876       1079        640:  46%|████▌     | 47/102 [27:38<35:51, 39.12s/it]
      50/50      18.4G     0.7555     0.4728     0.9879       1155        640:  46%|████▌     | 47/102 [28:11<35:51, 39.12s/it]
      50/50      18.4G     0.7555     0.4728     0.9879       1155        640:  47%|████▋     | 48/102 [28:11<33:20, 37.04s/it]
      50/50      18.4G     0.7562     0.4733     0.9883       1095        640:  47%|████▋     | 48/102 [28:50<33:20, 37.04s/it]
      50/50      18.4G     0.7562     0.4733     0.9883       1095        640:  48%|████▊     | 49/102 [28:50<33:20, 37.74s/it]
      50/50      18.4G     0.7555     0.4728     0.9881       1023        640:  48%|████▊     | 49/102 [29:22<33:20, 37.74s/it]
      50/50      18.4G     0.7555     0.4728     0.9881       1023        640:  49%|████▉     | 50/102 [29:22<31:08, 35.93s/it]
      50/50      18.4G     0.7562     0.4734     0.9882       1123        640:  49%|████▉     | 50/102 [30:20<31:08, 35.93s/it]
      50/50      18.4G     0.7562     0.4734     0.9882       1123        640:  50%|█████     | 51/102 [30:20<36:07, 42.50s/it]
      50/50      18.4G     0.7566     0.4734      0.988       1223        640:  50%|█████     | 51/102 [30:47<36:07, 42.50s/it]
      50/50      18.4G     0.7566     0.4734      0.988       1223        640:  51%|█████     | 52/102 [30:47<31:34, 37.88s/it]
      50/50      18.4G     0.7564     0.4732     0.9878       1121        640:  51%|█████     | 52/102 [31:33<31:34, 37.88s/it]
      50/50      18.4G     0.7564     0.4732     0.9878       1121        640:  52%|█████▏    | 53/102 [31:33<32:54, 40.30s/it]
      50/50      18.4G     0.7564     0.4731      0.988       1118        640:  52%|█████▏    | 53/102 [32:11<32:54, 40.30s/it]
      50/50      18.4G     0.7564     0.4731      0.988       1118        640:  53%|█████▎    | 54/102 [32:11<31:51, 39.82s/it]
      50/50      18.4G     0.7561     0.4729     0.9878       1195        640:  53%|█████▎    | 54/102 [32:46<31:51, 39.82s/it]
      50/50      18.4G     0.7561     0.4729     0.9878       1195        640:  54%|█████▍    | 55/102 [32:46<29:56, 38.22s/it]
      50/50      18.4G     0.7567     0.4733     0.9881       1098        640:  54%|█████▍    | 55/102 [33:28<29:56, 38.22s/it]
      50/50      18.4G     0.7567     0.4733     0.9881       1098        640:  55%|█████▍    | 56/102 [33:28<30:18, 39.53s/it]
      50/50      18.4G     0.7564      0.473     0.9882       1127        640:  55%|█████▍    | 56/102 [33:58<30:18, 39.53s/it]
      50/50      18.4G     0.7564      0.473     0.9882       1127        640:  56%|█████▌    | 57/102 [33:58<27:30, 36.69s/it]
      50/50      18.4G     0.7565     0.4734     0.9884       1096        640:  56%|█████▌    | 57/102 [34:37<27:30, 36.69s/it]
      50/50      18.4G     0.7565     0.4734     0.9884       1096        640:  57%|█████▋    | 58/102 [34:37<27:15, 37.16s/it]
      50/50      18.4G     0.7567     0.4736      0.989        883        640:  57%|█████▋    | 58/102 [35:16<27:15, 37.16s/it]
      50/50      18.4G     0.7567     0.4736      0.989        883        640:  58%|█████▊    | 59/102 [35:16<27:07, 37.85s/it]
      50/50      18.4G     0.7564     0.4735     0.9891       1023        640:  58%|█████▊    | 59/102 [35:46<27:07, 37.85s/it]
      50/50      18.4G     0.7564     0.4735     0.9891       1023        640:  59%|█████▉    | 60/102 [35:46<24:47, 35.42s/it]
      50/50      18.4G     0.7569     0.4734     0.9893       1208        640:  59%|█████▉    | 60/102 [36:26<24:47, 35.42s/it]
      50/50      18.4G     0.7569     0.4734     0.9893       1208        640:  60%|█████▉    | 61/102 [36:26<25:13, 36.91s/it]
      50/50      18.4G     0.7565     0.4733     0.9893       1089        640:  60%|█████▉    | 61/102 [37:13<25:13, 36.91s/it]
      50/50      18.4G     0.7565     0.4733     0.9893       1089        640:  61%|██████    | 62/102 [37:13<26:38, 39.96s/it]
      50/50      18.4G      0.757     0.4736     0.9896       1135        640:  61%|██████    | 62/102 [37:48<26:38, 39.96s/it]
      50/50      18.4G      0.757     0.4736     0.9896       1135        640:  62%|██████▏   | 63/102 [37:48<25:01, 38.50s/it]
      50/50      18.4G     0.7579     0.4738     0.9901       1122        640:  62%|██████▏   | 63/102 [38:14<25:01, 38.50s/it]
      50/50      18.4G     0.7579     0.4738     0.9901       1122        640:  63%|██████▎   | 64/102 [38:14<21:58, 34.70s/it]
      50/50      18.4G     0.7578     0.4737     0.9907        897        640:  63%|██████▎   | 64/102 [38:52<21:58, 34.70s/it]
      50/50      18.4G     0.7578     0.4737     0.9907        897        640:  64%|██████▎   | 65/102 [38:52<21:55, 35.56s/it]
      50/50      18.4G     0.7573     0.4736     0.9906       1093        640:  64%|██████▎   | 65/102 [39:28<21:55, 35.56s/it]
      50/50      18.4G     0.7573     0.4736     0.9906       1093        640:  65%|██████▍   | 66/102 [39:28<21:22, 35.62s/it]
      50/50      18.4G     0.7574     0.4736     0.9904       1006        640:  65%|██████▍   | 66/102 [40:09<21:22, 35.62s/it]
      50/50      18.4G     0.7574     0.4736     0.9904       1006        640:  66%|██████▌   | 67/102 [40:09<21:48, 37.38s/it]
      50/50      18.4G     0.7569     0.4733     0.9903        850        640:  66%|██████▌   | 67/102 [40:40<21:48, 37.38s/it]
      50/50      18.4G     0.7569     0.4733     0.9903        850        640:  67%|██████▋   | 68/102 [40:40<20:08, 35.53s/it]
      50/50      18.4G     0.7579     0.4735     0.9907       1038        640:  67%|██████▋   | 68/102 [41:38<20:08, 35.53s/it]
      50/50      18.4G     0.7579     0.4735     0.9907       1038        640:  68%|██████▊   | 69/102 [41:38<23:14, 42.25s/it]
      50/50      18.4G     0.7574     0.4732     0.9907        890        640:  68%|██████▊   | 69/102 [42:26<23:14, 42.25s/it]
      50/50      18.4G     0.7574     0.4732     0.9907        890        640:  69%|██████▊   | 70/102 [42:26<23:23, 43.86s/it]
      50/50      18.4G     0.7576     0.4732     0.9905       1061        640:  69%|██████▊   | 70/102 [42:53<23:23, 43.86s/it]
      50/50      18.4G     0.7576     0.4732     0.9905       1061        640:  70%|██████▉   | 71/102 [42:53<19:59, 38.69s/it]
      50/50      18.4G     0.7578     0.4732     0.9906       1119        640:  70%|██████▉   | 71/102 [43:27<19:59, 38.69s/it]
      50/50      18.4G     0.7578     0.4732     0.9906       1119        640:  71%|███████   | 72/102 [43:27<18:39, 37.32s/it]
      50/50      18.4G     0.7576     0.4728     0.9906        955        640:  71%|███████   | 72/102 [43:52<18:39, 37.32s/it]
      50/50      18.4G     0.7576     0.4728     0.9906        955        640:  72%|███████▏  | 73/102 [43:52<16:20, 33.81s/it]
      50/50      18.4G     0.7582     0.4727     0.9903       1437        640:  72%|███████▏  | 73/102 [44:20<16:20, 33.81s/it]
      50/50      18.4G     0.7582     0.4727     0.9903       1437        640:  73%|███████▎  | 74/102 [44:20<14:52, 31.88s/it]
      50/50      18.4G     0.7579     0.4723     0.9903        970        640:  73%|███████▎  | 74/102 [44:48<14:52, 31.88s/it]
      50/50      18.4G     0.7579     0.4723     0.9903        970        640:  74%|███████▎  | 75/102 [44:48<13:52, 30.84s/it]
      50/50      18.4G     0.7577     0.4719     0.9904       1010        640:  74%|███████▎  | 75/102 [45:22<13:52, 30.84s/it]
      50/50      18.4G     0.7577     0.4719     0.9904       1010        640:  75%|███████▍  | 76/102 [45:22<13:46, 31.80s/it]
      50/50      18.4G     0.7576     0.4719     0.9902       1241        640:  75%|███████▍  | 76/102 [46:02<13:46, 31.80s/it]
      50/50      18.4G     0.7576     0.4719     0.9902       1241        640:  75%|███████▌  | 77/102 [46:02<14:14, 34.17s/it]
      50/50      18.4G     0.7577      0.472     0.9903       1130        640:  75%|███████▌  | 77/102 [46:46<14:14, 34.17s/it]
      50/50      18.4G     0.7577      0.472     0.9903       1130        640:  76%|███████▋  | 78/102 [46:46<14:52, 37.19s/it]
      50/50      18.4G     0.7576     0.4719     0.9901       1074        640:  76%|███████▋  | 78/102 [47:15<14:52, 37.19s/it]
      50/50      18.4G     0.7576     0.4719     0.9901       1074        640:  77%|███████▋  | 79/102 [47:15<13:17, 34.69s/it]
      50/50      18.4G     0.7576     0.4718     0.9901       1227        640:  77%|███████▋  | 79/102 [47:58<13:17, 34.69s/it]
      50/50      18.4G     0.7576     0.4718     0.9901       1227        640:  78%|███████▊  | 80/102 [47:58<13:40, 37.30s/it]
      50/50      18.4G     0.7579     0.4718       0.99       1176        640:  78%|███████▊  | 80/102 [48:40<13:40, 37.30s/it]
      50/50      18.4G     0.7579     0.4718       0.99       1176        640:  79%|███████▉  | 81/102 [48:40<13:33, 38.73s/it]
      50/50      18.4G     0.7577     0.4718     0.9901        999        640:  79%|███████▉  | 81/102 [49:04<13:33, 38.73s/it]
      50/50      18.4G     0.7577     0.4718     0.9901        999        640:  80%|████████  | 82/102 [49:04<11:24, 34.21s/it]
      50/50      18.4G     0.7574     0.4717     0.9903        861        640:  80%|████████  | 82/102 [49:36<11:24, 34.21s/it]
      50/50      18.4G     0.7574     0.4717     0.9903        861        640:  81%|████████▏ | 83/102 [49:36<10:39, 33.67s/it]
      50/50      18.4G     0.7573     0.4717     0.9901       1141        640:  81%|████████▏ | 83/102 [50:03<10:39, 33.67s/it]
      50/50      18.4G     0.7573     0.4717     0.9901       1141        640:  82%|████████▏ | 84/102 [50:03<09:27, 31.52s/it]
      50/50      18.4G     0.7572     0.4718     0.9902       1061        640:  82%|████████▏ | 84/102 [50:40<09:27, 31.52s/it]
      50/50      18.4G     0.7572     0.4718     0.9902       1061        640:  83%|████████▎ | 85/102 [50:40<09:23, 33.15s/it]
      50/50      18.4G     0.7565     0.4715     0.9899       1007        640:  83%|████████▎ | 85/102 [51:04<09:23, 33.15s/it]
      50/50      18.4G     0.7565     0.4715     0.9899       1007        640:  84%|████████▍ | 86/102 [51:04<08:07, 30.47s/it]
      50/50      18.4G     0.7562     0.4711     0.9896       1054        640:  84%|████████▍ | 86/102 [51:43<08:07, 30.47s/it]
      50/50      18.4G     0.7562     0.4711     0.9896       1054        640:  85%|████████▌ | 87/102 [51:43<08:14, 32.96s/it]
      50/50      18.4G     0.7562     0.4714     0.9894       1047        640:  85%|████████▌ | 87/102 [52:11<08:14, 32.96s/it]
      50/50      18.4G     0.7562     0.4714     0.9894       1047        640:  86%|████████▋ | 88/102 [52:11<07:20, 31.44s/it]
      50/50      18.4G     0.7558     0.4713     0.9894        968        640:  86%|████████▋ | 88/102 [52:51<07:20, 31.44s/it]
      50/50      18.4G     0.7558     0.4713     0.9894        968        640:  87%|████████▋ | 89/102 [52:51<07:24, 34.20s/it]
      50/50      18.4G     0.7555     0.4712     0.9891       1087        640:  87%|████████▋ | 89/102 [53:21<07:24, 34.20s/it]
      50/50      18.4G     0.7555     0.4712     0.9891       1087        640:  88%|████████▊ | 90/102 [53:21<06:32, 32.74s/it]
      50/50      18.4G     0.7555     0.4711     0.9891       1009        640:  88%|████████▊ | 90/102 [53:50<06:32, 32.74s/it]
      50/50      18.4G     0.7555     0.4711     0.9891       1009        640:  89%|████████▉ | 91/102 [53:50<05:47, 31.62s/it]
      50/50      18.4G     0.7553      0.471      0.989       1121        640:  89%|████████▉ | 91/102 [54:30<05:47, 31.62s/it]
      50/50      18.4G     0.7553      0.471      0.989       1121        640:  90%|█████████ | 92/102 [54:30<05:41, 34.16s/it]
      50/50      18.4G     0.7552     0.4708     0.9886       1234        640:  90%|█████████ | 92/102 [54:58<05:41, 34.16s/it]
      50/50      18.4G     0.7552     0.4708     0.9886       1234        640:  91%|█████████ | 93/102 [54:58<04:52, 32.50s/it]
      50/50      18.4G     0.7553      0.471     0.9886       1218        640:  91%|█████████ | 93/102 [55:37<04:52, 32.50s/it]
      50/50      18.4G     0.7553      0.471     0.9886       1218        640:  92%|█████████▏| 94/102 [55:37<04:34, 34.37s/it]
      50/50      18.4G     0.7552     0.4709     0.9885       1241        640:  92%|█████████▏| 94/102 [56:17<04:34, 34.37s/it]
      50/50      18.4G     0.7552     0.4709     0.9885       1241        640:  93%|█████████▎| 95/102 [56:17<04:11, 35.90s/it]
      50/50      18.4G     0.7556      0.471     0.9886       1056        640:  93%|█████████▎| 95/102 [57:10<04:11, 35.90s/it]
      50/50      18.4G     0.7556      0.471     0.9886       1056        640:  94%|█████████▍| 96/102 [57:10<04:06, 41.08s/it]
      50/50      18.4G     0.7556      0.471     0.9887        984        640:  94%|█████████▍| 96/102 [57:45<04:06, 41.08s/it]
      50/50      18.4G     0.7556      0.471     0.9887        984        640:  95%|█████████▌| 97/102 [57:45<03:15, 39.20s/it]
      50/50      18.4G     0.7554     0.4711     0.9885       1097        640:  95%|█████████▌| 97/102 [58:33<03:15, 39.20s/it]
      50/50      18.4G     0.7554     0.4711     0.9885       1097        640:  96%|█████████▌| 98/102 [58:33<02:47, 41.89s/it]
      50/50      18.4G     0.7554      0.471     0.9883       1182        640:  96%|█████████▌| 98/102 [59:04<02:47, 41.89s/it]
      50/50      18.4G     0.7554      0.471     0.9883       1182        640:  97%|█████████▋| 99/102 [59:04<01:56, 38.78s/it]
      50/50      18.4G     0.7554     0.4709     0.9883        965        640:  97%|█████████▋| 99/102 [59:52<01:56, 38.78s/it]
      50/50      18.4G     0.7554     0.4709     0.9883        965        640:  98%|█████████▊| 100/102 [59:52<01:22, 41.36s/it]
      50/50      18.4G      0.755     0.4708     0.9882       1206        640:  98%|█████████▊| 100/102 [1:00:19<01:22, 41.36s/it]
      50/50      18.4G      0.755     0.4708     0.9882       1206        640:  99%|█████████▉| 101/102 [1:00:19<00:37, 37.11s/it]
      50/50      18.4G     0.7541     0.4702     0.9883        248        640:  99%|█████████▉| 101/102 [1:00:45<00:37, 37.11s/it]
      50/50      18.4G     0.7541     0.4702     0.9883        248        640: 100%|██████████| 102/102 [1:00:45<00:00, 33.73s/it]
      50/50      18.4G     0.7541     0.4702     0.9883        248        640: 100%|██████████| 102/102 [1:00:45<00:00, 35.74s/it]

                 Class     Images  Instances      Box(P          R      mAP50  mAP50-95):   0%|          | 0/13 [00:00<?, ?it/s]
                 Class     Images  Instances      Box(P          R      mAP50  mAP50-95):   8%|▊         | 1/13 [00:00<00:03,  3.78it/s]
                 Class     Images  Instances      Box(P          R      mAP50  mAP50-95):  15%|█▌        | 2/13 [00:00<00:02,  3.70it/s]
                 Class     Images  Instances      Box(P          R      mAP50  mAP50-95):  23%|██▎       | 3/13 [00:00<00:02,  3.79it/s]
                 Class     Images  Instances      Box(P          R      mAP50  mAP50-95):  31%|███       | 4/13 [00:01<00:02,  3.77it/s]
                 Class     Images  Instances      Box(P          R      mAP50  mAP50-95):  38%|███▊      | 5/13 [02:42<07:48, 58.56s/it]
                 Class     Images  Instances      Box(P          R      mAP50  mAP50-95):  46%|████▌     | 6/13 [02:43<04:32, 38.90s/it]
                 Class     Images  Instances      Box(P          R      mAP50  mAP50-95):  54%|█████▍    | 7/13 [04:50<06:45, 67.65s/it]
                 Class     Images  Instances      Box(P          R      mAP50  mAP50-95):  62%|██████▏   | 8/13 [04:50<03:51, 46.21s/it]
                 Class     Images  Instances      Box(P          R      mAP50  mAP50-95):  69%|██████▉   | 9/13 [07:47<05:47, 86.97s/it]
                 Class     Images  Instances      Box(P          R      mAP50  mAP50-95):  77%|███████▋  | 10/13 [07:47<03:00, 60.20s/it]
                 Class     Images  Instances      Box(P          R      mAP50  mAP50-95):  85%|████████▍ | 11/13 [10:08<02:49, 84.97s/it]
                 Class     Images  Instances      Box(P          R      mAP50  mAP50-95):  92%|█████████▏| 12/13 [10:09<00:59, 59.20s/it]
                 Class     Images  Instances      Box(P          R      mAP50  mAP50-95): 100%|██████████| 13/13 [10:55<00:00, 55.40s/it]
                 Class     Images  Instances      Box(P          R      mAP50  mAP50-95): 100%|██████████| 13/13 [10:55<00:00, 50.44s/it]
                   all       1620      15401       0.75      0.539      0.596      0.382

9 epochs completed in 9.644 hours.
Optimizer stripped from /storage/ice-shared/vip-vx4/spring2025/vision-safety/runs/detect/train5/weights/last.pt, 19.2MB
Optimizer stripped from /storage/ice-shared/vip-vx4/spring2025/vision-safety/runs/detect/train5/weights/best.pt, 19.2MB

Validating /storage/ice-shared/vip-vx4/spring2025/vision-safety/runs/detect/train5/weights/best.pt...
Ultralytics 8.3.40 🚀 Python-3.12.6 torch-2.5.1+cu124 CUDA:0 (NVIDIA H100 80GB HBM3, 81117MiB)
YOLO11s summary (fused): 238 layers, 9,419,379 parameters, 0 gradients, 21.3 GFLOPs

                 Class     Images  Instances      Box(P          R      mAP50  mAP50-95):   0%|          | 0/13 [00:00<?, ?it/s]
                 Class     Images  Instances      Box(P          R      mAP50  mAP50-95):   8%|▊         | 1/13 [00:00<00:04,  2.41it/s]
                 Class     Images  Instances      Box(P          R      mAP50  mAP50-95):  15%|█▌        | 2/13 [02:15<14:37, 79.77s/it]
                 Class     Images  Instances      Box(P          R      mAP50  mAP50-95):  23%|██▎       | 3/13 [02:16<07:18, 43.86s/it]
                 Class     Images  Instances      Box(P          R      mAP50  mAP50-95):  31%|███       | 4/13 [03:21<07:49, 52.15s/it]
                 Class     Images  Instances      Box(P          R      mAP50  mAP50-95):  38%|███▊      | 5/13 [03:22<04:27, 33.48s/it]
                 Class     Images  Instances      Box(P          R      mAP50  mAP50-95):  46%|████▌     | 6/13 [04:57<06:21, 54.54s/it]
                 Class     Images  Instances      Box(P          R      mAP50  mAP50-95):  54%|█████▍    | 7/13 [04:58<03:42, 37.01s/it]
                 Class     Images  Instances      Box(P          R      mAP50  mAP50-95):  62%|██████▏   | 8/13 [05:40<03:13, 38.66s/it]
                 Class     Images  Instances      Box(P          R      mAP50  mAP50-95):  69%|██████▉   | 9/13 [06:14<02:28, 37.04s/it]
                 Class     Images  Instances      Box(P          R      mAP50  mAP50-95):  77%|███████▋  | 10/13 [07:48<02:43, 54.62s/it]
                 Class     Images  Instances      Box(P          R      mAP50  mAP50-95):  85%|████████▍ | 11/13 [08:19<01:34, 47.49s/it]
                 Class     Images  Instances      Box(P          R      mAP50  mAP50-95):  92%|█████████▏| 12/13 [10:01<01:04, 64.17s/it]
                 Class     Images  Instances      Box(P          R      mAP50  mAP50-95): 100%|██████████| 13/13 [10:01<00:00, 44.80s/it]
                 Class     Images  Instances      Box(P          R      mAP50  mAP50-95): 100%|██████████| 13/13 [10:01<00:00, 46.31s/it]
                   all       1620      15401      0.747      0.538      0.599      0.384
                Person       1523       2759      0.874      0.851       0.89      0.725
                  Head        947       1482      0.889       0.72      0.795      0.495
                  Face         52         72      0.678      0.322        0.4      0.218
               Glasses       1134       1818       0.94       0.87      0.909       0.69
     Face-mask-medical         28         29      0.613      0.483      0.588      0.283
            Face-guard         65         99      0.758      0.576      0.604      0.345
                   Ear         64        139      0.685      0.141      0.235      0.116
              Earmuffs        439       1053      0.506      0.279      0.299      0.153
                 Hands        315        376       0.73      0.644      0.656      0.333
                Gloves        255        567      0.685       0.49      0.542       0.32
                  Foot         90        227      0.842      0.357      0.519      0.341
                 Shoes       1308       3192      0.881      0.804      0.866      0.593
           Safety-vest       1294       2458      0.934      0.833      0.881      0.683
                 Tools         20         24      0.598      0.667      0.631      0.456
                Helmet        329        922      0.759      0.508      0.579      0.338
          Medical-suit         35         62      0.533      0.258      0.303      0.152
           Safety-suit         41        122      0.797      0.354      0.478      0.293
Speed: 0.0ms preprocess, 0.3ms inference, 0.0ms loss, 0.5ms postprocess per image
Results saved to [1m/storage/ice-shared/vip-vx4/spring2025/vision-safety/runs/detect/train5[0m
---------------------------------------
Begin Slurm Epilog: Feb-25-2025 01:24:03
Job ID:        1375200
User ID:       oupadhyay3
Account:       coc
Job name:      example
Resources:     cpu=1,gres/gpu:h100=1,mem=16G,node=1
Rsrc Used:     cput=09:50:02,vmem=0,walltime=09:50:02,mem=16750516K,energy_used=0
Partition:     coe-gpu
QOS:           coe-ice
Nodes:         atl1-1-03-010-10-0
---------------------------------------
