---------------------------------------
Begin Slurm Prolog: Feb-22-2025 15:26:05
Job ID:    1348248
User ID:   oupadhyay3
Account:   coc
Job name:  example
Partition: coe-gpu
QOS:       coe-ice
---------------------------------------

CommandNotFoundError: Your shell has not been properly configured to use 'conda deactivate'.
To initialize your shell, run

    $ conda init <SHELL_NAME>

Currently supported shells are:
  - bash
  - fish
  - tcsh
  - xonsh
  - zsh
  - powershell

See 'conda init --help' for more information and options.

IMPORTANT: You may need to close and restart your shell after running 'conda init'.


CUDA Version: 12.4
cuDNN Version: 90100
GPU Name: NVIDIA H100 80GB HBM3
GPU Memory: 79.22 GB
New https://pypi.org/project/ultralytics/8.3.78 available 😃 Update with 'pip install -U ultralytics'
[34m[1mengine/trainer: [0mtask=detect, mode=train, model=yolo11s.pt, data=/storage/ice-shared/vip-vx4/spring2025/vision-safety/datasets/data.yaml, epochs=50, time=None, patience=5, batch=64, imgsz=640, save=True, save_period=-1, cache=False, device=cuda:0, workers=1, project=/storage/ice-shared/vip-vx4/spring2025/vision-safety, name=train5, exist_ok=False, pretrained=True, optimizer=auto, verbose=True, seed=0, deterministic=True, single_cls=False, rect=False, cos_lr=False, close_mosaic=10, resume=False, amp=True, fraction=1.0, profile=False, freeze=None, multi_scale=False, overlap_mask=True, mask_ratio=4, dropout=0.0, val=True, split=val, save_json=False, save_hybrid=False, conf=None, iou=0.7, max_det=300, half=False, dnn=False, plots=True, source=None, vid_stride=1, stream_buffer=False, visualize=False, augment=False, agnostic_nms=False, classes=None, retina_masks=False, embed=None, show=False, save_frames=False, save_txt=False, save_conf=False, save_crop=False, show_labels=True, show_conf=True, show_boxes=True, line_width=None, format=torchscript, keras=False, optimize=False, int8=False, dynamic=False, simplify=True, opset=None, workspace=None, nms=False, lr0=0.01, lrf=0.01, momentum=0.937, weight_decay=0.0005, warmup_epochs=3.0, warmup_momentum=0.8, warmup_bias_lr=0.1, box=7.5, cls=0.5, dfl=1.5, pose=12.0, kobj=1.0, nbs=64, hsv_h=0.015, hsv_s=0.7, hsv_v=0.4, degrees=0.0, translate=0.1, scale=0.5, shear=0.0, perspective=0.0, flipud=0.0, fliplr=0.5, bgr=0.0, mosaic=1.0, mixup=0.0, copy_paste=0.0, copy_paste_mode=flip, auto_augment=randaugment, erasing=0.4, crop_fraction=1.0, cfg=None, tracker=botsort.yaml, save_dir=/storage/ice-shared/vip-vx4/spring2025/vision-safety/runs/detect/train5
Overriding model.yaml nc=80 with nc=17

                   from  n    params  module                                       arguments
  0                  -1  1       928  ultralytics.nn.modules.conv.Conv             [3, 32, 3, 2]
  1                  -1  1     18560  ultralytics.nn.modules.conv.Conv             [32, 64, 3, 2]
  2                  -1  1     26080  ultralytics.nn.modules.block.C3k2            [64, 128, 1, False, 0.25]
  3                  -1  1    147712  ultralytics.nn.modules.conv.Conv             [128, 128, 3, 2]
  4                  -1  1    103360  ultralytics.nn.modules.block.C3k2            [128, 256, 1, False, 0.25]
  5                  -1  1    590336  ultralytics.nn.modules.conv.Conv             [256, 256, 3, 2]
  6                  -1  1    346112  ultralytics.nn.modules.block.C3k2            [256, 256, 1, True]
  7                  -1  1   1180672  ultralytics.nn.modules.conv.Conv             [256, 512, 3, 2]
  8                  -1  1   1380352  ultralytics.nn.modules.block.C3k2            [512, 512, 1, True]
  9                  -1  1    656896  ultralytics.nn.modules.block.SPPF            [512, 512, 5]
 10                  -1  1    990976  ultralytics.nn.modules.block.C2PSA           [512, 512, 1]
 11                  -1  1         0  torch.nn.modules.upsampling.Upsample         [None, 2, 'nearest']
 12             [-1, 6]  1         0  ultralytics.nn.modules.conv.Concat           [1]
 13                  -1  1    443776  ultralytics.nn.modules.block.C3k2            [768, 256, 1, False]
 14                  -1  1         0  torch.nn.modules.upsampling.Upsample         [None, 2, 'nearest']
 15             [-1, 4]  1         0  ultralytics.nn.modules.conv.Concat           [1]
 16                  -1  1    127680  ultralytics.nn.modules.block.C3k2            [512, 128, 1, False]
 17                  -1  1    147712  ultralytics.nn.modules.conv.Conv             [128, 128, 3, 2]
 18            [-1, 13]  1         0  ultralytics.nn.modules.conv.Concat           [1]
 19                  -1  1    345472  ultralytics.nn.modules.block.C3k2            [384, 256, 1, False]
 20                  -1  1    590336  ultralytics.nn.modules.conv.Conv             [256, 256, 3, 2]
 21            [-1, 10]  1         0  ultralytics.nn.modules.conv.Concat           [1]
 22                  -1  1   1511424  ultralytics.nn.modules.block.C3k2            [768, 512, 1, True]
 23        [16, 19, 22]  1    825987  ultralytics.nn.modules.head.Detect           [17, [128, 256, 512]]
YOLO11s summary: 319 layers, 9,434,371 parameters, 9,434,355 gradients, 21.6 GFLOPs

Transferred 493/499 items from pretrained weights
Freezing layer 'model.23.dfl.conv.weight'
[34m[1mAMP: [0mrunning Automatic Mixed Precision (AMP) checks...
[34m[1mAMP: [0mchecks passed ✅

[34m[1mtrain: [0mScanning /storage/ice-shared/vip-vx4/spring2025/vision-safety/datasets/train/labels.cache... 6479 images, 0 backgrounds, 0 corrupt: 100%|██████████| 6479/6479 [00:00<?, ?it/s]
[34m[1mtrain: [0mScanning /storage/ice-shared/vip-vx4/spring2025/vision-safety/datasets/train/labels.cache... 6479 images, 0 backgrounds, 0 corrupt: 100%|██████████| 6479/6479 [00:00<?, ?it/s]

[34m[1mval: [0mScanning /storage/ice-shared/vip-vx4/spring2025/vision-safety/datasets/val/labels.cache... 1620 images, 0 backgrounds, 0 corrupt: 100%|██████████| 1620/1620 [00:00<?, ?it/s]
[34m[1mval: [0mScanning /storage/ice-shared/vip-vx4/spring2025/vision-safety/datasets/val/labels.cache... 1620 images, 0 backgrounds, 0 corrupt: 100%|██████████| 1620/1620 [00:00<?, ?it/s]
/storage/ice-shared/vip-vx4/.conda/envs/llama/lib/python3.12/site-packages/torch/utils/data/dataloader.py:617: UserWarning: This DataLoader will create 2 worker processes in total. Our suggested max number of worker in current system is 1, which is smaller than what this DataLoader is going to create. Please be aware that excessive worker creation might get DataLoader running slow or even freeze, lower the worker number to avoid potential slowness/freeze if necessary.
  warnings.warn(
Plotting labels to /storage/ice-shared/vip-vx4/spring2025/vision-safety/runs/detect/train5/labels.jpg...
[34m[1moptimizer:[0m 'optimizer=auto' found, ignoring 'lr0=0.01' and 'momentum=0.937' and determining best 'optimizer', 'lr0' and 'momentum' automatically...
[34m[1moptimizer:[0m AdamW(lr=0.000476, momentum=0.9) with parameter groups 81 weight(decay=0.0), 88 weight(decay=0.0005), 87 bias(decay=0.0)
Image sizes 640 train, 640 val
Using 1 dataloader workers
Logging results to [1m/storage/ice-shared/vip-vx4/spring2025/vision-safety/runs/detect/train5[0m
Starting training for 50 epochs...

      Epoch    GPU_mem   box_loss   cls_loss   dfl_loss  Instances       Size

  0%|          | 0/102 [00:00<?, ?it/s]
       1/50      16.1G      1.565      4.932      1.547       1243        640:   0%|          | 0/102 [01:19<?, ?it/s]
       1/50      16.1G      1.565      4.932      1.547       1243        640:   1%|          | 1/102 [01:19<2:14:01, 79.62s/it]
       1/50      16.9G      1.589      4.895      1.541       1533        640:   1%|          | 1/102 [02:52<2:14:01, 79.62s/it]
       1/50      16.9G      1.589      4.895      1.541       1533        640:   2%|▏         | 2/102 [02:52<2:25:28, 87.28s/it]
       1/50      16.9G       1.58       4.92      1.552       1140        640:   2%|▏         | 2/102 [03:59<2:25:28, 87.28s/it]
       1/50      16.9G       1.58       4.92      1.552       1140        640:   3%|▎         | 3/102 [03:59<2:09:14, 78.33s/it]
       1/50      16.9G      1.587      4.944      1.568        997        640:   3%|▎         | 3/102 [04:58<2:09:14, 78.33s/it]
       1/50      16.9G      1.587      4.944      1.568        997        640:   4%|▍         | 4/102 [04:58<1:55:03, 70.44s/it]
       1/50      16.9G      1.587      4.945      1.572       1096        640:   4%|▍         | 4/102 [05:32<1:55:03, 70.44s/it]
       1/50      16.9G      1.587      4.945      1.572       1096        640:   5%|▍         | 5/102 [05:32<1:32:50, 57.43s/it]
       1/50      16.9G      1.589       4.95      1.579       1143        640:   5%|▍         | 5/102 [05:56<1:32:50, 57.43s/it]
       1/50      16.9G      1.589       4.95      1.579       1143        640:   6%|▌         | 6/102 [05:56<1:13:40, 46.04s/it]
       1/50      16.9G       1.59       4.96      1.585       1000        640:   6%|▌         | 6/102 [06:21<1:13:40, 46.04s/it]
       1/50      16.9G       1.59       4.96      1.585       1000        640:   7%|▋         | 7/102 [06:21<1:01:57, 39.13s/it]
       1/50        17G      1.576       4.95      1.575       1375        640:   7%|▋         | 7/102 [06:43<1:01:57, 39.13s/it]
       1/50        17G      1.576       4.95      1.575       1375        640:   8%|▊         | 8/102 [06:43<52:37, 33.59s/it]
       1/50        17G      1.565      4.936      1.569       1265        640:   8%|▊         | 8/102 [07:05<52:37, 33.59s/it]
       1/50        17G      1.565      4.936      1.569       1265        640:   9%|▉         | 9/102 [07:05<46:34, 30.04s/it]
       1/50        17G       1.56       4.92      1.567       1202        640:   9%|▉         | 9/102 [07:29<46:34, 30.04s/it]
       1/50        17G       1.56       4.92      1.567       1202        640:  10%|▉         | 10/102 [07:29<43:18, 28.24s/it]
       1/50        17G      1.555      4.902      1.563       1105        640:  10%|▉         | 10/102 [07:54<43:18, 28.24s/it]
       1/50        17G      1.555      4.902      1.563       1105        640:  11%|█         | 11/102 [07:54<41:13, 27.18s/it]
       1/50        17G      1.548      4.874      1.558       1111        640:  11%|█         | 11/102 [08:18<41:13, 27.18s/it]
       1/50        17G      1.548      4.874      1.558       1111        640:  12%|█▏        | 12/102 [08:18<39:32, 26.36s/it]
       1/50        17G      1.532      4.844      1.547       1119        640:  12%|█▏        | 12/102 [08:42<39:32, 26.36s/it]
       1/50        17G      1.532      4.844      1.547       1119        640:  13%|█▎        | 13/102 [08:42<37:47, 25.48s/it]
       1/50        17G      1.524      4.815      1.544        900        640:  13%|█▎        | 13/102 [09:07<37:47, 25.48s/it]
       1/50        17G      1.524      4.815      1.544        900        640:  14%|█▎        | 14/102 [09:07<36:59, 25.22s/it]
       1/50        17G      1.514      4.772      1.537       1031        640:  14%|█▎        | 14/102 [09:31<36:59, 25.22s/it]
       1/50        17G      1.514      4.772      1.537       1031        640:  15%|█▍        | 15/102 [09:31<36:10, 24.95s/it]
       1/50        17G      1.504      4.728      1.529       1092        640:  15%|█▍        | 15/102 [09:54<36:10, 24.95s/it]
       1/50        17G      1.504      4.728      1.529       1092        640:  16%|█▌        | 16/102 [09:54<35:11, 24.55s/it]
       1/50        17G      1.492      4.676      1.522       1126        640:  16%|█▌        | 16/102 [10:17<35:11, 24.55s/it]
       1/50        17G      1.492      4.676      1.522       1126        640:  17%|█▋        | 17/102 [10:17<33:55, 23.94s/it]
       1/50        17G      1.483      4.624      1.519        961        640:  17%|█▋        | 17/102 [10:42<33:55, 23.94s/it]
       1/50        17G      1.483      4.624      1.519        961        640:  18%|█▊        | 18/102 [10:42<34:04, 24.34s/it]
       1/50        17G      1.475      4.569      1.514       1101        640:  18%|█▊        | 18/102 [11:06<34:04, 24.34s/it]
       1/50        17G      1.475      4.569      1.514       1101        640:  19%|█▊        | 19/102 [11:06<33:27, 24.18s/it]
       1/50        17G      1.466      4.512      1.509       1111        640:  19%|█▊        | 19/102 [11:31<33:27, 24.18s/it]
       1/50        17G      1.466      4.512      1.509       1111        640:  20%|█▉        | 20/102 [11:31<33:33, 24.55s/it]
       1/50        17G      1.459       4.45      1.505       1122        640:  20%|█▉        | 20/102 [11:56<33:33, 24.55s/it]
       1/50        17G      1.459       4.45      1.505       1122        640:  21%|██        | 21/102 [11:56<33:14, 24.63s/it]
       1/50        17G      1.454      4.386      1.501       1133        640:  21%|██        | 21/102 [12:22<33:14, 24.63s/it]
       1/50        17G      1.454      4.386      1.501       1133        640:  22%|██▏       | 22/102 [12:22<33:06, 24.84s/it]
       1/50        17G      1.448      4.322      1.497       1065        640:  22%|██▏       | 22/102 [12:47<33:06, 24.84s/it]
       1/50        17G      1.448      4.322      1.497       1065        640:  23%|██▎       | 23/102 [12:47<32:45, 24.87s/it]
       1/50        17G      1.443      4.253      1.493       1323        640:  23%|██▎       | 23/102 [13:10<32:45, 24.87s/it]
       1/50        17G      1.443      4.253      1.493       1323        640:  24%|██▎       | 24/102 [13:10<31:37, 24.32s/it]
       1/50        17G      1.436      4.182      1.489       1118        640:  24%|██▎       | 24/102 [13:33<31:37, 24.32s/it]
       1/50        17G      1.436      4.182      1.489       1118        640:  25%|██▍       | 25/102 [13:33<31:00, 24.17s/it]
       1/50        17G      1.433      4.114      1.486       1325        640:  25%|██▍       | 25/102 [13:56<31:00, 24.17s/it]
       1/50        17G      1.433      4.114      1.486       1325        640:  25%|██▌       | 26/102 [13:56<30:12, 23.84s/it]
       1/50        17G      1.425      4.045      1.482       1190        640:  25%|██▌       | 26/102 [14:21<30:12, 23.84s/it]
       1/50        17G      1.425      4.045      1.482       1190        640:  26%|██▋       | 27/102 [14:21<30:09, 24.13s/it]
       1/50        17G      1.419      3.977      1.477       1099        640:  26%|██▋       | 27/102 [14:45<30:09, 24.13s/it]
       1/50        17G      1.419      3.977      1.477       1099        640:  27%|██▋       | 28/102 [14:45<29:28, 23.91s/it]
       1/50        17G      1.414      3.915      1.475        997        640:  27%|██▋       | 28/102 [15:08<29:28, 23.91s/it]
       1/50        17G      1.414      3.915      1.475        997        640:  28%|██▊       | 29/102 [15:08<29:00, 23.84s/it]
       1/50        17G      1.407      3.853      1.471       1160        640:  28%|██▊       | 29/102 [15:33<29:00, 23.84s/it]
       1/50        17G      1.407      3.853      1.471       1160        640:  29%|██▉       | 30/102 [15:33<28:48, 24.01s/it]
       1/50        17G      1.402      3.794      1.466       1271        640:  29%|██▉       | 30/102 [15:57<28:48, 24.01s/it]
       1/50        17G      1.402      3.794      1.466       1271        640:  30%|███       | 31/102 [15:57<28:26, 24.03s/it]
       1/50        17G      1.397      3.735      1.463       1082        640:  30%|███       | 31/102 [16:20<28:26, 24.03s/it]
       1/50        17G      1.397      3.735      1.463       1082        640:  31%|███▏      | 32/102 [16:20<27:50, 23.87s/it]
       1/50        17G      1.393      3.681       1.46       1114        640:  31%|███▏      | 32/102 [16:50<27:50, 23.87s/it]
       1/50        17G      1.393      3.681       1.46       1114        640:  32%|███▏      | 33/102 [16:50<29:30, 25.66s/it]
       1/50        17G      1.387      3.627      1.455       1223        640:  32%|███▏      | 33/102 [17:18<29:30, 25.66s/it]
       1/50        17G      1.387      3.627      1.455       1223        640:  33%|███▎      | 34/102 [17:18<29:53, 26.37s/it]
       1/50        17G      1.382      3.579      1.452       1033        640:  33%|███▎      | 34/102 [17:45<29:53, 26.37s/it]
       1/50        17G      1.382      3.579      1.452       1033        640:  34%|███▍      | 35/102 [17:45<29:25, 26.36s/it]
       1/50        17G      1.377      3.529      1.447        944        640:  34%|███▍      | 35/102 [18:13<29:25, 26.36s/it]
       1/50        17G      1.377      3.529      1.447        944        640:  35%|███▌      | 36/102 [18:13<29:37, 26.94s/it]
       1/50        17G      1.372      3.483      1.445        911        640:  35%|███▌      | 36/102 [18:43<29:37, 26.94s/it]
       1/50        17G      1.372      3.483      1.445        911        640:  36%|███▋      | 37/102 [18:43<30:20, 28.01s/it]
       1/50        17G      1.367      3.438      1.441        950        640:  36%|███▋      | 37/102 [19:11<30:20, 28.01s/it]
       1/50        17G      1.367      3.438      1.441        950        640:  37%|███▋      | 38/102 [19:11<29:42, 27.86s/it]
       1/50        17G      1.361      3.393      1.437        918        640:  37%|███▋      | 38/102 [19:40<29:42, 27.86s/it]
       1/50        17G      1.361      3.393      1.437        918        640:  38%|███▊      | 39/102 [19:40<29:37, 28.21s/it]
       1/50        17G      1.358      3.351      1.434       1000        640:  38%|███▊      | 39/102 [20:07<29:37, 28.21s/it]
       1/50        17G      1.358      3.351      1.434       1000        640:  39%|███▉      | 40/102 [20:07<28:53, 27.97s/it]
       1/50        17G      1.352      3.307       1.43        925        640:  39%|███▉      | 40/102 [20:35<28:53, 27.97s/it]
       1/50        17G      1.352      3.307       1.43        925        640:  40%|████      | 41/102 [20:35<28:29, 28.02s/it]
       1/50        17G      1.349      3.268      1.426       1127        640:  40%|████      | 41/102 [21:01<28:29, 28.02s/it]
       1/50        17G      1.349      3.268      1.426       1127        640:  41%|████      | 42/102 [21:01<27:23, 27.39s/it]
       1/50        17G      1.343      3.226      1.422       1005        640:  41%|████      | 42/102 [21:25<27:23, 27.39s/it]
       1/50        17G      1.343      3.226      1.422       1005        640:  42%|████▏     | 43/102 [21:25<25:53, 26.33s/it]
       1/50        17G      1.339      3.189      1.418       1082        640:  42%|████▏     | 43/102 [21:50<25:53, 26.33s/it]
       1/50        17G      1.339      3.189      1.418       1082        640:  43%|████▎     | 44/102 [21:50<25:00, 25.87s/it]
       1/50        17G      1.336      3.153      1.415       1241        640:  43%|████▎     | 44/102 [22:13<25:00, 25.87s/it]
       1/50        17G      1.336      3.153      1.415       1241        640:  44%|████▍     | 45/102 [22:13<23:46, 25.03s/it]
       1/50        17G      1.332      3.118      1.411       1083        640:  44%|████▍     | 45/102 [22:37<23:46, 25.03s/it]
       1/50        17G      1.332      3.118      1.411       1083        640:  45%|████▌     | 46/102 [22:37<22:54, 24.55s/it]
       1/50        17G      1.329      3.085      1.409        976        640:  45%|████▌     | 46/102 [23:01<22:54, 24.55s/it]
       1/50        17G      1.329      3.085      1.409        976        640:  46%|████▌     | 47/102 [23:01<22:36, 24.66s/it]
       1/50        17G      1.326      3.052      1.406       1161        640:  46%|████▌     | 47/102 [23:26<22:36, 24.66s/it]
       1/50        17G      1.326      3.052      1.406       1161        640:  47%|████▋     | 48/102 [23:26<22:08, 24.61s/it]
       1/50        17G      1.324       3.02      1.403       1281        640:  47%|████▋     | 48/102 [23:48<22:08, 24.61s/it]
       1/50        17G      1.324       3.02      1.403       1281        640:  48%|████▊     | 49/102 [23:48<21:08, 23.94s/it]
       1/50        17G      1.321      2.989        1.4       1063        640:  48%|████▊     | 49/102 [24:13<21:08, 23.94s/it]
       1/50        17G      1.321      2.989        1.4       1063        640:  49%|████▉     | 50/102 [24:13<20:49, 24.03s/it]
       1/50        17G      1.318      2.959      1.396       1244        640:  49%|████▉     | 50/102 [24:37<20:49, 24.03s/it]
       1/50        17G      1.318      2.959      1.396       1244        640:  50%|█████     | 51/102 [24:37<20:32, 24.17s/it]
       1/50        17G      1.315      2.929      1.394        939        640:  50%|█████     | 51/102 [25:00<20:32, 24.17s/it]
       1/50        17G      1.315      2.929      1.394        939        640:  51%|█████     | 52/102 [25:00<19:52, 23.85s/it]
       1/50      17.9G      1.311      2.898       1.39       1332        640:  51%|█████     | 52/102 [25:25<19:52, 23.85s/it]
       1/50      17.9G      1.311      2.898       1.39       1332        640:  52%|█████▏    | 53/102 [25:25<19:39, 24.08s/it]
       1/50      17.9G      1.307      2.869      1.387       1087        640:  52%|█████▏    | 53/102 [25:49<19:39, 24.08s/it]
       1/50      17.9G      1.307      2.869      1.387       1087        640:  53%|█████▎    | 54/102 [25:49<19:22, 24.22s/it]
       1/50      17.9G      1.303      2.841      1.384       1152        640:  53%|█████▎    | 54/102 [26:12<19:22, 24.22s/it]
       1/50      17.9G      1.303      2.841      1.384       1152        640:  54%|█████▍    | 55/102 [26:12<18:30, 23.63s/it]
       1/50      17.9G        1.3      2.814      1.381       1034        640:  54%|█████▍    | 55/102 [26:36<18:30, 23.63s/it]
       1/50      17.9G        1.3      2.814      1.381       1034        640:  55%|█████▍    | 56/102 [26:36<18:16, 23.84s/it]
       1/50      17.9G      1.298      2.787      1.378       1209        640:  55%|█████▍    | 56/102 [27:00<18:16, 23.84s/it]
       1/50      17.9G      1.298      2.787      1.378       1209        640:  56%|█████▌    | 57/102 [27:00<18:03, 24.07s/it]
       1/50      17.9G      1.296      2.764      1.376       1155        640:  56%|█████▌    | 57/102 [27:22<18:03, 24.07s/it]
       1/50      17.9G      1.296      2.764      1.376       1155        640:  57%|█████▋    | 58/102 [27:22<17:00, 23.20s/it]
       1/50      17.9G      1.292      2.739      1.373       1071        640:  57%|█████▋    | 58/102 [27:44<17:00, 23.20s/it]
       1/50      17.9G      1.292      2.739      1.373       1071        640:  58%|█████▊    | 59/102 [27:44<16:31, 23.06s/it]
       1/50      17.9G      1.289      2.715      1.371        964        640:  58%|█████▊    | 59/102 [28:08<16:31, 23.06s/it]
       1/50      17.9G      1.289      2.715      1.371        964        640:  59%|█████▉    | 60/102 [28:08<16:12, 23.14s/it]
       1/50      17.9G      1.287      2.695      1.369        986        640:  59%|█████▉    | 60/102 [28:32<16:12, 23.14s/it]
       1/50      17.9G      1.287      2.695      1.369        986        640:  60%|█████▉    | 61/102 [28:32<15:57, 23.35s/it]
       1/50      17.9G      1.286      2.672      1.368       1035        640:  60%|█████▉    | 61/102 [28:53<15:57, 23.35s/it]
       1/50      17.9G      1.286      2.672      1.368       1035        640:  61%|██████    | 62/102 [28:53<15:16, 22.91s/it]
       1/50      17.9G      1.284      2.651      1.366       1071        640:  61%|██████    | 62/102 [29:18<15:16, 22.91s/it]
       1/50      17.9G      1.284      2.651      1.366       1071        640:  62%|██████▏   | 63/102 [29:18<15:13, 23.43s/it]
       1/50      17.9G      1.281      2.628      1.363       1168        640:  62%|██████▏   | 63/102 [29:44<15:13, 23.43s/it]
       1/50      17.9G      1.281      2.628      1.363       1168        640:  63%|██████▎   | 64/102 [29:44<15:14, 24.06s/it]
       1/50      17.9G      1.279      2.606      1.362       1039        640:  63%|██████▎   | 64/102 [30:06<15:14, 24.06s/it]
       1/50      17.9G      1.279      2.606      1.362       1039        640:  64%|██████▎   | 65/102 [30:06<14:32, 23.59s/it]
       1/50      17.9G      1.277      2.586       1.36       1219        640:  64%|██████▎   | 65/102 [30:30<14:32, 23.59s/it]
       1/50      17.9G      1.277      2.586       1.36       1219        640:  65%|██████▍   | 66/102 [30:30<14:16, 23.78s/it]
       1/50      19.1G      1.276      2.567      1.359       1234        640:  65%|██████▍   | 66/102 [30:57<14:16, 23.78s/it]
       1/50      19.1G      1.276      2.567      1.359       1234        640:  66%|██████▌   | 67/102 [30:57<14:17, 24.51s/it]
       1/50      19.1G      1.275      2.549      1.357       1192        640:  66%|██████▌   | 67/102 [31:22<14:17, 24.51s/it]
       1/50      19.1G      1.275      2.549      1.357       1192        640:  67%|██████▋   | 68/102 [31:22<14:07, 24.93s/it]
       1/50      19.1G      1.272       2.53      1.355       1047        640:  67%|██████▋   | 68/102 [31:45<14:07, 24.93s/it]
       1/50      19.1G      1.272       2.53      1.355       1047        640:  68%|██████▊   | 69/102 [31:45<13:17, 24.16s/it]
       1/50      19.1G       1.27      2.511      1.353       1125        640:  68%|██████▊   | 69/102 [32:10<13:17, 24.16s/it]
       1/50      19.1G       1.27      2.511      1.353       1125        640:  69%|██████▊   | 70/102 [32:10<13:02, 24.45s/it]
       1/50      19.1G      1.269      2.494      1.351       1130        640:  69%|██████▊   | 70/102 [32:32<13:02, 24.45s/it]
       1/50      19.1G      1.269      2.494      1.351       1130        640:  70%|██████▉   | 71/102 [32:32<12:18, 23.84s/it]
       1/50      19.1G      1.266      2.477       1.35        895        640:  70%|██████▉   | 71/102 [32:56<12:18, 23.84s/it]
       1/50      19.1G      1.266      2.477       1.35        895        640:  71%|███████   | 72/102 [32:56<11:51, 23.72s/it]
       1/50      19.1G      1.264       2.46      1.348       1067        640:  71%|███████   | 72/102 [33:21<11:51, 23.72s/it]
       1/50      19.1G      1.264       2.46      1.348       1067        640:  72%|███████▏  | 73/102 [33:21<11:42, 24.24s/it]
       1/50      19.1G      1.262      2.443      1.346       1120        640:  72%|███████▏  | 73/102 [33:46<11:42, 24.24s/it]
       1/50      19.1G      1.262      2.443      1.346       1120        640:  73%|███████▎  | 74/102 [33:46<11:22, 24.38s/it]
       1/50      19.1G       1.26      2.425      1.345       1027        640:  73%|███████▎  | 74/102 [34:09<11:22, 24.38s/it]
       1/50      19.1G       1.26      2.425      1.345       1027        640:  74%|███████▎  | 75/102 [34:09<10:51, 24.13s/it]
       1/50      19.1G      1.258      2.409      1.343       1072        640:  74%|███████▎  | 75/102 [34:35<10:51, 24.13s/it]
       1/50      19.1G      1.258      2.409      1.343       1072        640:  75%|███████▍  | 76/102 [34:35<10:37, 24.53s/it]
       1/50      19.1G      1.255      2.393      1.342        905        640:  75%|███████▍  | 76/102 [34:58<10:37, 24.53s/it]
       1/50      19.1G      1.255      2.393      1.342        905        640:  75%|███████▌  | 77/102 [34:58<09:59, 23.97s/it]
       1/50      19.1G      1.253      2.378       1.34        963        640:  75%|███████▌  | 77/102 [35:22<09:59, 23.97s/it]
       1/50      19.1G      1.253      2.378       1.34        963        640:  76%|███████▋  | 78/102 [35:22<09:34, 23.95s/it]
       1/50      19.1G       1.25      2.362      1.338       1028        640:  76%|███████▋  | 78/102 [35:44<09:34, 23.95s/it]
       1/50      19.1G       1.25      2.362      1.338       1028        640:  77%|███████▋  | 79/102 [35:44<09:01, 23.54s/it]
       1/50      19.1G      1.249      2.347      1.337       1065        640:  77%|███████▋  | 79/102 [36:07<09:01, 23.54s/it]
       1/50      19.1G      1.249      2.347      1.337       1065        640:  78%|███████▊  | 80/102 [36:07<08:33, 23.35s/it]
       1/50      19.1G      1.248      2.333      1.336       1062        640:  78%|███████▊  | 80/102 [36:30<08:33, 23.35s/it]
       1/50      19.1G      1.248      2.333      1.336       1062        640:  79%|███████▉  | 81/102 [36:30<08:06, 23.14s/it]
       1/50      19.1G      1.246      2.319      1.335        947        640:  79%|███████▉  | 81/102 [36:54<08:06, 23.14s/it]
       1/50      19.1G      1.246      2.319      1.335        947        640:  80%|████████  | 82/102 [36:54<07:49, 23.48s/it]
       1/50      19.1G      1.245      2.305      1.333       1122        640:  80%|████████  | 82/102 [37:18<07:49, 23.48s/it]
       1/50      19.1G      1.245      2.305      1.333       1122        640:  81%|████████▏ | 83/102 [37:18<07:29, 23.65s/it]
       1/50      19.1G      1.243      2.291      1.332       1067        640:  81%|████████▏ | 83/102 [37:42<07:29, 23.65s/it]
       1/50      19.1G      1.243      2.291      1.332       1067        640:  82%|████████▏ | 84/102 [37:42<07:09, 23.87s/it]
       1/50      19.1G      1.242      2.279      1.331       1094        640:  82%|████████▏ | 84/102 [38:06<07:09, 23.87s/it]
       1/50      19.1G      1.242      2.279      1.331       1094        640:  83%|████████▎ | 85/102 [38:06<06:46, 23.90s/it]
       1/50      19.1G       1.24      2.265      1.329       1125        640:  83%|████████▎ | 85/102 [38:30<06:46, 23.90s/it]
       1/50      19.1G       1.24      2.265      1.329       1125        640:  84%|████████▍ | 86/102 [38:30<06:21, 23.86s/it]
       1/50      19.1G      1.238      2.251      1.328       1020        640:  84%|████████▍ | 86/102 [38:54<06:21, 23.86s/it]
       1/50      19.1G      1.238      2.251      1.328       1020        640:  85%|████████▌ | 87/102 [38:54<05:57, 23.85s/it]
       1/50      19.1G      1.236      2.239      1.326        914        640:  85%|████████▌ | 87/102 [39:17<05:57, 23.85s/it]
       1/50      19.1G      1.236      2.239      1.326        914        640:  86%|████████▋ | 88/102 [39:17<05:32, 23.76s/it]
       1/50      19.1G      1.235      2.227      1.325       1021        640:  86%|████████▋ | 88/102 [39:41<05:32, 23.76s/it]
       1/50      19.1G      1.235      2.227      1.325       1021        640:  87%|████████▋ | 89/102 [39:41<05:07, 23.64s/it]
       1/50      19.1G      1.233      2.215      1.323       1090        640:  87%|████████▋ | 89/102 [40:03<05:07, 23.64s/it]
       1/50      19.1G      1.233      2.215      1.323       1090        640:  88%|████████▊ | 90/102 [40:03<04:38, 23.24s/it]
       1/50      19.1G      1.232      2.204      1.322       1016        640:  88%|████████▊ | 90/102 [40:26<04:38, 23.24s/it]
       1/50      19.1G      1.232      2.204      1.322       1016        640:  89%|████████▉ | 91/102 [40:26<04:15, 23.23s/it]
       1/50      19.1G       1.23      2.193      1.321       1111        640:  89%|████████▉ | 91/102 [40:51<04:15, 23.23s/it]
       1/50      19.1G       1.23      2.193      1.321       1111        640:  90%|█████████ | 92/102 [40:51<03:57, 23.72s/it]
       1/50      19.1G      1.229      2.181       1.32       1114        640:  90%|█████████ | 92/102 [41:15<03:57, 23.72s/it]
       1/50      19.1G      1.229      2.181       1.32       1114        640:  91%|█████████ | 93/102 [41:15<03:34, 23.88s/it]
       1/50      19.1G      1.229      2.171      1.319       1004        640:  91%|█████████ | 93/102 [41:40<03:34, 23.88s/it]
       1/50      19.1G      1.229      2.171      1.319       1004        640:  92%|█████████▏| 94/102 [41:40<03:12, 24.12s/it]
       1/50      19.1G      1.228      2.159      1.318       1061        640:  92%|█████████▏| 94/102 [42:04<03:12, 24.12s/it]
       1/50      19.1G      1.228      2.159      1.318       1061        640:  93%|█████████▎| 95/102 [42:04<02:48, 24.10s/it]
       1/50      19.1G      1.227      2.148      1.316       1240        640:  93%|█████████▎| 95/102 [42:27<02:48, 24.10s/it]
       1/50      19.1G      1.227      2.148      1.316       1240        640:  94%|█████████▍| 96/102 [42:27<02:22, 23.77s/it]
       1/50      19.1G      1.226      2.136      1.315       1233        640:  94%|█████████▍| 96/102 [42:53<02:22, 23.77s/it]
       1/50      19.1G      1.226      2.136      1.315       1233        640:  95%|█████████▌| 97/102 [42:53<02:01, 24.24s/it]
       1/50      19.1G      1.225      2.126      1.315       1057        640:  95%|█████████▌| 97/102 [43:16<02:01, 24.24s/it]
       1/50      19.1G      1.225      2.126      1.315       1057        640:  96%|█████████▌| 98/102 [43:16<01:36, 24.15s/it]
       1/50      19.1G      1.225      2.116      1.314       1063        640:  96%|█████████▌| 98/102 [43:41<01:36, 24.15s/it]
       1/50      19.1G      1.225      2.116      1.314       1063        640:  97%|█████████▋| 99/102 [43:41<01:13, 24.40s/it]
       1/50      19.1G      1.223      2.105      1.313       1040        640:  97%|█████████▋| 99/102 [44:06<01:13, 24.40s/it]
       1/50      19.1G      1.223      2.105      1.313       1040        640:  98%|█████████▊| 100/102 [44:06<00:49, 24.53s/it]
       1/50      19.1G      1.222      2.095      1.311       1109        640:  98%|█████████▊| 100/102 [44:33<00:49, 24.53s/it]
       1/50      19.1G      1.222      2.095      1.311       1109        640:  99%|█████████▉| 101/102 [44:33<00:25, 25.12s/it]
       1/50      19.1G       1.22      2.086       1.31        210        640:  99%|█████████▉| 101/102 [44:39<00:25, 25.12s/it]
       1/50      19.1G       1.22      2.086       1.31        210        640: 100%|██████████| 102/102 [44:39<00:00, 19.48s/it]
       1/50      19.1G       1.22      2.086       1.31        210        640: 100%|██████████| 102/102 [44:39<00:00, 26.27s/it]

                 Class     Images  Instances      Box(P          R      mAP50  mAP50-95):   0%|          | 0/13 [00:00<?, ?it/s]
                 Class     Images  Instances      Box(P          R      mAP50  mAP50-95):   8%|▊         | 1/13 [00:01<00:15,  1.30s/it]
                 Class     Images  Instances      Box(P          R      mAP50  mAP50-95):  15%|█▌        | 2/13 [00:01<00:08,  1.36it/s]
                 Class     Images  Instances      Box(P          R      mAP50  mAP50-95):  23%|██▎       | 3/13 [00:01<00:05,  1.84it/s]
                 Class     Images  Instances      Box(P          R      mAP50  mAP50-95):  31%|███       | 4/13 [00:02<00:04,  2.20it/s]
                 Class     Images  Instances      Box(P          R      mAP50  mAP50-95):  38%|███▊      | 5/13 [02:25<06:54, 51.84s/it]
                 Class     Images  Instances      Box(P          R      mAP50  mAP50-95):  46%|████▌     | 6/13 [02:25<04:00, 34.32s/it]
                 Class     Images  Instances      Box(P          R      mAP50  mAP50-95):  54%|█████▍    | 7/13 [03:55<05:14, 52.39s/it]
                 Class     Images  Instances      Box(P          R      mAP50  mAP50-95):  62%|██████▏   | 8/13 [03:55<02:59, 35.83s/it]
                 Class     Images  Instances      Box(P          R      mAP50  mAP50-95):  69%|██████▉   | 9/13 [05:33<03:40, 55.15s/it]
                 Class     Images  Instances      Box(P          R      mAP50  mAP50-95):  77%|███████▋  | 10/13 [05:33<01:54, 38.22s/it]
                 Class     Images  Instances      Box(P          R      mAP50  mAP50-95):  85%|████████▍ | 11/13 [07:08<01:51, 55.68s/it]
                 Class     Images  Instances      Box(P          R      mAP50  mAP50-95):  92%|█████████▏| 12/13 [07:09<00:38, 38.84s/it]
                 Class     Images  Instances      Box(P          R      mAP50  mAP50-95): 100%|██████████| 13/13 [07:42<00:00, 37.25s/it]
                 Class     Images  Instances      Box(P          R      mAP50  mAP50-95): 100%|██████████| 13/13 [07:42<00:00, 35.59s/it]
                   all       1620      15401      0.488      0.307      0.308      0.191

      Epoch    GPU_mem   box_loss   cls_loss   dfl_loss  Instances       Size

  0%|          | 0/102 [00:00<?, ?it/s]
       2/50      16.5G      1.072      1.055      1.179       1087        640:   0%|          | 0/102 [00:00<?, ?it/s]
       2/50      16.5G      1.072      1.055      1.179       1087        640:   1%|          | 1/102 [00:00<00:17,  5.70it/s]
       2/50      17.2G      1.091      1.072      1.181       1332        640:   1%|          | 1/102 [00:00<00:17,  5.70it/s]
       2/50      17.2G      1.091      1.072      1.181       1332        640:   2%|▏         | 2/102 [00:00<00:17,  5.87it/s]
       2/50      17.2G      1.111      1.104      1.213        813        640:   2%|▏         | 2/102 [01:03<00:17,  5.87it/s]
       2/50      17.2G      1.111      1.104      1.213        813        640:   3%|▎         | 3/102 [01:03<47:46, 28.96s/it]
       2/50      17.2G      1.115      1.111      1.208       1141        640:   3%|▎         | 3/102 [02:10<47:46, 28.96s/it]
       2/50      17.2G      1.115      1.111      1.208       1141        640:   4%|▍         | 4/102 [02:10<1:11:32, 43.80s/it]
       2/50      17.2G      1.117      1.108      1.208       1190        640:   4%|▍         | 4/102 [03:07<1:11:32, 43.80s/it]
       2/50      17.2G      1.117      1.108      1.208       1190        640:   5%|▍         | 5/102 [03:07<1:18:31, 48.57s/it]
       2/50      17.2G      1.128      1.116       1.21       1177        640:   5%|▍         | 5/102 [03:55<1:18:31, 48.57s/it]
       2/50      17.2G      1.128      1.116       1.21       1177        640:   6%|▌         | 6/102 [03:55<1:17:40, 48.55s/it]
       2/50      17.2G      1.126      1.122      1.207       1011        640:   6%|▌         | 6/102 [04:33<1:17:40, 48.55s/it]
       2/50      17.2G      1.126      1.122      1.207       1011        640:   7%|▋         | 7/102 [04:33<1:11:34, 45.20s/it]
       2/50      17.2G      1.132      1.124       1.21       1173        640:   7%|▋         | 7/102 [04:59<1:11:34, 45.20s/it]
       2/50      17.2G      1.132      1.124       1.21       1173        640:   8%|▊         | 8/102 [04:59<1:00:48, 38.82s/it]
       2/50      17.2G      1.128      1.116      1.207       1086        640:   8%|▊         | 8/102 [05:23<1:00:48, 38.82s/it]
       2/50      17.2G      1.128      1.116      1.207       1086        640:   9%|▉         | 9/102 [05:23<53:18, 34.39s/it]
       2/50      17.2G      1.126      1.114      1.208        992        640:   9%|▉         | 9/102 [05:49<53:18, 34.39s/it]
       2/50      17.2G      1.126      1.114      1.208        992        640:  10%|▉         | 10/102 [05:49<48:31, 31.65s/it]
       2/50      17.2G      1.126      1.109      1.208       1155        640:  10%|▉         | 10/102 [06:14<48:31, 31.65s/it]
       2/50      17.2G      1.126      1.109      1.208       1155        640:  11%|█         | 11/102 [06:14<45:03, 29.71s/it]
       2/50      17.2G      1.128      1.109      1.209       1275        640:  11%|█         | 11/102 [06:41<45:03, 29.71s/it]
       2/50      17.2G      1.128      1.109      1.209       1275        640:  12%|█▏        | 12/102 [06:41<43:18, 28.88s/it]
       2/50      17.2G      1.125      1.107      1.212        902        640:  12%|█▏        | 12/102 [07:08<43:18, 28.88s/it]
       2/50      17.2G      1.125      1.107      1.212        902        640:  13%|█▎        | 13/102 [07:08<41:59, 28.31s/it]
       2/50      17.2G      1.124      1.099      1.212       1213        640:  13%|█▎        | 13/102 [07:36<41:59, 28.31s/it]
       2/50      17.2G      1.124      1.099      1.212       1213        640:  14%|█▎        | 14/102 [07:36<41:25, 28.25s/it]
       2/50      17.2G      1.122      1.094       1.21       1234        640:  14%|█▎        | 14/102 [07:59<41:25, 28.25s/it]
       2/50      17.2G      1.122      1.094       1.21       1234        640:  15%|█▍        | 15/102 [07:59<38:32, 26.58s/it]
       2/50      17.2G      1.122       1.09      1.209       1168        640:  15%|█▍        | 15/102 [08:22<38:32, 26.58s/it]
       2/50      17.2G      1.122       1.09      1.209       1168        640:  16%|█▌        | 16/102 [08:22<36:42, 25.61s/it]
       2/50      17.2G      1.123      1.087       1.21       1133        640:  16%|█▌        | 16/102 [08:48<36:42, 25.61s/it]
       2/50      17.2G      1.123      1.087       1.21       1133        640:  17%|█▋        | 17/102 [08:48<36:12, 25.56s/it]
       2/50      17.2G       1.12      1.087       1.21        948        640:  17%|█▋        | 17/102 [09:13<36:12, 25.56s/it]
       2/50      17.2G       1.12      1.087       1.21        948        640:  18%|█▊        | 18/102 [09:13<35:31, 25.37s/it]
       2/50      17.2G      1.118      1.084      1.211       1111        640:  18%|█▊        | 18/102 [09:36<35:31, 25.37s/it]
       2/50      17.2G      1.118      1.084      1.211       1111        640:  19%|█▊        | 19/102 [09:36<34:05, 24.64s/it]
       2/50      17.2G      1.117      1.082      1.211       1160        640:  19%|█▊        | 19/102 [09:59<34:05, 24.64s/it]
       2/50      17.2G      1.117      1.082      1.211       1160        640:  20%|█▉        | 20/102 [09:59<33:22, 24.42s/it]
       2/50      17.2G      1.116       1.08       1.21        965        640:  20%|█▉        | 20/102 [10:24<33:22, 24.42s/it]
       2/50      17.2G      1.116       1.08       1.21        965        640:  21%|██        | 21/102 [10:24<32:59, 24.44s/it]
       2/50      17.2G      1.116      1.079      1.212        994        640:  21%|██        | 21/102 [10:48<32:59, 24.44s/it]
       2/50      17.2G      1.116      1.079      1.212        994        640:  22%|██▏       | 22/102 [10:48<32:29, 24.37s/it]
       2/50      17.2G      1.117      1.079      1.212        998        640:  22%|██▏       | 22/102 [11:14<32:29, 24.37s/it]
       2/50      17.2G      1.117      1.079      1.212        998        640:  23%|██▎       | 23/102 [11:14<32:43, 24.86s/it]
       2/50      17.2G      1.117      1.081      1.213        977        640:  23%|██▎       | 23/102 [11:39<32:43, 24.86s/it]
       2/50      17.2G      1.117      1.081      1.213        977        640:  24%|██▎       | 24/102 [11:39<32:13, 24.79s/it]
       2/50      17.2G      1.116       1.08      1.214        954        640:  24%|██▎       | 24/102 [12:04<32:13, 24.79s/it]
       2/50      17.2G      1.116       1.08      1.214        954        640:  25%|██▍       | 25/102 [12:04<31:48, 24.79s/it]
       2/50      17.2G      1.116      1.078      1.213       1074        640:  25%|██▍       | 25/102 [12:29<31:48, 24.79s/it]
       2/50      17.2G      1.116      1.078      1.213       1074        640:  25%|██▌       | 26/102 [12:29<31:47, 25.10s/it]
       2/50      17.2G      1.117      1.077      1.214       1029        640:  25%|██▌       | 26/102 [12:54<31:47, 25.10s/it]
       2/50      17.2G      1.117      1.077      1.214       1029        640:  26%|██▋       | 27/102 [12:54<31:14, 25.00s/it]
       2/50      17.2G      1.115      1.074      1.214        970        640:  26%|██▋       | 27/102 [13:19<31:14, 25.00s/it]
       2/50      17.2G      1.115      1.074      1.214        970        640:  27%|██▋       | 28/102 [13:19<30:37, 24.83s/it]
       2/50      17.2G      1.116      1.074      1.214        984        640:  27%|██▋       | 28/102 [13:43<30:37, 24.83s/it]
       2/50      17.2G      1.116      1.074      1.214        984        640:  28%|██▊       | 29/102 [13:43<30:10, 24.80s/it]
       2/50      17.2G      1.117      1.074      1.216        999        640:  28%|██▊       | 29/102 [14:08<30:10, 24.80s/it]
       2/50      17.2G      1.117      1.074      1.216        999        640:  29%|██▉       | 30/102 [14:08<29:50, 24.87s/it]
       2/50      17.2G      1.115      1.075      1.217        964        640:  29%|██▉       | 30/102 [14:36<29:50, 24.87s/it]
       2/50      17.2G      1.115      1.075      1.217        964        640:  30%|███       | 31/102 [14:36<30:25, 25.71s/it]
       2/50      17.2G      1.114      1.071      1.216       1068        640:  30%|███       | 31/102 [15:01<30:25, 25.71s/it]
       2/50      17.2G      1.114      1.071      1.216       1068        640:  31%|███▏      | 32/102 [15:01<29:53, 25.63s/it]
       2/50      17.2G      1.114       1.07      1.216        939        640:  31%|███▏      | 32/102 [15:24<29:53, 25.63s/it]
       2/50      17.2G      1.114       1.07      1.216        939        640:  32%|███▏      | 33/102 [15:24<28:15, 24.57s/it]
       2/50      17.2G      1.115       1.07      1.216       1111        640:  32%|███▏      | 33/102 [15:47<28:15, 24.57s/it]
       2/50      17.2G      1.115       1.07      1.216       1111        640:  33%|███▎      | 34/102 [15:47<27:20, 24.13s/it]
       2/50      17.2G      1.114      1.069      1.215       1150        640:  33%|███▎      | 34/102 [16:13<27:20, 24.13s/it]
       2/50      17.2G      1.114      1.069      1.215       1150        640:  34%|███▍      | 35/102 [16:13<27:45, 24.86s/it]
       2/50      17.2G      1.114      1.067      1.215       1093        640:  34%|███▍      | 35/102 [16:39<27:45, 24.86s/it]
       2/50      17.2G      1.114      1.067      1.215       1093        640:  35%|███▌      | 36/102 [16:39<27:37, 25.11s/it]
       2/50      17.2G      1.114      1.065      1.214       1123        640:  35%|███▌      | 36/102 [17:04<27:37, 25.11s/it]
       2/50      17.2G      1.114      1.065      1.214       1123        640:  36%|███▋      | 37/102 [17:04<27:07, 25.03s/it]
       2/50      17.2G      1.114      1.065      1.214       1028        640:  36%|███▋      | 37/102 [17:31<27:07, 25.03s/it]
       2/50      17.2G      1.114      1.065      1.214       1028        640:  37%|███▋      | 38/102 [17:31<27:21, 25.66s/it]
       2/50      17.2G      1.113      1.065      1.213        992        640:  37%|███▋      | 38/102 [17:59<27:21, 25.66s/it]
       2/50      17.2G      1.113      1.065      1.213        992        640:  38%|███▊      | 39/102 [17:59<27:40, 26.36s/it]
       2/50      17.2G      1.113      1.063      1.213       1046        640:  38%|███▊      | 39/102 [18:26<27:40, 26.36s/it]
       2/50      17.2G      1.113      1.063      1.213       1046        640:  39%|███▉      | 40/102 [18:26<27:27, 26.58s/it]
       2/50        18G      1.115      1.063      1.214       1193        640:  39%|███▉      | 40/102 [18:54<27:27, 26.58s/it]
       2/50        18G      1.115      1.063      1.214       1193        640:  40%|████      | 41/102 [18:54<27:32, 27.10s/it]
       2/50        18G      1.116      1.063      1.214        981        640:  40%|████      | 41/102 [19:20<27:32, 27.10s/it]
       2/50        18G      1.116      1.063      1.214        981        640:  41%|████      | 42/102 [19:20<26:38, 26.64s/it]
       2/50        18G      1.116      1.061      1.214       1175        640:  41%|████      | 42/102 [19:44<26:38, 26.64s/it]
       2/50        18G      1.116      1.061      1.214       1175        640:  42%|████▏     | 43/102 [19:44<25:31, 25.96s/it]
       2/50        18G      1.117      1.061      1.214       1096        640:  42%|████▏     | 43/102 [20:09<25:31, 25.96s/it]
       2/50        18G      1.117      1.061      1.214       1096        640:  43%|████▎     | 44/102 [20:09<24:46, 25.63s/it]
       2/50        18G      1.117       1.06      1.214        846        640:  43%|████▎     | 44/102 [20:34<24:46, 25.63s/it]
       2/50        18G      1.117       1.06      1.214        846        640:  44%|████▍     | 45/102 [20:34<24:12, 25.48s/it]
       2/50        18G      1.117      1.059      1.215       1092        640:  44%|████▍     | 45/102 [20:59<24:12, 25.48s/it]
       2/50        18G      1.117      1.059      1.215       1092        640:  45%|████▌     | 46/102 [20:59<23:36, 25.29s/it]
       2/50        18G      1.117      1.057      1.215        967        640:  45%|████▌     | 46/102 [21:24<23:36, 25.29s/it]
       2/50        18G      1.117      1.057      1.215        967        640:  46%|████▌     | 47/102 [21:24<23:04, 25.18s/it]
       2/50        18G      1.115      1.056      1.215        850        640:  46%|████▌     | 47/102 [21:49<23:04, 25.18s/it]
       2/50        18G      1.115      1.056      1.215        850        640:  47%|████▋     | 48/102 [21:49<22:35, 25.10s/it]
       2/50        18G      1.116      1.057      1.216       1026        640:  47%|████▋     | 48/102 [22:13<22:35, 25.10s/it]
       2/50        18G      1.116      1.057      1.216       1026        640:  48%|████▊     | 49/102 [22:13<22:00, 24.92s/it]
       2/50        18G      1.117      1.057      1.217        968        640:  48%|████▊     | 49/102 [22:37<22:00, 24.92s/it]
       2/50        18G      1.117      1.057      1.217        968        640:  49%|████▉     | 50/102 [22:37<21:08, 24.38s/it]
       2/50        18G      1.117      1.056      1.216       1166        640:  49%|████▉     | 50/102 [23:01<21:08, 24.38s/it]
       2/50        18G      1.117      1.056      1.216       1166        640:  50%|█████     | 51/102 [23:01<20:44, 24.39s/it]
       2/50        18G      1.117      1.055      1.216       1062        640:  50%|█████     | 51/102 [23:26<20:44, 24.39s/it]
       2/50        18G      1.117      1.055      1.216       1062        640:  51%|█████     | 52/102 [23:26<20:31, 24.63s/it]
       2/50        18G      1.117      1.054      1.216        960        640:  51%|█████     | 52/102 [23:50<20:31, 24.63s/it]
       2/50        18G      1.117      1.054      1.216        960        640:  52%|█████▏    | 53/102 [23:50<19:58, 24.47s/it]
       2/50        18G      1.116      1.052      1.215       1146        640:  52%|█████▏    | 53/102 [24:15<19:58, 24.47s/it]
       2/50        18G      1.116      1.052      1.215       1146        640:  53%|█████▎    | 54/102 [24:15<19:39, 24.58s/it]
       2/50        18G      1.116      1.052      1.215       1125        640:  53%|█████▎    | 54/102 [24:41<19:39, 24.58s/it]
       2/50        18G      1.116      1.052      1.215       1125        640:  54%|█████▍    | 55/102 [24:41<19:31, 24.92s/it]
       2/50        18G      1.116      1.052      1.215       1124        640:  54%|█████▍    | 55/102 [25:03<19:31, 24.92s/it]
       2/50        18G      1.116      1.052      1.215       1124        640:  55%|█████▍    | 56/102 [25:03<18:35, 24.25s/it]
       2/50        18G      1.116      1.051      1.214       1189        640:  55%|█████▍    | 56/102 [25:26<18:35, 24.25s/it]
       2/50        18G      1.116      1.051      1.214       1189        640:  56%|█████▌    | 57/102 [25:26<17:46, 23.70s/it]
       2/50        18G      1.116       1.05      1.213       1164        640:  56%|█████▌    | 57/102 [25:50<17:46, 23.70s/it]
       2/50        18G      1.116       1.05      1.213       1164        640:  57%|█████▋    | 58/102 [25:50<17:31, 23.89s/it]
       2/50        18G      1.115       1.05      1.214       1027        640:  57%|█████▋    | 58/102 [26:12<17:31, 23.89s/it]
       2/50        18G      1.115       1.05      1.214       1027        640:  58%|█████▊    | 59/102 [26:12<16:38, 23.21s/it]
       2/50        18G      1.116       1.05      1.213       1206        640:  58%|█████▊    | 59/102 [26:35<16:38, 23.21s/it]
       2/50        18G      1.116       1.05      1.213       1206        640:  59%|█████▉    | 60/102 [26:35<16:12, 23.16s/it]
       2/50        18G      1.116      1.049      1.213       1239        640:  59%|█████▉    | 60/102 [26:58<16:12, 23.16s/it]
       2/50        18G      1.116      1.049      1.213       1239        640:  60%|█████▉    | 61/102 [26:58<15:50, 23.18s/it]
       2/50        18G      1.116      1.047      1.212       1173        640:  60%|█████▉    | 61/102 [27:22<15:50, 23.18s/it]
       2/50        18G      1.116      1.047      1.212       1173        640:  61%|██████    | 62/102 [27:22<15:31, 23.28s/it]
       2/50        18G      1.116      1.047      1.212       1258        640:  61%|██████    | 62/102 [27:45<15:31, 23.28s/it]
       2/50        18G      1.116      1.047      1.212       1258        640:  62%|██████▏   | 63/102 [27:45<15:05, 23.23s/it]
       2/50        18G      1.116      1.047      1.212        910        640:  62%|██████▏   | 63/102 [28:07<15:05, 23.23s/it]
       2/50        18G      1.116      1.047      1.212        910        640:  63%|██████▎   | 64/102 [28:07<14:28, 22.85s/it]
       2/50        18G      1.116      1.045      1.212       1136        640:  63%|██████▎   | 64/102 [28:30<14:28, 22.85s/it]
       2/50        18G      1.116      1.045      1.212       1136        640:  64%|██████▎   | 65/102 [28:30<14:13, 23.07s/it]
       2/50        18G      1.115      1.045      1.211       1230        640:  64%|██████▎   | 65/102 [28:53<14:13, 23.07s/it]
       2/50        18G      1.115      1.045      1.211       1230        640:  65%|██████▍   | 66/102 [28:53<13:47, 23.00s/it]
       2/50        18G      1.116      1.044      1.211       1457        640:  65%|██████▍   | 66/102 [29:15<13:47, 23.00s/it]
       2/50        18G      1.116      1.044      1.211       1457        640:  66%|██████▌   | 67/102 [29:15<13:08, 22.53s/it]
       2/50        19G      1.117      1.044      1.211       1116        640:  66%|██████▌   | 67/102 [29:37<13:08, 22.53s/it]
       2/50        19G      1.117      1.044      1.211       1116        640:  67%|██████▋   | 68/102 [29:37<12:44, 22.48s/it]
       2/50        19G      1.117      1.043       1.21       1078        640:  67%|██████▋   | 68/102 [30:01<12:44, 22.48s/it]
       2/50        19G      1.117      1.043       1.21       1078        640:  68%|██████▊   | 69/102 [30:01<12:34, 22.85s/it]
       2/50        19G      1.119      1.043      1.211       1047        640:  68%|██████▊   | 69/102 [30:24<12:34, 22.85s/it]
       2/50        19G      1.119      1.043      1.211       1047        640:  69%|██████▊   | 70/102 [30:24<12:16, 23.02s/it]
       2/50        19G      1.119      1.043      1.211       1094        640:  69%|██████▊   | 70/102 [30:48<12:16, 23.02s/it]
       2/50        19G      1.119      1.043      1.211       1094        640:  70%|██████▉   | 71/102 [30:48<12:05, 23.41s/it]
       2/50        20G       1.12      1.043      1.212       1133        640:  70%|██████▉   | 71/102 [31:13<12:05, 23.41s/it]
       2/50        20G       1.12      1.043      1.212       1133        640:  71%|███████   | 72/102 [31:13<11:52, 23.74s/it]
       2/50        20G      1.121      1.045      1.212       1027        640:  71%|███████   | 72/102 [31:37<11:52, 23.74s/it]
       2/50        20G      1.121      1.045      1.212       1027        640:  72%|███████▏  | 73/102 [31:37<11:34, 23.95s/it]
       2/50        20G      1.121      1.046      1.213        983        640:  72%|███████▏  | 73/102 [32:00<11:34, 23.95s/it]
       2/50        20G      1.121      1.046      1.213        983        640:  73%|███████▎  | 74/102 [32:00<11:03, 23.71s/it]
       2/50        20G      1.121      1.045      1.213       1260        640:  73%|███████▎  | 74/102 [32:24<11:03, 23.71s/it]
       2/50        20G      1.121      1.045      1.213       1260        640:  74%|███████▎  | 75/102 [32:24<10:41, 23.74s/it]
       2/50        20G      1.123      1.046      1.213       1227        640:  74%|███████▎  | 75/102 [32:49<10:41, 23.74s/it]
       2/50        20G      1.123      1.046      1.213       1227        640:  75%|███████▍  | 76/102 [32:49<10:21, 23.89s/it]
       2/50        20G      1.123      1.045      1.213       1182        640:  75%|███████▍  | 76/102 [33:12<10:21, 23.89s/it]
       2/50        20G      1.123      1.045      1.213       1182        640:  75%|███████▌  | 77/102 [33:12<09:57, 23.89s/it]
       2/50        20G      1.123      1.045      1.213       1197        640:  75%|███████▌  | 77/102 [33:36<09:57, 23.89s/it]
       2/50        20G      1.123      1.045      1.213       1197        640:  76%|███████▋  | 78/102 [33:36<09:30, 23.79s/it]
       2/50        20G      1.123      1.045      1.213       1007        640:  76%|███████▋  | 78/102 [34:01<09:30, 23.79s/it]
       2/50        20G      1.123      1.045      1.213       1007        640:  77%|███████▋  | 79/102 [34:01<09:14, 24.12s/it]
       2/50        20G      1.123      1.044      1.213       1022        640:  77%|███████▋  | 79/102 [34:23<09:14, 24.12s/it]
       2/50        20G      1.123      1.044      1.213       1022        640:  78%|███████▊  | 80/102 [34:23<08:34, 23.39s/it]
       2/50        20G      1.123      1.044      1.213        981        640:  78%|███████▊  | 80/102 [34:46<08:34, 23.39s/it]
       2/50        20G      1.123      1.044      1.213        981        640:  79%|███████▉  | 81/102 [34:46<08:08, 23.28s/it]
       2/50        20G      1.124      1.045      1.214       1107        640:  79%|███████▉  | 81/102 [35:11<08:08, 23.28s/it]
       2/50        20G      1.124      1.045      1.214       1107        640:  80%|████████  | 82/102 [35:11<07:56, 23.82s/it]
       2/50        20G      1.123      1.044      1.214        943        640:  80%|████████  | 82/102 [35:35<07:56, 23.82s/it]
       2/50        20G      1.123      1.044      1.214        943        640:  81%|████████▏ | 83/102 [35:35<07:33, 23.85s/it]
       2/50        20G      1.125      1.045      1.214       1167        640:  81%|████████▏ | 83/102 [36:00<07:33, 23.85s/it]
       2/50        20G      1.125      1.045      1.214       1167        640:  82%|████████▏ | 84/102 [36:00<07:16, 24.25s/it]
       2/50        20G      1.125      1.046      1.214        953        640:  82%|████████▏ | 84/102 [36:22<07:16, 24.25s/it]
       2/50        20G      1.125      1.046      1.214        953        640:  83%|████████▎ | 85/102 [36:22<06:41, 23.60s/it]
       2/50        20G      1.125      1.046      1.214       1190        640:  83%|████████▎ | 85/102 [36:47<06:41, 23.60s/it]
       2/50        20G      1.125      1.046      1.214       1190        640:  84%|████████▍ | 86/102 [36:47<06:26, 24.18s/it]
       2/50        20G      1.125      1.046      1.214        871        640:  84%|████████▍ | 86/102 [37:12<06:26, 24.18s/it]
       2/50        20G      1.125      1.046      1.214        871        640:  85%|████████▌ | 87/102 [37:12<06:02, 24.17s/it]
       2/50        20G      1.126      1.046      1.215       1093        640:  85%|████████▌ | 87/102 [37:34<06:02, 24.17s/it]
       2/50        20G      1.126      1.046      1.215       1093        640:  86%|████████▋ | 88/102 [37:34<05:31, 23.66s/it]
       2/50        20G      1.126      1.046      1.215       1034        640:  86%|████████▋ | 88/102 [37:57<05:31, 23.66s/it]
       2/50        20G      1.126      1.046      1.215       1034        640:  87%|████████▋ | 89/102 [37:57<05:05, 23.52s/it]
       2/50        20G      1.126      1.046      1.215        999        640:  87%|████████▋ | 89/102 [38:22<05:05, 23.52s/it]
       2/50        20G      1.126      1.046      1.215        999        640:  88%|████████▊ | 90/102 [38:22<04:48, 24.02s/it]
       2/50        20G      1.126      1.046      1.215       1156        640:  88%|████████▊ | 90/102 [38:47<04:48, 24.02s/it]
       2/50        20G      1.126      1.046      1.215       1156        640:  89%|████████▉ | 91/102 [38:47<04:26, 24.24s/it]
       2/50        20G      1.126      1.047      1.215       1013        640:  89%|████████▉ | 91/102 [39:12<04:26, 24.24s/it]
       2/50        20G      1.126      1.047      1.215       1013        640:  90%|█████████ | 92/102 [39:12<04:05, 24.55s/it]
       2/50        20G      1.127      1.047      1.215       1185        640:  90%|█████████ | 92/102 [39:35<04:05, 24.55s/it]
       2/50        20G      1.127      1.047      1.215       1185        640:  91%|█████████ | 93/102 [39:35<03:36, 24.09s/it]
       2/50        20G      1.126      1.046      1.215        939        640:  91%|█████████ | 93/102 [40:03<03:36, 24.09s/it]
       2/50        20G      1.126      1.046      1.215        939        640:  92%|█████████▏| 94/102 [40:03<03:21, 25.14s/it]
       2/50        20G      1.126      1.046      1.215       1015        640:  92%|█████████▏| 94/102 [40:27<03:21, 25.14s/it]
       2/50        20G      1.126      1.046      1.215       1015        640:  93%|█████████▎| 95/102 [40:27<02:52, 24.66s/it]
       2/50        20G      1.126      1.046      1.215        995        640:  93%|█████████▎| 95/102 [40:51<02:52, 24.66s/it]
       2/50        20G      1.126      1.046      1.215        995        640:  94%|█████████▍| 96/102 [40:51<02:27, 24.61s/it]
       2/50        20G      1.126      1.046      1.216       1002        640:  94%|█████████▍| 96/102 [41:19<02:27, 24.61s/it]
       2/50        20G      1.126      1.046      1.216       1002        640:  95%|█████████▌| 97/102 [41:19<02:08, 25.67s/it]
       2/50        20G      1.127      1.046      1.216       1137        640:  95%|█████████▌| 97/102 [41:45<02:08, 25.67s/it]
       2/50        20G      1.127      1.046      1.216       1137        640:  96%|█████████▌| 98/102 [41:45<01:42, 25.64s/it]
       2/50        20G      1.128      1.047      1.216        969        640:  96%|█████████▌| 98/102 [42:10<01:42, 25.64s/it]
       2/50        20G      1.128      1.047      1.216        969        640:  97%|█████████▋| 99/102 [42:10<01:16, 25.54s/it]
       2/50        20G      1.128      1.047      1.216       1108        640:  97%|█████████▋| 99/102 [42:37<01:16, 25.54s/it]
       2/50        20G      1.128      1.047      1.216       1108        640:  98%|█████████▊| 100/102 [42:37<00:51, 25.96s/it]
       2/50        20G      1.128      1.047      1.216       1028        640:  98%|█████████▊| 100/102 [43:04<00:51, 25.96s/it]
       2/50        20G      1.128      1.047      1.216       1028        640:  99%|█████████▉| 101/102 [43:04<00:26, 26.23s/it]
       2/50        20G      1.128      1.047      1.216        320        640:  99%|█████████▉| 101/102 [43:10<00:26, 26.23s/it]
       2/50        20G      1.128      1.047      1.216        320        640: 100%|██████████| 102/102 [43:10<00:00, 20.14s/it]
       2/50        20G      1.128      1.047      1.216        320        640: 100%|██████████| 102/102 [43:10<00:00, 25.40s/it]

                 Class     Images  Instances      Box(P          R      mAP50  mAP50-95):   0%|          | 0/13 [00:00<?, ?it/s]
                 Class     Images  Instances      Box(P          R      mAP50  mAP50-95):   8%|▊         | 1/13 [00:00<00:03,  3.09it/s]
                 Class     Images  Instances      Box(P          R      mAP50  mAP50-95):  15%|█▌        | 2/13 [00:00<00:03,  3.08it/s]
                 Class     Images  Instances      Box(P          R      mAP50  mAP50-95):  23%|██▎       | 3/13 [00:00<00:03,  3.16it/s]
                 Class     Images  Instances      Box(P          R      mAP50  mAP50-95):  31%|███       | 4/13 [00:01<00:02,  3.25it/s]
                 Class     Images  Instances      Box(P          R      mAP50  mAP50-95):  38%|███▊      | 5/13 [02:31<07:15, 54.49s/it]
                 Class     Images  Instances      Box(P          R      mAP50  mAP50-95):  46%|████▌     | 6/13 [02:32<04:12, 36.07s/it]
                 Class     Images  Instances      Box(P          R      mAP50  mAP50-95):  54%|█████▍    | 7/13 [04:02<05:22, 53.82s/it]
                 Class     Images  Instances      Box(P          R      mAP50  mAP50-95):  62%|██████▏   | 8/13 [04:02<03:03, 36.80s/it]
                 Class     Images  Instances      Box(P          R      mAP50  mAP50-95):  69%|██████▉   | 9/13 [05:51<03:57, 59.40s/it]
                 Class     Images  Instances      Box(P          R      mAP50  mAP50-95):  77%|███████▋  | 10/13 [05:52<02:03, 41.15s/it]
                 Class     Images  Instances      Box(P          R      mAP50  mAP50-95):  85%|████████▍ | 11/13 [07:36<02:00, 60.48s/it]
                 Class     Images  Instances      Box(P          R      mAP50  mAP50-95):  92%|█████████▏| 12/13 [07:36<00:42, 42.16s/it]
                 Class     Images  Instances      Box(P          R      mAP50  mAP50-95): 100%|██████████| 13/13 [08:12<00:00, 40.35s/it]
                 Class     Images  Instances      Box(P          R      mAP50  mAP50-95): 100%|██████████| 13/13 [08:12<00:00, 37.92s/it]
                   all       1620      15401      0.713      0.324      0.346      0.208

      Epoch    GPU_mem   box_loss   cls_loss   dfl_loss  Instances       Size

  0%|          | 0/102 [00:00<?, ?it/s]
       3/50      15.8G      1.143      1.062      1.247       1161        640:   0%|          | 0/102 [00:00<?, ?it/s]
       3/50      15.8G      1.143      1.062      1.247       1161        640:   1%|          | 1/102 [00:00<00:18,  5.56it/s]
       3/50      16.2G      1.155      1.046      1.236        995        640:   1%|          | 1/102 [00:00<00:18,  5.56it/s]
       3/50      16.2G      1.155      1.046      1.236        995        640:   2%|▏         | 2/102 [00:00<00:17,  5.86it/s]
       3/50      16.2G      1.138      1.018      1.225        993        640:   2%|▏         | 2/102 [01:08<00:17,  5.86it/s]
       3/50      16.2G      1.138      1.018      1.225        993        640:   3%|▎         | 3/102 [01:08<51:45, 31.37s/it]
       3/50      16.6G       1.15      1.022      1.224       1253        640:   3%|▎         | 3/102 [02:16<51:45, 31.37s/it]
       3/50      16.6G       1.15      1.022      1.224       1253        640:   4%|▍         | 4/102 [02:16<1:14:21, 45.52s/it]
       3/50      16.6G      1.138      1.014      1.216       1044        640:   4%|▍         | 4/102 [03:09<1:14:21, 45.52s/it]
       3/50      16.6G      1.138      1.014      1.216       1044        640:   5%|▍         | 5/102 [03:09<1:18:15, 48.41s/it]
       3/50      16.6G      1.133      1.009      1.219       1054        640:   5%|▍         | 5/102 [03:51<1:18:15, 48.41s/it]
       3/50      16.6G      1.133      1.009      1.219       1054        640:   6%|▌         | 6/102 [03:51<1:14:09, 46.35s/it]
       3/50      16.6G      1.137      1.009       1.22       1029        640:   6%|▌         | 6/102 [04:31<1:14:09, 46.35s/it]
       3/50      16.6G      1.137      1.009       1.22       1029        640:   7%|▋         | 7/102 [04:31<1:09:45, 44.06s/it]
       3/50      16.6G      1.136      1.012      1.219       1068        640:   7%|▋         | 7/102 [04:58<1:09:45, 44.06s/it]
       3/50      16.6G      1.136      1.012      1.219       1068        640:   8%|▊         | 8/102 [04:58<1:00:26, 38.58s/it]
       3/50      16.6G      1.141      1.018      1.218       1068        640:   8%|▊         | 8/102 [05:21<1:00:26, 38.58s/it]
       3/50      16.6G      1.141      1.018      1.218       1068        640:   9%|▉         | 9/102 [05:21<52:29, 33.87s/it]
       3/50      17.3G       1.14      1.016      1.218       1080        640:   9%|▉         | 9/102 [05:47<52:29, 33.87s/it]
       3/50      17.3G       1.14      1.016      1.218       1080        640:  10%|▉         | 10/102 [05:47<48:03, 31.34s/it]
       3/50      17.3G      1.135      1.009      1.215        980        640:  10%|▉         | 10/102 [06:11<48:03, 31.34s/it]
       3/50      17.3G      1.135      1.009      1.215        980        640:  11%|█         | 11/102 [06:11<44:16, 29.19s/it]
       3/50      17.3G      1.134      1.001      1.213       1050        640:  11%|█         | 11/102 [06:36<44:16, 29.19s/it]
       3/50      17.3G      1.134      1.001      1.213       1050        640:  12%|█▏        | 12/102 [06:36<41:57, 27.97s/it]
       3/50      17.3G      1.135      1.004      1.216        943        640:  12%|█▏        | 12/102 [07:01<41:57, 27.97s/it]
       3/50      17.3G      1.135      1.004      1.216        943        640:  13%|█▎        | 13/102 [07:01<40:13, 27.11s/it]
       3/50      17.3G      1.138      1.004      1.217       1130        640:  13%|█▎        | 13/102 [07:28<40:13, 27.11s/it]
       3/50      17.3G      1.138      1.004      1.217       1130        640:  14%|█▎        | 14/102 [07:28<39:44, 27.09s/it]
       3/50      17.3G      1.139      1.004      1.216       1143        640:  14%|█▎        | 14/102 [07:54<39:44, 27.09s/it]
       3/50      17.3G      1.139      1.004      1.216       1143        640:  15%|█▍        | 15/102 [07:54<38:38, 26.65s/it]
       3/50      17.3G      1.136      1.002      1.214        941        640:  15%|█▍        | 15/102 [08:17<38:38, 26.65s/it]
       3/50      17.3G      1.136      1.002      1.214        941        640:  16%|█▌        | 16/102 [08:17<36:44, 25.64s/it]
       3/50      17.3G      1.138      1.002      1.214       1174        640:  16%|█▌        | 16/102 [08:46<36:44, 25.64s/it]
       3/50      17.3G      1.138      1.002      1.214       1174        640:  17%|█▋        | 17/102 [08:46<37:30, 26.47s/it]
       3/50      17.3G      1.135     0.9993      1.214       1130        640:  17%|█▋        | 17/102 [09:12<37:30, 26.47s/it]
       3/50      17.3G      1.135     0.9993      1.214       1130        640:  18%|█▊        | 18/102 [09:12<36:55, 26.37s/it]
       3/50      17.3G      1.134     0.9958      1.212       1092        640:  18%|█▊        | 18/102 [09:39<36:55, 26.37s/it]
       3/50      17.3G      1.134     0.9958      1.212       1092        640:  19%|█▊        | 19/102 [09:39<36:39, 26.50s/it]
       3/50      17.3G      1.132     0.9935      1.211       1129        640:  19%|█▊        | 19/102 [10:05<36:39, 26.50s/it]
       3/50      17.3G      1.132     0.9935      1.211       1129        640:  20%|█▉        | 20/102 [10:05<35:57, 26.31s/it]
       3/50      17.3G      1.133     0.9967       1.21       1072        640:  20%|█▉        | 20/102 [10:28<35:57, 26.31s/it]
       3/50      17.3G      1.133     0.9967       1.21       1072        640:  21%|██        | 21/102 [10:28<34:26, 25.51s/it]
       3/50      17.3G      1.134     0.9976       1.21       1214        640:  21%|██        | 21/102 [10:56<34:26, 25.51s/it]
       3/50      17.3G      1.134     0.9976       1.21       1214        640:  22%|██▏       | 22/102 [10:56<35:04, 26.31s/it]
       3/50      17.3G      1.137      1.002      1.213       1007        640:  22%|██▏       | 22/102 [11:21<35:04, 26.31s/it]
       3/50      17.3G      1.137      1.002      1.213       1007        640:  23%|██▎       | 23/102 [11:21<33:55, 25.76s/it]
       3/50      17.3G      1.138      1.002      1.214        958        640:  23%|██▎       | 23/102 [11:46<33:55, 25.76s/it]
       3/50      17.3G      1.138      1.002      1.214        958        640:  24%|██▎       | 24/102 [11:46<33:05, 25.45s/it]
       3/50      17.3G      1.137      1.002      1.214       1032        640:  24%|██▎       | 24/102 [12:11<33:05, 25.45s/it]
       3/50      17.3G      1.137      1.002      1.214       1032        640:  25%|██▍       | 25/102 [12:11<32:34, 25.38s/it]
       3/50      17.3G      1.135          1      1.213       1292        640:  25%|██▍       | 25/102 [12:37<32:34, 25.38s/it]
       3/50      17.3G      1.135          1      1.213       1292        640:  25%|██▌       | 26/102 [12:37<32:24, 25.58s/it]
       3/50      17.3G      1.136      1.001      1.213        982        640:  25%|██▌       | 26/102 [13:02<32:24, 25.58s/it]
       3/50      17.3G      1.136      1.001      1.213        982        640:  26%|██▋       | 27/102 [13:02<31:54, 25.53s/it]
       3/50      17.3G      1.135     0.9994      1.212       1188        640:  26%|██▋       | 27/102 [13:28<31:54, 25.53s/it]
       3/50      17.3G      1.135     0.9994      1.212       1188        640:  27%|██▋       | 28/102 [13:28<31:36, 25.63s/it]
       3/50      17.3G      1.134     0.9989      1.212       1024        640:  27%|██▋       | 28/102 [13:54<31:36, 25.63s/it]
       3/50      17.3G      1.134     0.9989      1.212       1024        640:  28%|██▊       | 29/102 [13:54<31:17, 25.72s/it]
       3/50      18.3G      1.133     0.9984      1.213       1035        640:  28%|██▊       | 29/102 [14:21<31:17, 25.72s/it]
       3/50      18.3G      1.133     0.9984      1.213       1035        640:  29%|██▉       | 30/102 [14:21<31:19, 26.10s/it]
       3/50      18.3G      1.134     0.9979      1.213       1157        640:  29%|██▉       | 30/102 [14:49<31:19, 26.10s/it]
       3/50      18.3G      1.134     0.9979      1.213       1157        640:  30%|███       | 31/102 [14:49<31:39, 26.76s/it]
       3/50      18.3G      1.134     0.9979      1.213       1223        640:  30%|███       | 31/102 [15:14<31:39, 26.76s/it]
       3/50      18.3G      1.134     0.9979      1.213       1223        640:  31%|███▏      | 32/102 [15:14<30:18, 25.97s/it]
       3/50      18.3G      1.135     0.9988      1.213        990        640:  31%|███▏      | 32/102 [15:40<30:18, 25.97s/it]
       3/50      18.3G      1.135     0.9988      1.213        990        640:  32%|███▏      | 33/102 [15:40<29:52, 25.98s/it]
       3/50      18.3G      1.135     0.9986      1.213       1211        640:  32%|███▏      | 33/102 [16:07<29:52, 25.98s/it]
       3/50      18.3G      1.135     0.9986      1.213       1211        640:  33%|███▎      | 34/102 [16:07<29:51, 26.35s/it]
       3/50      18.3G      1.134      0.997      1.212       1203        640:  33%|███▎      | 34/102 [16:35<29:51, 26.35s/it]
       3/50      18.3G      1.134      0.997      1.212       1203        640:  34%|███▍      | 35/102 [16:35<30:09, 27.00s/it]
       3/50      18.3G      1.134     0.9984      1.212       1018        640:  34%|███▍      | 35/102 [17:01<30:09, 27.00s/it]
       3/50      18.3G      1.134     0.9984      1.212       1018        640:  35%|███▌      | 36/102 [17:01<29:21, 26.69s/it]
       3/50      18.3G      1.133     0.9997      1.212       1098        640:  35%|███▌      | 36/102 [17:28<29:21, 26.69s/it]
       3/50      18.3G      1.133     0.9997      1.212       1098        640:  36%|███▋      | 37/102 [17:28<28:48, 26.60s/it]
       3/50      18.3G      1.135      1.001      1.212       1185        640:  36%|███▋      | 37/102 [17:52<28:48, 26.60s/it]
       3/50      18.3G      1.135      1.001      1.212       1185        640:  37%|███▋      | 38/102 [17:52<27:45, 26.03s/it]
       3/50      18.3G      1.135      1.003      1.212       1161        640:  37%|███▋      | 38/102 [18:19<27:45, 26.03s/it]
       3/50      18.3G      1.135      1.003      1.212       1161        640:  38%|███▊      | 39/102 [18:19<27:28, 26.17s/it]
       3/50      18.3G      1.136      1.005      1.213       1026        640:  38%|███▊      | 39/102 [18:44<27:28, 26.17s/it]
       3/50      18.3G      1.136      1.005      1.213       1026        640:  39%|███▉      | 40/102 [18:44<26:49, 25.95s/it]
       3/50      18.3G      1.136      1.005      1.213       1139        640:  39%|███▉      | 40/102 [19:09<26:49, 25.95s/it]
       3/50      18.3G      1.136      1.005      1.213       1139        640:  40%|████      | 41/102 [19:09<26:09, 25.72s/it]
       3/50      18.3G      1.135      1.006      1.213        915        640:  40%|████      | 41/102 [19:36<26:09, 25.72s/it]
       3/50      18.3G      1.135      1.006      1.213        915        640:  41%|████      | 42/102 [19:36<26:00, 26.01s/it]
       3/50      18.3G      1.135      1.006      1.213       1139        640:  41%|████      | 42/102 [20:02<26:00, 26.01s/it]
       3/50      18.3G      1.135      1.006      1.213       1139        640:  42%|████▏     | 43/102 [20:02<25:37, 26.06s/it]
       3/50      18.3G      1.134      1.005      1.212       1062        640:  42%|████▏     | 43/102 [20:27<25:37, 26.06s/it]
       3/50      18.3G      1.134      1.005      1.212       1062        640:  43%|████▎     | 44/102 [20:27<24:45, 25.62s/it]
       3/50      18.3G      1.133      1.004      1.212       1057        640:  43%|████▎     | 44/102 [20:53<24:45, 25.62s/it]
       3/50      18.3G      1.133      1.004      1.212       1057        640:  44%|████▍     | 45/102 [20:53<24:35, 25.88s/it]
       3/50      18.3G      1.134      1.005      1.213       1002        640:  44%|████▍     | 45/102 [21:18<24:35, 25.88s/it]
       3/50      18.3G      1.134      1.005      1.213       1002        640:  45%|████▌     | 46/102 [21:18<23:40, 25.37s/it]
       3/50      18.3G      1.133      1.004      1.213       1123        640:  45%|████▌     | 46/102 [21:43<23:40, 25.37s/it]
       3/50      18.3G      1.133      1.004      1.213       1123        640:  46%|████▌     | 47/102 [21:43<23:12, 25.32s/it]
       3/50      18.3G      1.133      1.002      1.212       1128        640:  46%|████▌     | 47/102 [22:06<23:12, 25.32s/it]
       3/50      18.3G      1.133      1.002      1.212       1128        640:  47%|████▋     | 48/102 [22:06<22:15, 24.73s/it]
       3/50      18.3G      1.133      1.003      1.213       1065        640:  47%|████▋     | 48/102 [22:30<22:15, 24.73s/it]
       3/50      18.3G      1.133      1.003      1.213       1065        640:  48%|████▊     | 49/102 [22:30<21:44, 24.62s/it]
       3/50      18.3G      1.133      1.001      1.213       1099        640:  48%|████▊     | 49/102 [22:54<21:44, 24.62s/it]
       3/50      18.3G      1.133      1.001      1.213       1099        640:  49%|████▉     | 50/102 [22:54<21:04, 24.32s/it]
       3/50      18.3G      1.132     0.9993      1.212       1119        640:  49%|████▉     | 50/102 [23:18<21:04, 24.32s/it]
       3/50      18.3G      1.132     0.9993      1.212       1119        640:  50%|█████     | 51/102 [23:18<20:41, 24.34s/it]
       3/50      18.3G      1.133      1.001      1.213        927        640:  50%|█████     | 51/102 [23:44<20:41, 24.34s/it]
       3/50      18.3G      1.133      1.001      1.213        927        640:  51%|█████     | 52/102 [23:44<20:32, 24.65s/it]
       3/50      18.3G      1.133      1.002      1.212       1146        640:  51%|█████     | 52/102 [24:10<20:32, 24.65s/it]
       3/50      18.3G      1.133      1.002      1.212       1146        640:  52%|█████▏    | 53/102 [24:10<20:32, 25.15s/it]
       3/50      18.3G      1.134      1.003      1.213        982        640:  52%|█████▏    | 53/102 [24:35<20:32, 25.15s/it]
       3/50      18.3G      1.134      1.003      1.213        982        640:  53%|█████▎    | 54/102 [24:35<20:05, 25.11s/it]
       3/50      18.3G      1.134      1.006      1.214        967        640:  53%|█████▎    | 54/102 [24:59<20:05, 25.11s/it]
       3/50      18.3G      1.134      1.006      1.214        967        640:  54%|█████▍    | 55/102 [24:59<19:16, 24.61s/it]
       3/50      18.3G      1.136      1.007      1.214       1491        640:  54%|█████▍    | 55/102 [25:24<19:16, 24.61s/it]
       3/50      18.3G      1.136      1.007      1.214       1491        640:  55%|█████▍    | 56/102 [25:24<18:59, 24.76s/it]
       3/50      18.3G      1.136      1.007      1.215       1074        640:  55%|█████▍    | 56/102 [25:49<18:59, 24.76s/it]
       3/50      18.3G      1.136      1.007      1.215       1074        640:  56%|█████▌    | 57/102 [25:49<18:44, 24.99s/it]
       3/50      18.3G      1.136      1.007      1.215       1016        640:  56%|█████▌    | 57/102 [26:13<18:44, 24.99s/it]
       3/50      18.3G      1.136      1.007      1.215       1016        640:  57%|█████▋    | 58/102 [26:13<17:58, 24.52s/it]
       3/50      18.3G      1.137      1.008      1.215       1242        640:  57%|█████▋    | 58/102 [26:38<17:58, 24.52s/it]
       3/50      18.3G      1.137      1.008      1.215       1242        640:  58%|█████▊    | 59/102 [26:38<17:38, 24.63s/it]
       3/50      18.3G      1.138      1.009      1.215       1042        640:  58%|█████▊    | 59/102 [27:04<17:38, 24.63s/it]
       3/50      18.3G      1.138      1.009      1.215       1042        640:  59%|█████▉    | 60/102 [27:04<17:42, 25.29s/it]
       3/50      18.3G      1.139      1.011      1.216       1194        640:  59%|█████▉    | 60/102 [27:27<17:42, 25.29s/it]
       3/50      18.3G      1.139      1.011      1.216       1194        640:  60%|█████▉    | 61/102 [27:27<16:49, 24.63s/it]
       3/50      18.3G       1.14      1.012      1.216       1159        640:  60%|█████▉    | 61/102 [27:52<16:49, 24.63s/it]
       3/50      18.3G       1.14      1.012      1.216       1159        640:  61%|██████    | 62/102 [27:52<16:21, 24.53s/it]
       3/50      18.3G      1.141      1.012      1.216       1140        640:  61%|██████    | 62/102 [28:15<16:21, 24.53s/it]
       3/50      18.3G      1.141      1.012      1.216       1140        640:  62%|██████▏   | 63/102 [28:15<15:43, 24.19s/it]
       3/50      18.3G      1.142      1.013      1.216       1186        640:  62%|██████▏   | 63/102 [28:42<15:43, 24.19s/it]
       3/50      18.3G      1.142      1.013      1.216       1186        640:  63%|██████▎   | 64/102 [28:42<15:51, 25.04s/it]
       3/50      18.3G      1.143      1.014      1.217       1054        640:  63%|██████▎   | 64/102 [29:07<15:51, 25.04s/it]
       3/50      18.3G      1.143      1.014      1.217       1054        640:  64%|██████▎   | 65/102 [29:07<15:22, 24.93s/it]
       3/50      18.3G      1.143      1.015      1.217       1247        640:  64%|██████▎   | 65/102 [29:31<15:22, 24.93s/it]
       3/50      18.3G      1.143      1.015      1.217       1247        640:  65%|██████▍   | 66/102 [29:31<14:46, 24.62s/it]
       3/50      18.3G      1.144      1.015      1.217       1237        640:  65%|██████▍   | 66/102 [29:56<14:46, 24.62s/it]
       3/50      18.3G      1.144      1.015      1.217       1237        640:  66%|██████▌   | 67/102 [29:56<14:28, 24.82s/it]
       3/50      18.3G      1.144      1.015      1.217       1041        640:  66%|██████▌   | 67/102 [30:21<14:28, 24.82s/it]
       3/50      18.3G      1.144      1.015      1.217       1041        640:  67%|██████▋   | 68/102 [30:21<14:02, 24.78s/it]
       3/50      18.3G      1.144      1.014      1.217       1061        640:  67%|██████▋   | 68/102 [30:45<14:02, 24.78s/it]
       3/50      18.3G      1.144      1.014      1.217       1061        640:  68%|██████▊   | 69/102 [30:45<13:27, 24.48s/it]
       3/50      18.3G      1.145      1.015      1.217       1116        640:  68%|██████▊   | 69/102 [31:08<13:27, 24.48s/it]
       3/50      18.3G      1.145      1.015      1.217       1116        640:  69%|██████▊   | 70/102 [31:08<12:56, 24.26s/it]
       3/50      18.3G      1.145      1.015      1.217        979        640:  69%|██████▊   | 70/102 [31:33<12:56, 24.26s/it]
       3/50      18.3G      1.145      1.015      1.217        979        640:  70%|██████▉   | 71/102 [31:33<12:32, 24.29s/it]
       3/50      18.3G      1.144      1.014      1.217       1099        640:  70%|██████▉   | 71/102 [31:56<12:32, 24.29s/it]
       3/50      18.3G      1.144      1.014      1.217       1099        640:  71%|███████   | 72/102 [31:56<12:03, 24.10s/it]
       3/50      18.3G      1.144      1.013      1.217       1052        640:  71%|███████   | 72/102 [32:20<12:03, 24.10s/it]
       3/50      18.3G      1.144      1.013      1.217       1052        640:  72%|███████▏  | 73/102 [32:20<11:37, 24.07s/it]
       3/50      18.3G      1.144      1.014      1.218        985        640:  72%|███████▏  | 73/102 [32:45<11:37, 24.07s/it]
       3/50      18.3G      1.144      1.014      1.218        985        640:  73%|███████▎  | 74/102 [32:45<11:22, 24.37s/it]
       3/50      18.3G      1.145      1.017      1.218       1006        640:  73%|███████▎  | 74/102 [33:08<11:22, 24.37s/it]
       3/50      18.3G      1.145      1.017      1.218       1006        640:  74%|███████▎  | 75/102 [33:08<10:44, 23.87s/it]
       3/50      18.3G      1.145      1.018      1.218       1282        640:  74%|███████▎  | 75/102 [33:31<10:44, 23.87s/it]
       3/50      18.3G      1.145      1.018      1.218       1282        640:  75%|███████▍  | 76/102 [33:31<10:14, 23.64s/it]
       3/50      18.3G      1.146      1.018      1.218       1010        640:  75%|███████▍  | 76/102 [33:55<10:14, 23.64s/it]
       3/50      18.3G      1.146      1.018      1.218       1010        640:  75%|███████▌  | 77/102 [33:55<09:48, 23.56s/it]
       3/50      18.3G      1.146      1.018      1.218       1000        640:  75%|███████▌  | 77/102 [34:18<09:48, 23.56s/it]
       3/50      18.3G      1.146      1.018      1.218       1000        640:  76%|███████▋  | 78/102 [34:18<09:26, 23.60s/it]
       3/50      18.3G      1.146      1.019      1.219       1018        640:  76%|███████▋  | 78/102 [34:44<09:26, 23.60s/it]
       3/50      18.3G      1.146      1.019      1.219       1018        640:  77%|███████▋  | 79/102 [34:44<09:16, 24.19s/it]
       3/50      18.3G      1.147      1.018      1.219       1287        640:  77%|███████▋  | 79/102 [35:09<09:16, 24.19s/it]
       3/50      18.3G      1.147      1.018      1.219       1287        640:  78%|███████▊  | 80/102 [35:09<09:00, 24.56s/it]
       3/50      18.3G      1.146      1.018      1.219       1146        640:  78%|███████▊  | 80/102 [35:32<09:00, 24.56s/it]
       3/50      18.3G      1.146      1.018      1.219       1146        640:  79%|███████▉  | 81/102 [35:32<08:27, 24.15s/it]
       3/50      18.3G      1.147      1.018      1.219       1255        640:  79%|███████▉  | 81/102 [35:56<08:27, 24.15s/it]
       3/50      18.3G      1.147      1.018      1.219       1255        640:  80%|████████  | 82/102 [35:56<07:59, 24.00s/it]
       3/50      18.3G      1.148      1.018       1.22        991        640:  80%|████████  | 82/102 [36:20<07:59, 24.00s/it]
       3/50      18.3G      1.148      1.018       1.22        991        640:  81%|████████▏ | 83/102 [36:20<07:37, 24.06s/it]
       3/50      18.3G      1.148      1.018       1.22       1229        640:  81%|████████▏ | 83/102 [36:43<07:37, 24.06s/it]
       3/50      18.3G      1.148      1.018       1.22       1229        640:  82%|████████▏ | 84/102 [36:43<07:06, 23.68s/it]
       3/50      18.3G      1.148      1.019       1.22       1021        640:  82%|████████▏ | 84/102 [37:07<07:06, 23.68s/it]
       3/50      18.3G      1.148      1.019       1.22       1021        640:  83%|████████▎ | 85/102 [37:07<06:42, 23.70s/it]
       3/50      18.3G      1.148      1.018       1.22       1048        640:  83%|████████▎ | 85/102 [37:32<06:42, 23.70s/it]
       3/50      18.3G      1.148      1.018       1.22       1048        640:  84%|████████▍ | 86/102 [37:32<06:27, 24.20s/it]
       3/50      18.3G      1.148      1.018      1.221        952        640:  84%|████████▍ | 86/102 [37:56<06:27, 24.20s/it]
       3/50      18.3G      1.148      1.018      1.221        952        640:  85%|████████▌ | 87/102 [37:56<06:01, 24.09s/it]
       3/50      18.3G      1.148      1.018      1.221       1234        640:  85%|████████▌ | 87/102 [38:18<06:01, 24.09s/it]
       3/50      18.3G      1.148      1.018      1.221       1234        640:  86%|████████▋ | 88/102 [38:18<05:28, 23.43s/it]
       3/50      18.3G      1.149      1.019      1.221       1005        640:  86%|████████▋ | 88/102 [38:43<05:28, 23.43s/it]
       3/50      18.3G      1.149      1.019      1.221       1005        640:  87%|████████▋ | 89/102 [38:43<05:09, 23.81s/it]
       3/50      18.3G      1.149      1.019      1.221       1299        640:  87%|████████▋ | 89/102 [39:08<05:09, 23.81s/it]
       3/50      18.3G      1.149      1.019      1.221       1299        640:  88%|████████▊ | 90/102 [39:08<04:51, 24.27s/it]
       3/50      18.3G      1.149      1.018      1.221       1125        640:  88%|████████▊ | 90/102 [39:32<04:51, 24.27s/it]
       3/50      18.3G      1.149      1.018      1.221       1125        640:  89%|████████▉ | 91/102 [39:32<04:27, 24.29s/it]
       3/50      18.3G      1.149      1.018       1.22       1147        640:  89%|████████▉ | 91/102 [39:55<04:27, 24.29s/it]
       3/50      18.3G      1.149      1.018       1.22       1147        640:  90%|█████████ | 92/102 [39:55<03:56, 23.69s/it]
       3/50      19.5G       1.15      1.019      1.221       1248        640:  90%|█████████ | 92/102 [40:18<03:56, 23.69s/it]
       3/50      19.5G       1.15      1.019      1.221       1248        640:  91%|█████████ | 93/102 [40:18<03:33, 23.71s/it]
       3/50      19.5G      1.151      1.019      1.221       1127        640:  91%|█████████ | 93/102 [40:42<03:33, 23.71s/it]
       3/50      19.5G      1.151      1.019      1.221       1127        640:  92%|█████████▏| 94/102 [40:42<03:10, 23.79s/it]
       3/50      20.7G      1.151      1.019      1.221       1238        640:  92%|█████████▏| 94/102 [41:05<03:10, 23.79s/it]
       3/50      20.7G      1.151      1.019      1.221       1238        640:  93%|█████████▎| 95/102 [41:05<02:44, 23.46s/it]
       3/50      20.7G      1.151      1.019      1.221       1169        640:  93%|█████████▎| 95/102 [41:29<02:44, 23.46s/it]
       3/50      20.7G      1.151      1.019      1.221       1169        640:  94%|█████████▍| 96/102 [41:29<02:21, 23.52s/it]
       3/50      20.7G      1.152      1.019      1.221       1123        640:  94%|█████████▍| 96/102 [41:51<02:21, 23.52s/it]
       3/50      20.7G      1.152      1.019      1.221       1123        640:  95%|█████████▌| 97/102 [41:51<01:56, 23.31s/it]
       3/50      20.7G      1.152      1.019      1.222       1029        640:  95%|█████████▌| 97/102 [42:15<01:56, 23.31s/it]
       3/50      20.7G      1.152      1.019      1.222       1029        640:  96%|█████████▌| 98/102 [42:15<01:33, 23.32s/it]
       3/50      20.7G      1.153       1.02      1.222       1086        640:  96%|█████████▌| 98/102 [42:40<01:33, 23.32s/it]
       3/50      20.7G      1.153       1.02      1.222       1086        640:  97%|█████████▋| 99/102 [42:40<01:11, 23.99s/it]
       3/50      20.7G      1.153       1.02      1.222       1120        640:  97%|█████████▋| 99/102 [43:06<01:11, 23.99s/it]
       3/50      20.7G      1.153       1.02      1.222       1120        640:  98%|█████████▊| 100/102 [43:06<00:48, 24.42s/it]
       3/50      20.7G      1.154      1.021      1.222       1035        640:  98%|█████████▊| 100/102 [43:29<00:48, 24.42s/it]
       3/50      20.7G      1.154      1.021      1.222       1035        640:  99%|█████████▉| 101/102 [43:29<00:24, 24.03s/it]
       3/50      20.7G      1.155      1.021      1.223        187        640:  99%|█████████▉| 101/102 [43:36<00:24, 24.03s/it]
       3/50      20.7G      1.155      1.021      1.223        187        640: 100%|██████████| 102/102 [43:36<00:00, 19.04s/it]
       3/50      20.7G      1.155      1.021      1.223        187        640: 100%|██████████| 102/102 [43:36<00:00, 25.65s/it]

                 Class     Images  Instances      Box(P          R      mAP50  mAP50-95):   0%|          | 0/13 [00:00<?, ?it/s]
                 Class     Images  Instances      Box(P          R      mAP50  mAP50-95):   8%|▊         | 1/13 [00:00<00:03,  3.05it/s]
                 Class     Images  Instances      Box(P          R      mAP50  mAP50-95):  15%|█▌        | 2/13 [00:00<00:03,  2.87it/s]
                 Class     Images  Instances      Box(P          R      mAP50  mAP50-95):  23%|██▎       | 3/13 [00:00<00:03,  3.04it/s]
                 Class     Images  Instances      Box(P          R      mAP50  mAP50-95):  31%|███       | 4/13 [00:01<00:02,  3.12it/s]
                 Class     Images  Instances      Box(P          R      mAP50  mAP50-95):  38%|███▊      | 5/13 [02:25<06:58, 52.34s/it]
                 Class     Images  Instances      Box(P          R      mAP50  mAP50-95):  46%|████▌     | 6/13 [02:26<04:02, 34.65s/it]
                 Class     Images  Instances      Box(P          R      mAP50  mAP50-95):  54%|█████▍    | 7/13 [03:59<05:23, 53.89s/it]
                 Class     Images  Instances      Box(P          R      mAP50  mAP50-95):  62%|██████▏   | 8/13 [04:00<03:04, 36.84s/it]
                 Class     Images  Instances      Box(P          R      mAP50  mAP50-95):  69%|██████▉   | 9/13 [05:40<03:46, 56.68s/it]
                 Class     Images  Instances      Box(P          R      mAP50  mAP50-95):  77%|███████▋  | 10/13 [05:40<01:57, 39.28s/it]
                 Class     Images  Instances      Box(P          R      mAP50  mAP50-95):  85%|████████▍ | 11/13 [07:18<01:54, 57.11s/it]
                 Class     Images  Instances      Box(P          R      mAP50  mAP50-95):  92%|█████████▏| 12/13 [07:18<00:39, 39.83s/it]
                 Class     Images  Instances      Box(P          R      mAP50  mAP50-95): 100%|██████████| 13/13 [07:52<00:00, 37.99s/it]
                 Class     Images  Instances      Box(P          R      mAP50  mAP50-95): 100%|██████████| 13/13 [07:52<00:00, 36.33s/it]
                   all       1620      15401       0.55      0.295      0.308      0.179

      Epoch    GPU_mem   box_loss   cls_loss   dfl_loss  Instances       Size

  0%|          | 0/102 [00:00<?, ?it/s]
       4/50      16.7G      1.139      1.038      1.219       1228        640:   0%|          | 0/102 [00:00<?, ?it/s]
       4/50      16.7G      1.139      1.038      1.219       1228        640:   1%|          | 1/102 [00:00<00:18,  5.39it/s]
       4/50      16.7G      1.162      1.064      1.238       1109        640:   1%|          | 1/102 [00:00<00:18,  5.39it/s]
       4/50      16.7G      1.162      1.064      1.238       1109        640:   2%|▏         | 2/102 [00:00<00:17,  5.77it/s]
       4/50      16.7G      1.181      1.077      1.261        904        640:   2%|▏         | 2/102 [00:56<00:17,  5.77it/s]
       4/50      16.7G      1.181      1.077      1.261        904        640:   3%|▎         | 3/102 [00:56<42:18, 25.64s/it]
       4/50      16.7G      1.187      1.082      1.263       1007        640:   3%|▎         | 3/102 [01:54<42:18, 25.64s/it]
       4/50      16.7G      1.187      1.082      1.263       1007        640:   4%|▍         | 4/102 [01:54<1:02:35, 38.32s/it]
       4/50      16.7G      1.179      1.073      1.261       1053        640:   4%|▍         | 4/102 [02:43<1:02:35, 38.32s/it]
       4/50      16.7G      1.179      1.073      1.261       1053        640:   5%|▍         | 5/102 [02:43<1:08:39, 42.47s/it]
       4/50      17.6G      1.188      1.074      1.258       1127        640:   5%|▍         | 5/102 [03:29<1:08:39, 42.47s/it]
       4/50      17.6G      1.188      1.074      1.258       1127        640:   6%|▌         | 6/102 [03:29<1:09:33, 43.47s/it]
       4/50      17.6G      1.183      1.069      1.255       1079        640:   6%|▌         | 6/102 [04:11<1:09:33, 43.47s/it]
       4/50      17.6G      1.183      1.069      1.255       1079        640:   7%|▋         | 7/102 [04:11<1:08:20, 43.16s/it]
       4/50      17.6G      1.186      1.082      1.265        824        640:   7%|▋         | 7/102 [04:34<1:08:20, 43.16s/it]
       4/50      17.6G      1.186      1.082      1.265        824        640:   8%|▊         | 8/102 [04:34<57:32, 36.73s/it]
       4/50      17.6G      1.183      1.083      1.263        882        640:   8%|▊         | 8/102 [04:58<57:32, 36.73s/it]
       4/50      17.6G      1.183      1.083      1.263        882        640:   9%|▉         | 9/102 [04:58<50:43, 32.72s/it]
       4/50      17.6G      1.183      1.082      1.264        913        640:   9%|▉         | 9/102 [05:21<50:43, 32.72s/it]
       4/50      17.6G      1.183      1.082      1.264        913        640:  10%|▉         | 10/102 [05:21<45:40, 29.79s/it]
       4/50      17.6G      1.177      1.074      1.255       1173        640:  10%|▉         | 10/102 [05:51<45:40, 29.79s/it]
       4/50      17.6G      1.177      1.074      1.255       1173        640:  11%|█         | 11/102 [05:51<45:17, 29.86s/it]
       4/50      17.6G      1.174      1.069      1.253        914        640:  11%|█         | 11/102 [06:18<45:17, 29.86s/it]
       4/50      17.6G      1.174      1.069      1.253        914        640:  12%|█▏        | 12/102 [06:18<43:09, 28.77s/it]
       4/50      17.6G      1.173      1.065      1.251        969        640:  12%|█▏        | 12/102 [06:43<43:09, 28.77s/it]
       4/50      17.6G      1.173      1.065      1.251        969        640:  13%|█▎        | 13/102 [06:43<41:12, 27.78s/it]
       4/50      17.6G      1.172      1.066      1.247       1039        640:  13%|█▎        | 13/102 [07:10<41:12, 27.78s/it]
       4/50      17.6G      1.172      1.066      1.247       1039        640:  14%|█▎        | 14/102 [07:10<40:29, 27.61s/it]
       4/50      17.6G      1.169       1.06      1.244        986        640:  14%|█▎        | 14/102 [07:41<40:29, 27.61s/it]
       4/50      17.6G      1.169       1.06      1.244        986        640:  15%|█▍        | 15/102 [07:41<41:27, 28.59s/it]
       4/50      17.6G      1.171      1.059      1.242       1165        640:  15%|█▍        | 15/102 [08:11<41:27, 28.59s/it]
       4/50      17.6G      1.171      1.059      1.242       1165        640:  16%|█▌        | 16/102 [08:11<41:30, 28.96s/it]
       4/50      17.6G      1.169      1.064      1.241       1036        640:  16%|█▌        | 16/102 [08:38<41:30, 28.96s/it]
       4/50      17.6G      1.169      1.064      1.241       1036        640:  17%|█▋        | 17/102 [08:38<40:15, 28.42s/it]
       4/50      17.6G      1.171      1.063      1.242       1111        640:  17%|█▋        | 17/102 [09:06<40:15, 28.42s/it]
       4/50      17.6G      1.171      1.063      1.242       1111        640:  18%|█▊        | 18/102 [09:06<39:18, 28.08s/it]
       4/50      17.6G      1.171       1.06      1.243       1050        640:  18%|█▊        | 18/102 [09:28<39:18, 28.08s/it]
       4/50      17.6G      1.171       1.06      1.243       1050        640:  19%|█▊        | 19/102 [09:28<36:30, 26.39s/it]
       4/50      17.6G      1.172       1.06      1.243       1199        640:  19%|█▊        | 19/102 [09:53<36:30, 26.39s/it]
       4/50      17.6G      1.172       1.06      1.243       1199        640:  20%|█▉        | 20/102 [09:53<35:32, 26.00s/it]
       4/50      17.6G      1.171      1.058      1.242       1146        640:  20%|█▉        | 20/102 [10:18<35:32, 26.00s/it]
       4/50      17.6G      1.171      1.058      1.242       1146        640:  21%|██        | 21/102 [10:18<34:47, 25.77s/it]
       4/50      17.6G      1.169      1.056      1.241       1230        640:  21%|██        | 21/102 [10:45<34:47, 25.77s/it]
       4/50      17.6G      1.169      1.056      1.241       1230        640:  22%|██▏       | 22/102 [10:45<34:39, 25.99s/it]
       4/50      17.6G      1.166      1.051      1.239       1179        640:  22%|██▏       | 22/102 [11:10<34:39, 25.99s/it]
       4/50      17.6G      1.166      1.051      1.239       1179        640:  23%|██▎       | 23/102 [11:10<33:46, 25.65s/it]
       4/50      17.6G      1.167       1.05      1.239       1050        640:  23%|██▎       | 23/102 [11:33<33:46, 25.65s/it]
       4/50      17.6G      1.167       1.05      1.239       1050        640:  24%|██▎       | 24/102 [11:33<32:29, 24.99s/it]
       4/50      17.6G      1.167      1.048      1.239       1106        640:  24%|██▎       | 24/102 [11:56<32:29, 24.99s/it]
       4/50      17.6G      1.167      1.048      1.239       1106        640:  25%|██▍       | 25/102 [11:56<31:09, 24.28s/it]
       4/50      17.6G      1.166      1.046      1.238       1189        640:  25%|██▍       | 25/102 [12:20<31:09, 24.28s/it]
       4/50      17.6G      1.166      1.046      1.238       1189        640:  25%|██▌       | 26/102 [12:20<30:42, 24.24s/it]
       4/50      17.6G      1.165      1.046      1.239        909        640:  25%|██▌       | 26/102 [12:44<30:42, 24.24s/it]
       4/50      17.6G      1.165      1.046      1.239        909        640:  26%|██▋       | 27/102 [12:44<30:12, 24.16s/it]
       4/50      17.6G      1.165      1.043      1.238       1204        640:  26%|██▋       | 27/102 [13:08<30:12, 24.16s/it]
       4/50      17.6G      1.165      1.043      1.238       1204        640:  27%|██▋       | 28/102 [13:08<29:45, 24.12s/it]
       4/50      17.6G      1.165      1.044      1.238       1017        640:  27%|██▋       | 28/102 [13:33<29:45, 24.12s/it]
       4/50      17.6G      1.165      1.044      1.238       1017        640:  28%|██▊       | 29/102 [13:33<29:34, 24.31s/it]
       4/50      17.6G      1.163       1.04      1.235       1097        640:  28%|██▊       | 29/102 [13:56<29:34, 24.31s/it]
       4/50      17.6G      1.163       1.04      1.235       1097        640:  29%|██▉       | 30/102 [13:56<28:51, 24.04s/it]
       4/50      17.6G      1.164       1.04      1.236       1202        640:  29%|██▉       | 30/102 [14:19<28:51, 24.04s/it]
       4/50      17.6G      1.164       1.04      1.236       1202        640:  30%|███       | 31/102 [14:19<27:55, 23.60s/it]
       4/50      17.6G      1.165       1.04      1.235       1138        640:  30%|███       | 31/102 [14:42<27:55, 23.60s/it]
       4/50      17.6G      1.165       1.04      1.235       1138        640:  31%|███▏      | 32/102 [14:42<27:36, 23.66s/it]
       4/50      17.6G      1.166      1.039      1.236       1110        640:  31%|███▏      | 32/102 [15:06<27:36, 23.66s/it]
       4/50      17.6G      1.166      1.039      1.236       1110        640:  32%|███▏      | 33/102 [15:06<27:10, 23.63s/it]
       4/50      17.6G      1.167       1.04      1.236       1095        640:  32%|███▏      | 33/102 [15:30<27:10, 23.63s/it]
       4/50      17.6G      1.167       1.04      1.236       1095        640:  33%|███▎      | 34/102 [15:30<26:56, 23.78s/it]
       4/50      17.6G      1.166      1.038      1.234       1070        640:  33%|███▎      | 34/102 [15:53<26:56, 23.78s/it]
       4/50      17.6G      1.166      1.038      1.234       1070        640:  34%|███▍      | 35/102 [15:53<26:06, 23.38s/it]
       4/50      17.6G      1.166      1.038      1.234        971        640:  34%|███▍      | 35/102 [16:18<26:06, 23.38s/it]
       4/50      17.6G      1.166      1.038      1.234        971        640:  35%|███▌      | 36/102 [16:18<26:18, 23.91s/it]
       4/50      17.6G      1.167      1.041      1.235        778        640:  35%|███▌      | 36/102 [16:40<26:18, 23.91s/it]
       4/50      17.6G      1.167      1.041      1.235        778        640:  36%|███▋      | 37/102 [16:40<25:30, 23.55s/it]
       4/50      17.6G      1.169      1.041      1.237       1056        640:  36%|███▋      | 37/102 [17:05<25:30, 23.55s/it]
       4/50      17.6G      1.169      1.041      1.237       1056        640:  37%|███▋      | 38/102 [17:05<25:23, 23.81s/it]
       4/50      17.6G      1.171      1.042      1.237       1078        640:  37%|███▋      | 38/102 [17:28<25:23, 23.81s/it]
       4/50      17.6G      1.171      1.042      1.237       1078        640:  38%|███▊      | 39/102 [17:28<24:54, 23.73s/it]
       4/50      17.6G       1.17       1.04      1.236       1069        640:  38%|███▊      | 39/102 [17:51<24:54, 23.73s/it]
       4/50      17.6G       1.17       1.04      1.236       1069        640:  39%|███▉      | 40/102 [17:51<24:15, 23.47s/it]
       4/50      17.6G      1.171      1.041      1.237       1078        640:  39%|███▉      | 40/102 [18:17<24:15, 23.47s/it]
       4/50      17.6G      1.171      1.041      1.237       1078        640:  40%|████      | 41/102 [18:17<24:28, 24.08s/it]
       4/50      17.6G      1.172      1.042      1.238       1074        640:  40%|████      | 41/102 [18:40<24:28, 24.08s/it]
       4/50      17.6G      1.172      1.042      1.238       1074        640:  41%|████      | 42/102 [18:40<23:53, 23.89s/it]
       4/50      17.6G      1.173      1.041      1.238       1244        640:  41%|████      | 42/102 [19:04<23:53, 23.89s/it]
       4/50      17.6G      1.173      1.041      1.238       1244        640:  42%|████▏     | 43/102 [19:04<23:20, 23.73s/it]
       4/50      17.6G      1.172      1.041      1.237       1103        640:  42%|████▏     | 43/102 [19:27<23:20, 23.73s/it]
       4/50      17.6G      1.172      1.041      1.237       1103        640:  43%|████▎     | 44/102 [19:27<22:54, 23.69s/it]
       4/50      17.6G      1.172      1.039      1.236       1243        640:  43%|████▎     | 44/102 [19:49<22:54, 23.69s/it]
       4/50      17.6G      1.172      1.039      1.236       1243        640:  44%|████▍     | 45/102 [19:49<22:05, 23.26s/it]
       4/50      17.6G      1.173      1.039      1.236       1083        640:  44%|████▍     | 45/102 [20:14<22:05, 23.26s/it]
       4/50      17.6G      1.173      1.039      1.236       1083        640:  45%|████▌     | 46/102 [20:14<22:05, 23.67s/it]
       4/50      17.6G      1.173      1.037      1.235       1146        640:  45%|████▌     | 46/102 [20:37<22:05, 23.67s/it]
       4/50      17.6G      1.173      1.037      1.235       1146        640:  46%|████▌     | 47/102 [20:37<21:32, 23.51s/it]
       4/50      17.6G      1.174      1.037      1.235       1164        640:  46%|████▌     | 47/102 [21:00<21:32, 23.51s/it]
       4/50      17.6G      1.174      1.037      1.235       1164        640:  47%|████▋     | 48/102 [21:00<20:50, 23.15s/it]
       4/50      17.6G      1.173      1.037      1.234       1058        640:  47%|████▋     | 48/102 [21:23<20:50, 23.15s/it]
       4/50      17.6G      1.173      1.037      1.234       1058        640:  48%|████▊     | 49/102 [21:23<20:36, 23.33s/it]
       4/50      17.6G      1.174      1.035      1.234       1194        640:  48%|████▊     | 49/102 [21:47<20:36, 23.33s/it]
       4/50      17.6G      1.174      1.035      1.234       1194        640:  49%|████▉     | 50/102 [21:47<20:23, 23.52s/it]
       4/50      17.6G      1.174      1.034      1.233       1194        640:  49%|████▉     | 50/102 [22:11<20:23, 23.52s/it]
       4/50      17.6G      1.174      1.034      1.233       1194        640:  50%|█████     | 51/102 [22:11<19:57, 23.48s/it]
       4/50      17.6G      1.175      1.035      1.234       1136        640:  50%|█████     | 51/102 [22:35<19:57, 23.48s/it]
       4/50      17.6G      1.175      1.035      1.234       1136        640:  51%|█████     | 52/102 [22:35<19:51, 23.84s/it]
       4/50      17.6G      1.174      1.034      1.234       1165        640:  51%|█████     | 52/102 [22:56<19:51, 23.84s/it]
       4/50      17.6G      1.174      1.034      1.234       1165        640:  52%|█████▏    | 53/102 [22:56<18:44, 22.95s/it]
       4/50      17.6G      1.174      1.034      1.234        928        640:  52%|█████▏    | 53/102 [23:20<18:44, 22.95s/it]
       4/50      17.6G      1.174      1.034      1.234        928        640:  53%|█████▎    | 54/102 [23:20<18:40, 23.35s/it]
       4/50      17.6G      1.173      1.034      1.234       1003        640:  53%|█████▎    | 54/102 [23:44<18:40, 23.35s/it]
       4/50      17.6G      1.173      1.034      1.234       1003        640:  54%|█████▍    | 55/102 [23:44<18:13, 23.26s/it]
       4/50      17.6G      1.174      1.035      1.235       1163        640:  54%|█████▍    | 55/102 [24:09<18:13, 23.26s/it]
       4/50      17.6G      1.174      1.035      1.235       1163        640:  55%|█████▍    | 56/102 [24:09<18:19, 23.90s/it]
       4/50      17.6G      1.173      1.034      1.235       1067        640:  55%|█████▍    | 56/102 [24:32<18:19, 23.90s/it]
       4/50      17.6G      1.173      1.034      1.235       1067        640:  56%|█████▌    | 57/102 [24:32<17:44, 23.66s/it]
       4/50      17.6G      1.173      1.033      1.234       1078        640:  56%|█████▌    | 57/102 [24:55<17:44, 23.66s/it]
       4/50      17.6G      1.173      1.033      1.234       1078        640:  57%|█████▋    | 58/102 [24:55<17:08, 23.38s/it]
       4/50      17.6G      1.172      1.032      1.234        943        640:  57%|█████▋    | 58/102 [25:18<17:08, 23.38s/it]
       4/50      17.6G      1.172      1.032      1.234        943        640:  58%|█████▊    | 59/102 [25:18<16:41, 23.29s/it]
       4/50      17.6G      1.171      1.031      1.233       1094        640:  58%|█████▊    | 59/102 [25:42<16:41, 23.29s/it]
       4/50      17.6G      1.171      1.031      1.233       1094        640:  59%|█████▉    | 60/102 [25:42<16:25, 23.47s/it]
       4/50      17.6G      1.171      1.031      1.234        997        640:  59%|█████▉    | 60/102 [26:06<16:25, 23.47s/it]
       4/50      17.6G      1.171      1.031      1.234        997        640:  60%|█████▉    | 61/102 [26:06<16:06, 23.57s/it]
       4/50      17.6G       1.17       1.03      1.233       1074        640:  60%|█████▉    | 61/102 [26:28<16:06, 23.57s/it]
       4/50      17.6G       1.17       1.03      1.233       1074        640:  61%|██████    | 62/102 [26:28<15:24, 23.11s/it]
       4/50      17.6G      1.169      1.028      1.232       1052        640:  61%|██████    | 62/102 [26:49<15:24, 23.11s/it]
       4/50      17.6G      1.169      1.028      1.232       1052        640:  62%|██████▏   | 63/102 [26:49<14:43, 22.66s/it]
       4/50      17.6G      1.168      1.027      1.233        953        640:  62%|██████▏   | 63/102 [27:13<14:43, 22.66s/it]
       4/50      17.6G      1.168      1.027      1.233        953        640:  63%|██████▎   | 64/102 [27:13<14:34, 23.02s/it]
       4/50      17.6G      1.168      1.026      1.232       1107        640:  63%|██████▎   | 64/102 [27:37<14:34, 23.02s/it]
       4/50      17.6G      1.168      1.026      1.232       1107        640:  64%|██████▎   | 65/102 [27:37<14:27, 23.44s/it]
       4/50      17.6G      1.167      1.025      1.232       1012        640:  64%|██████▎   | 65/102 [28:03<14:27, 23.44s/it]
       4/50      17.6G      1.167      1.025      1.232       1012        640:  65%|██████▍   | 66/102 [28:03<14:23, 23.98s/it]
       4/50      17.6G      1.167      1.024      1.232       1134        640:  65%|██████▍   | 66/102 [28:27<14:23, 23.98s/it]
       4/50      17.6G      1.167      1.024      1.232       1134        640:  66%|██████▌   | 67/102 [28:27<13:57, 23.93s/it]
       4/50      17.6G      1.167      1.023      1.232       1003        640:  66%|██████▌   | 67/102 [28:49<13:57, 23.93s/it]
       4/50      17.6G      1.167      1.023      1.232       1003        640:  67%|██████▋   | 68/102 [28:49<13:21, 23.58s/it]
       4/50      17.6G      1.168      1.023      1.232       1168        640:  67%|██████▋   | 68/102 [29:15<13:21, 23.58s/it]
       4/50      17.6G      1.168      1.023      1.232       1168        640:  68%|██████▊   | 69/102 [29:15<13:15, 24.10s/it]
       4/50      17.6G      1.167      1.021      1.232       1133        640:  68%|██████▊   | 69/102 [29:41<13:15, 24.10s/it]
       4/50      17.6G      1.167      1.021      1.232       1133        640:  69%|██████▊   | 70/102 [29:41<13:13, 24.81s/it]
       4/50      17.6G      1.167      1.021      1.232       1104        640:  69%|██████▊   | 70/102 [30:06<13:13, 24.81s/it]
       4/50      17.6G      1.167      1.021      1.232       1104        640:  70%|██████▉   | 71/102 [30:06<12:48, 24.78s/it]
       4/50      17.6G      1.167      1.019      1.231       1052        640:  70%|██████▉   | 71/102 [30:30<12:48, 24.78s/it]
       4/50      17.6G      1.167      1.019      1.231       1052        640:  71%|███████   | 72/102 [30:30<12:22, 24.73s/it]
       4/50      17.6G      1.166      1.019      1.231       1036        640:  71%|███████   | 72/102 [30:57<12:22, 24.73s/it]
       4/50      17.6G      1.166      1.019      1.231       1036        640:  72%|███████▏  | 73/102 [30:57<12:12, 25.28s/it]
       4/50      17.6G      1.166      1.019      1.232       1229        640:  72%|███████▏  | 73/102 [31:21<12:12, 25.28s/it]
       4/50      17.6G      1.166      1.019      1.232       1229        640:  73%|███████▎  | 74/102 [31:21<11:38, 24.94s/it]
       4/50      17.6G      1.166      1.019      1.232        927        640:  73%|███████▎  | 74/102 [31:47<11:38, 24.94s/it]
       4/50      17.6G      1.166      1.019      1.232        927        640:  74%|███████▎  | 75/102 [31:47<11:24, 25.36s/it]
       4/50      17.6G      1.166      1.018      1.232        990        640:  74%|███████▎  | 75/102 [32:11<11:24, 25.36s/it]
       4/50      17.6G      1.166      1.018      1.232        990        640:  75%|███████▍  | 76/102 [32:11<10:44, 24.80s/it]
       4/50      17.6G      1.167      1.018      1.232        943        640:  75%|███████▍  | 76/102 [32:35<10:44, 24.80s/it]
       4/50      17.6G      1.167      1.018      1.232        943        640:  75%|███████▌  | 77/102 [32:35<10:13, 24.52s/it]
       4/50      17.6G      1.167      1.018      1.232       1065        640:  75%|███████▌  | 77/102 [32:57<10:13, 24.52s/it]
       4/50      17.6G      1.167      1.018      1.232       1065        640:  76%|███████▋  | 78/102 [32:57<09:29, 23.74s/it]
       4/50      17.6G      1.167      1.018      1.232       1034        640:  76%|███████▋  | 78/102 [33:20<09:29, 23.74s/it]
       4/50      17.6G      1.167      1.018      1.232       1034        640:  77%|███████▋  | 79/102 [33:20<08:59, 23.46s/it]
       4/50      17.6G      1.167      1.018      1.232        982        640:  77%|███████▋  | 79/102 [33:43<08:59, 23.46s/it]
       4/50      17.6G      1.167      1.018      1.232        982        640:  78%|███████▊  | 80/102 [33:43<08:34, 23.39s/it]
       4/50      17.6G      1.167      1.019      1.232        972        640:  78%|███████▊  | 80/102 [34:08<08:34, 23.39s/it]
       4/50      17.6G      1.167      1.019      1.232        972        640:  79%|███████▉  | 81/102 [34:08<08:20, 23.85s/it]
       4/50      17.6G      1.167      1.018      1.232        870        640:  79%|███████▉  | 81/102 [34:31<08:20, 23.85s/it]
       4/50      17.6G      1.167      1.018      1.232        870        640:  80%|████████  | 82/102 [34:31<07:52, 23.65s/it]
       4/50      17.6G      1.167      1.017      1.232       1160        640:  80%|████████  | 82/102 [34:56<07:52, 23.65s/it]
       4/50      17.6G      1.167      1.017      1.232       1160        640:  81%|████████▏ | 83/102 [34:56<07:35, 23.95s/it]
       4/50      17.6G      1.167      1.016      1.232       1123        640:  81%|████████▏ | 83/102 [35:19<07:35, 23.95s/it]
       4/50      17.6G      1.167      1.016      1.232       1123        640:  82%|████████▏ | 84/102 [35:19<07:11, 23.95s/it]
       4/50      17.6G      1.167      1.015      1.232       1298        640:  82%|████████▏ | 84/102 [35:44<07:11, 23.95s/it]
       4/50      17.6G      1.167      1.015      1.232       1298        640:  83%|████████▎ | 85/102 [35:44<06:51, 24.22s/it]
       4/50      17.6G      1.167      1.015      1.232       1075        640:  83%|████████▎ | 85/102 [36:09<06:51, 24.22s/it]
       4/50      17.6G      1.167      1.015      1.232       1075        640:  84%|████████▍ | 86/102 [36:09<06:29, 24.34s/it]
       4/50      17.6G      1.167      1.015      1.231       1377        640:  84%|████████▍ | 86/102 [36:31<06:29, 24.34s/it]
       4/50      17.6G      1.167      1.015      1.231       1377        640:  85%|████████▌ | 87/102 [36:31<05:55, 23.70s/it]
       4/50      17.6G      1.166      1.014      1.231       1015        640:  85%|████████▌ | 87/102 [36:55<05:55, 23.70s/it]
       4/50      17.6G      1.166      1.014      1.231       1015        640:  86%|████████▋ | 88/102 [36:55<05:32, 23.75s/it]
       4/50      17.6G      1.167      1.015      1.232        986        640:  86%|████████▋ | 88/102 [37:18<05:32, 23.75s/it]
       4/50      17.6G      1.167      1.015      1.232        986        640:  87%|████████▋ | 89/102 [37:18<05:05, 23.53s/it]
       4/50      17.6G      1.167      1.015      1.232       1010        640:  87%|████████▋ | 89/102 [37:42<05:05, 23.53s/it]
       4/50      17.6G      1.167      1.015      1.232       1010        640:  88%|████████▊ | 90/102 [37:42<04:45, 23.75s/it]
       4/50      17.6G      1.166      1.014      1.232       1210        640:  88%|████████▊ | 90/102 [38:08<04:45, 23.75s/it]
       4/50      17.6G      1.166      1.014      1.232       1210        640:  89%|████████▉ | 91/102 [38:08<04:29, 24.46s/it]
       4/50      17.6G      1.166      1.014      1.232       1168        640:  89%|████████▉ | 91/102 [38:34<04:29, 24.46s/it]
       4/50      17.6G      1.166      1.014      1.232       1168        640:  90%|█████████ | 92/102 [38:34<04:08, 24.80s/it]
       4/50      17.6G      1.166      1.014      1.232       1142        640:  90%|█████████ | 92/102 [38:58<04:08, 24.80s/it]
       4/50      17.6G      1.166      1.014      1.232       1142        640:  91%|█████████ | 93/102 [38:58<03:41, 24.61s/it]
       4/50      17.6G      1.167      1.015      1.232       1006        640:  91%|█████████ | 93/102 [39:27<03:41, 24.61s/it]
       4/50      17.6G      1.167      1.015      1.232       1006        640:  92%|█████████▏| 94/102 [39:27<03:26, 25.79s/it]
       4/50      17.6G      1.168      1.015      1.232       1332        640:  92%|█████████▏| 94/102 [39:52<03:26, 25.79s/it]
       4/50      17.6G      1.168      1.015      1.232       1332        640:  93%|█████████▎| 95/102 [39:52<03:00, 25.74s/it]
       4/50      17.6G      1.168      1.015      1.232       1010        640:  93%|█████████▎| 95/102 [40:19<03:00, 25.74s/it]
       4/50      17.6G      1.168      1.015      1.232       1010        640:  94%|█████████▍| 96/102 [40:19<02:35, 25.89s/it]
       4/50      17.6G      1.168      1.015      1.233        857        640:  94%|█████████▍| 96/102 [40:44<02:35, 25.89s/it]
       4/50      17.6G      1.168      1.015      1.233        857        640:  95%|█████████▌| 97/102 [40:44<02:08, 25.77s/it]
       4/50      17.6G      1.167      1.014      1.232       1163        640:  95%|█████████▌| 97/102 [41:10<02:08, 25.77s/it]
       4/50      17.6G      1.167      1.014      1.232       1163        640:  96%|█████████▌| 98/102 [41:10<01:42, 25.70s/it]
       4/50      17.6G      1.167      1.013      1.232       1241        640:  96%|█████████▌| 98/102 [41:34<01:42, 25.70s/it]
       4/50      17.6G      1.167      1.013      1.232       1241        640:  97%|█████████▋| 99/102 [41:34<01:15, 25.29s/it]
       4/50      17.6G      1.166      1.012      1.232       1121        640:  97%|█████████▋| 99/102 [41:58<01:15, 25.29s/it]
       4/50      17.6G      1.166      1.012      1.232       1121        640:  98%|█████████▊| 100/102 [41:58<00:49, 24.92s/it]
       4/50      17.6G      1.166      1.012      1.231       1399        640:  98%|█████████▊| 100/102 [42:22<00:49, 24.92s/it]
       4/50      17.6G      1.166      1.012      1.231       1399        640:  99%|█████████▉| 101/102 [42:22<00:24, 24.68s/it]
       4/50      17.6G      1.165      1.012      1.231        273        640:  99%|█████████▉| 101/102 [42:27<00:24, 24.68s/it]
       4/50      17.6G      1.165      1.012      1.231        273        640: 100%|██████████| 102/102 [42:27<00:00, 18.80s/it]
       4/50      17.6G      1.165      1.012      1.231        273        640: 100%|██████████| 102/102 [42:27<00:00, 24.98s/it]

                 Class     Images  Instances      Box(P          R      mAP50  mAP50-95):   0%|          | 0/13 [00:00<?, ?it/s]
                 Class     Images  Instances      Box(P          R      mAP50  mAP50-95):   8%|▊         | 1/13 [00:00<00:03,  3.02it/s]
                 Class     Images  Instances      Box(P          R      mAP50  mAP50-95):  15%|█▌        | 2/13 [00:00<00:03,  3.04it/s]
                 Class     Images  Instances      Box(P          R      mAP50  mAP50-95):  23%|██▎       | 3/13 [00:00<00:03,  3.15it/s]
                 Class     Images  Instances      Box(P          R      mAP50  mAP50-95):  31%|███       | 4/13 [00:01<00:02,  3.27it/s]
                 Class     Images  Instances      Box(P          R      mAP50  mAP50-95):  38%|███▊      | 5/13 [02:23<06:53, 51.67s/it]
                 Class     Images  Instances      Box(P          R      mAP50  mAP50-95):  46%|████▌     | 6/13 [02:24<03:59, 34.20s/it]
                 Class     Images  Instances      Box(P          R      mAP50  mAP50-95):  54%|█████▍    | 7/13 [03:51<05:08, 51.44s/it]
                 Class     Images  Instances      Box(P          R      mAP50  mAP50-95):  62%|██████▏   | 8/13 [03:51<02:55, 35.17s/it]
                 Class     Images  Instances      Box(P          R      mAP50  mAP50-95):  69%|██████▉   | 9/13 [05:27<03:36, 54.12s/it]
                 Class     Images  Instances      Box(P          R      mAP50  mAP50-95):  77%|███████▋  | 10/13 [05:27<01:52, 37.50s/it]
                 Class     Images  Instances      Box(P          R      mAP50  mAP50-95):  85%|████████▍ | 11/13 [07:02<01:50, 55.06s/it]
                 Class     Images  Instances      Box(P          R      mAP50  mAP50-95):  92%|█████████▏| 12/13 [07:02<00:38, 38.40s/it]
                 Class     Images  Instances      Box(P          R      mAP50  mAP50-95): 100%|██████████| 13/13 [07:36<00:00, 36.85s/it]
                 Class     Images  Instances      Box(P          R      mAP50  mAP50-95): 100%|██████████| 13/13 [07:36<00:00, 35.08s/it]
                   all       1620      15401      0.523      0.343      0.364      0.219

      Epoch    GPU_mem   box_loss   cls_loss   dfl_loss  Instances       Size

  0%|          | 0/102 [00:00<?, ?it/s]
       5/50      15.8G      1.151     0.9498        1.2       1230        640:   0%|          | 0/102 [00:00<?, ?it/s]
       5/50      15.8G      1.151     0.9498        1.2       1230        640:   1%|          | 1/102 [00:00<00:17,  5.65it/s]
       5/50      16.3G      1.143     0.9564      1.183       1190        640:   1%|          | 1/102 [00:00<00:17,  5.65it/s]
       5/50      16.3G      1.143     0.9564      1.183       1190        640:   2%|▏         | 2/102 [00:00<00:16,  5.90it/s]
       5/50      16.3G      1.153     0.9751      1.204       1013        640:   2%|▏         | 2/102 [01:05<00:16,  5.90it/s]
       5/50      16.3G      1.153     0.9751      1.204       1013        640:   3%|▎         | 3/102 [01:05<49:21, 29.91s/it]
       5/50      16.3G       1.15     0.9656       1.21       1091        640:   3%|▎         | 3/102 [02:06<49:21, 29.91s/it]
       5/50      16.3G       1.15     0.9656       1.21       1091        640:   4%|▍         | 4/102 [02:06<1:08:44, 42.09s/it]
       5/50      16.3G      1.161       0.98      1.223        944        640:   4%|▍         | 4/102 [02:52<1:08:44, 42.09s/it]
       5/50      16.3G      1.161       0.98      1.223        944        640:   5%|▍         | 5/102 [02:52<1:10:14, 43.45s/it]
       5/50      16.3G      1.149     0.9774       1.22       1051        640:   5%|▍         | 5/102 [03:37<1:10:14, 43.45s/it]
       5/50      16.3G      1.149     0.9774       1.22       1051        640:   6%|▌         | 6/102 [03:37<1:10:20, 43.97s/it]
       5/50      16.3G       1.14      0.969      1.215       1069        640:   6%|▌         | 6/102 [04:12<1:10:20, 43.97s/it]
       5/50      16.3G       1.14      0.969      1.215       1069        640:   7%|▋         | 7/102 [04:12<1:04:59, 41.05s/it]
       5/50      16.3G       1.14     0.9651      1.212       1217        640:   7%|▋         | 7/102 [04:36<1:04:59, 41.05s/it]
       5/50      16.3G       1.14     0.9651      1.212       1217        640:   8%|▊         | 8/102 [04:36<55:46, 35.60s/it]
       5/50      16.9G      1.147      0.969      1.212       1224        640:   8%|▊         | 8/102 [04:59<55:46, 35.60s/it]
       5/50      16.9G      1.147      0.969      1.212       1224        640:   9%|▉         | 9/102 [04:59<49:20, 31.83s/it]
       5/50      16.9G      1.146     0.9686      1.211       1077        640:   9%|▉         | 9/102 [05:24<49:20, 31.83s/it]
       5/50      16.9G      1.146     0.9686      1.211       1077        640:  10%|▉         | 10/102 [05:24<45:15, 29.51s/it]
       5/50      16.9G      1.143     0.9646      1.211       1025        640:  10%|▉         | 10/102 [05:47<45:15, 29.51s/it]
       5/50      16.9G      1.143     0.9646      1.211       1025        640:  11%|█         | 11/102 [05:47<42:04, 27.74s/it]
       5/50      17.6G      1.146     0.9672      1.213       1104        640:  11%|█         | 11/102 [06:10<42:04, 27.74s/it]
       5/50      17.6G      1.146     0.9672      1.213       1104        640:  12%|█▏        | 12/102 [06:10<39:16, 26.18s/it]
       5/50      17.6G      1.146     0.9711      1.218       1000        640:  12%|█▏        | 12/102 [06:35<39:16, 26.18s/it]
       5/50      17.6G      1.146     0.9711      1.218       1000        640:  13%|█▎        | 13/102 [06:35<38:29, 25.95s/it]
       5/50      17.6G      1.147     0.9744      1.217       1206        640:  13%|█▎        | 13/102 [07:01<38:29, 25.95s/it]
       5/50      17.6G      1.147     0.9744      1.217       1206        640:  14%|█▎        | 14/102 [07:01<37:53, 25.83s/it]
       5/50      17.6G      1.148     0.9755      1.219       1086        640:  14%|█▎        | 14/102 [07:22<37:53, 25.83s/it]
       5/50      17.6G      1.148     0.9755      1.219       1086        640:  15%|█▍        | 15/102 [07:22<35:14, 24.30s/it]
       5/50      17.6G      1.146     0.9752      1.221        885        640:  15%|█▍        | 15/102 [07:45<35:14, 24.30s/it]
       5/50      17.6G      1.146     0.9752      1.221        885        640:  16%|█▌        | 16/102 [07:45<34:18, 23.94s/it]
       5/50      17.6G      1.143      0.972      1.218       1173        640:  16%|█▌        | 16/102 [08:13<34:18, 23.94s/it]
       5/50      17.6G      1.143      0.972      1.218       1173        640:  17%|█▋        | 17/102 [08:13<35:33, 25.10s/it]
       5/50      17.6G       1.14     0.9689      1.219       1068        640:  17%|█▋        | 17/102 [08:38<35:33, 25.10s/it]
       5/50      17.6G       1.14     0.9689      1.219       1068        640:  18%|█▊        | 18/102 [08:38<35:10, 25.12s/it]
       5/50      17.6G      1.138     0.9639      1.217       1065        640:  18%|█▊        | 18/102 [09:10<35:10, 25.12s/it]
       5/50      17.6G      1.138     0.9639      1.217       1065        640:  19%|█▊        | 19/102 [09:10<37:41, 27.24s/it]
       5/50      17.6G      1.138     0.9638      1.216        993        640:  19%|█▊        | 19/102 [09:33<37:41, 27.24s/it]
       5/50      17.6G      1.138     0.9638      1.216        993        640:  20%|█▉        | 20/102 [09:33<35:32, 26.01s/it]
       5/50      17.6G      1.142     0.9681      1.218       1247        640:  20%|█▉        | 20/102 [09:58<35:32, 26.01s/it]
       5/50      17.6G      1.142     0.9681      1.218       1247        640:  21%|██        | 21/102 [09:58<34:39, 25.67s/it]
       5/50      17.6G      1.143      0.969      1.219       1081        640:  21%|██        | 21/102 [10:21<34:39, 25.67s/it]
       5/50      17.6G      1.143      0.969      1.219       1081        640:  22%|██▏       | 22/102 [10:21<33:14, 24.94s/it]
       5/50      17.6G      1.145     0.9691      1.218       1262        640:  22%|██▏       | 22/102 [10:45<33:14, 24.94s/it]
       5/50      17.6G      1.145     0.9691      1.218       1262        640:  23%|██▎       | 23/102 [10:45<32:14, 24.48s/it]
       5/50      17.6G      1.144     0.9681      1.217       1168        640:  23%|██▎       | 23/102 [11:07<32:14, 24.48s/it]
       5/50      17.6G      1.144     0.9681      1.217       1168        640:  24%|██▎       | 24/102 [11:07<30:57, 23.81s/it]
       5/50      17.6G      1.143     0.9678      1.217       1110        640:  24%|██▎       | 24/102 [11:31<30:57, 23.81s/it]
       5/50      17.6G      1.143     0.9678      1.217       1110        640:  25%|██▍       | 25/102 [11:31<30:39, 23.89s/it]
       5/50      17.6G      1.143      0.966      1.217        985        640:  25%|██▍       | 25/102 [11:55<30:39, 23.89s/it]
       5/50      17.6G      1.143      0.966      1.217        985        640:  25%|██▌       | 26/102 [11:55<30:09, 23.81s/it]
       5/50      17.6G      1.143     0.9655      1.216       1221        640:  25%|██▌       | 26/102 [12:19<30:09, 23.81s/it]
       5/50      17.6G      1.143     0.9655      1.216       1221        640:  26%|██▋       | 27/102 [12:19<30:10, 24.14s/it]
       5/50      17.6G      1.145     0.9649      1.216       1174        640:  26%|██▋       | 27/102 [12:43<30:10, 24.14s/it]
       5/50      17.6G      1.145     0.9649      1.216       1174        640:  27%|██▋       | 28/102 [12:43<29:37, 24.03s/it]
       5/50      17.6G      1.144     0.9682      1.217        786        640:  27%|██▋       | 28/102 [13:08<29:37, 24.03s/it]
       5/50      17.6G      1.144     0.9682      1.217        786        640:  28%|██▊       | 29/102 [13:08<29:25, 24.18s/it]
       5/50      17.6G      1.144     0.9696      1.218        944        640:  28%|██▊       | 29/102 [13:33<29:25, 24.18s/it]
       5/50      17.6G      1.144     0.9696      1.218        944        640:  29%|██▉       | 30/102 [13:33<29:21, 24.47s/it]
       5/50      17.6G      1.144     0.9683      1.217       1172        640:  29%|██▉       | 30/102 [13:56<29:21, 24.47s/it]
       5/50      17.6G      1.144     0.9683      1.217       1172        640:  30%|███       | 31/102 [13:56<28:37, 24.18s/it]
       5/50      17.6G      1.142     0.9675      1.216       1250        640:  30%|███       | 31/102 [14:17<28:37, 24.18s/it]
       5/50      17.6G      1.142     0.9675      1.216       1250        640:  31%|███▏      | 32/102 [14:17<27:06, 23.24s/it]
       5/50      18.5G      1.141      0.966      1.214       1223        640:  31%|███▏      | 32/102 [14:41<27:06, 23.24s/it]
       5/50      18.5G      1.141      0.966      1.214       1223        640:  32%|███▏      | 33/102 [14:41<26:57, 23.45s/it]
       5/50      19.5G      1.141      0.966      1.214       1065        640:  32%|███▏      | 33/102 [15:06<26:57, 23.45s/it]
       5/50      19.5G      1.141      0.966      1.214       1065        640:  33%|███▎      | 34/102 [15:06<26:54, 23.75s/it]
       5/50      19.5G       1.14     0.9649      1.213       1112        640:  33%|███▎      | 34/102 [15:29<26:54, 23.75s/it]
       5/50      19.5G       1.14     0.9649      1.213       1112        640:  34%|███▍      | 35/102 [15:29<26:29, 23.73s/it]
       5/50      19.5G       1.14      0.965      1.213       1184        640:  34%|███▍      | 35/102 [15:56<26:29, 23.73s/it]
       5/50      19.5G       1.14      0.965      1.213       1184        640:  35%|███▌      | 36/102 [15:56<26:55, 24.48s/it]
       5/50      19.5G       1.14     0.9652      1.213       1182        640:  35%|███▌      | 36/102 [16:18<26:55, 24.48s/it]
       5/50      19.5G       1.14     0.9652      1.213       1182        640:  36%|███▋      | 37/102 [16:18<25:57, 23.96s/it]
       5/50      19.5G      1.139     0.9649      1.213        915        640:  36%|███▋      | 37/102 [16:44<25:57, 23.96s/it]
       5/50      19.5G      1.139     0.9649      1.213        915        640:  37%|███▋      | 38/102 [16:44<25:55, 24.31s/it]
       5/50      19.5G      1.137      0.964      1.212       1085        640:  37%|███▋      | 38/102 [17:07<25:55, 24.31s/it]
       5/50      19.5G      1.137      0.964      1.212       1085        640:  38%|███▊      | 39/102 [17:07<25:10, 23.98s/it]
       5/50      19.5G      1.137     0.9652      1.212        957        640:  38%|███▊      | 39/102 [17:32<25:10, 23.98s/it]
       5/50      19.5G      1.137     0.9652      1.212        957        640:  39%|███▉      | 40/102 [17:32<25:12, 24.39s/it]
       5/50      19.5G      1.137     0.9668      1.212       1152        640:  39%|███▉      | 40/102 [17:56<25:12, 24.39s/it]
       5/50      19.5G      1.137     0.9668      1.212       1152        640:  40%|████      | 41/102 [17:56<24:46, 24.36s/it]
       5/50      19.5G      1.139     0.9692      1.213        966        640:  40%|████      | 41/102 [18:21<24:46, 24.36s/it]
       5/50      19.5G      1.139     0.9692      1.213        966        640:  41%|████      | 42/102 [18:21<24:22, 24.37s/it]
       5/50      19.5G       1.14     0.9707      1.214        918        640:  41%|████      | 42/102 [18:45<24:22, 24.37s/it]
       5/50      19.5G       1.14     0.9707      1.214        918        640:  42%|████▏     | 43/102 [18:45<23:56, 24.35s/it]
       5/50      19.5G      1.139     0.9714      1.214       1015        640:  42%|████▏     | 43/102 [19:09<23:56, 24.35s/it]
       5/50      19.5G      1.139     0.9714      1.214       1015        640:  43%|████▎     | 44/102 [19:09<23:26, 24.25s/it]
       5/50      19.5G      1.139     0.9726      1.213        974        640:  43%|████▎     | 44/102 [19:34<23:26, 24.25s/it]
       5/50      19.5G      1.139     0.9726      1.213        974        640:  44%|████▍     | 45/102 [19:34<23:16, 24.49s/it]
       5/50      19.5G      1.138     0.9717      1.214        903        640:  44%|████▍     | 45/102 [19:59<23:16, 24.49s/it]
       5/50      19.5G      1.138     0.9717      1.214        903        640:  45%|████▌     | 46/102 [19:59<22:54, 24.55s/it]
       5/50      19.5G      1.138     0.9715      1.214       1078        640:  45%|████▌     | 46/102 [20:25<22:54, 24.55s/it]
       5/50      19.5G      1.138     0.9715      1.214       1078        640:  46%|████▌     | 47/102 [20:25<22:52, 24.96s/it]
       5/50      19.5G      1.136     0.9688      1.212       1178        640:  46%|████▌     | 47/102 [20:48<22:52, 24.96s/it]
       5/50      19.5G      1.136     0.9688      1.212       1178        640:  47%|████▋     | 48/102 [20:48<22:04, 24.53s/it]
       5/50      19.5G      1.136     0.9697      1.213       1097        640:  47%|████▋     | 48/102 [21:10<22:04, 24.53s/it]
       5/50      19.5G      1.136     0.9697      1.213       1097        640:  48%|████▊     | 49/102 [21:10<20:57, 23.73s/it]
       5/50      19.5G      1.135     0.9697      1.213       1156        640:  48%|████▊     | 49/102 [21:32<20:57, 23.73s/it]
       5/50      19.5G      1.135     0.9697      1.213       1156        640:  49%|████▉     | 50/102 [21:32<20:08, 23.24s/it]
       5/50      19.5G      1.136     0.9702      1.213       1126        640:  49%|████▉     | 50/102 [21:58<20:08, 23.24s/it]
       5/50      19.5G      1.136     0.9702      1.213       1126        640:  50%|█████     | 51/102 [21:58<20:19, 23.91s/it]
       5/50      20.6G      1.136     0.9705      1.213       1109        640:  50%|█████     | 51/102 [22:21<20:19, 23.91s/it]
       5/50      20.6G      1.136     0.9705      1.213       1109        640:  51%|█████     | 52/102 [22:21<19:45, 23.72s/it]
       5/50      20.6G      1.136     0.9705      1.214        938        640:  51%|█████     | 52/102 [22:45<19:45, 23.72s/it]
       5/50      20.6G      1.136     0.9705      1.214        938        640:  52%|█████▏    | 53/102 [22:45<19:25, 23.79s/it]
       5/50      20.6G      1.136     0.9706      1.215       1036        640:  52%|█████▏    | 53/102 [23:10<19:25, 23.79s/it]
       5/50      20.6G      1.136     0.9706      1.215       1036        640:  53%|█████▎    | 54/102 [23:10<19:15, 24.07s/it]
       5/50      20.6G      1.136     0.9708      1.215        874        640:  53%|█████▎    | 54/102 [23:33<19:15, 24.07s/it]
       5/50      20.6G      1.136     0.9708      1.215        874        640:  54%|█████▍    | 55/102 [23:33<18:36, 23.75s/it]
       5/50      20.6G      1.136     0.9711      1.215        931        640:  54%|█████▍    | 55/102 [23:57<18:36, 23.75s/it]
       5/50      20.6G      1.136     0.9711      1.215        931        640:  55%|█████▍    | 56/102 [23:57<18:15, 23.81s/it]
       5/50      20.6G      1.136     0.9723      1.215        963        640:  55%|█████▍    | 56/102 [24:22<18:15, 23.81s/it]
       5/50      20.6G      1.136     0.9723      1.215        963        640:  56%|█████▌    | 57/102 [24:22<18:15, 24.35s/it]
       5/50      20.6G      1.135     0.9708      1.215       1083        640:  56%|█████▌    | 57/102 [24:45<18:15, 24.35s/it]
       5/50      20.6G      1.135     0.9708      1.215       1083        640:  57%|█████▋    | 58/102 [24:45<17:35, 23.98s/it]
       5/50      20.6G      1.134     0.9706      1.215        879        640:  57%|█████▋    | 58/102 [25:09<17:35, 23.98s/it]
       5/50      20.6G      1.134     0.9706      1.215        879        640:  58%|█████▊    | 59/102 [25:09<17:00, 23.74s/it]
       5/50      20.6G      1.134     0.9708      1.215        918        640:  58%|█████▊    | 59/102 [25:32<17:00, 23.74s/it]
       5/50      20.6G      1.134     0.9708      1.215        918        640:  59%|█████▉    | 60/102 [25:32<16:28, 23.53s/it]
       5/50      20.6G      1.134     0.9697      1.215       1059        640:  59%|█████▉    | 60/102 [25:57<16:28, 23.53s/it]
       5/50      20.6G      1.134     0.9697      1.215       1059        640:  60%|█████▉    | 61/102 [25:57<16:23, 23.99s/it]
       5/50      20.6G      1.134     0.9694      1.215        933        640:  60%|█████▉    | 61/102 [26:18<16:23, 23.99s/it]
       5/50      20.6G      1.134     0.9694      1.215        933        640:  61%|██████    | 62/102 [26:18<15:30, 23.27s/it]
       5/50      20.6G      1.134     0.9694      1.215       1083        640:  61%|██████    | 62/102 [26:43<15:30, 23.27s/it]
       5/50      20.6G      1.134     0.9694      1.215       1083        640:  62%|██████▏   | 63/102 [26:43<15:20, 23.60s/it]
       5/50      20.6G      1.134     0.9699      1.215       1070        640:  62%|██████▏   | 63/102 [27:06<15:20, 23.60s/it]
       5/50      20.6G      1.134     0.9699      1.215       1070        640:  63%|██████▎   | 64/102 [27:06<14:55, 23.57s/it]
       5/50      20.6G      1.135     0.9692      1.215       1013        640:  63%|██████▎   | 64/102 [27:31<14:55, 23.57s/it]
       5/50      20.6G      1.135     0.9692      1.215       1013        640:  64%|██████▎   | 65/102 [27:31<14:43, 23.87s/it]
       5/50      20.6G      1.135     0.9687      1.215       1199        640:  64%|██████▎   | 65/102 [27:54<14:43, 23.87s/it]
       5/50      20.6G      1.135     0.9687      1.215       1199        640:  65%|██████▍   | 66/102 [27:54<14:12, 23.69s/it]
       5/50      20.6G      1.135     0.9672      1.215       1148        640:  65%|██████▍   | 66/102 [28:17<14:12, 23.69s/it]
       5/50      20.6G      1.135     0.9672      1.215       1148        640:  66%|██████▌   | 67/102 [28:17<13:45, 23.59s/it]
       5/50      20.6G      1.135     0.9663      1.214       1234        640:  66%|██████▌   | 67/102 [28:42<13:45, 23.59s/it]
       5/50      20.6G      1.135     0.9663      1.214       1234        640:  67%|██████▋   | 68/102 [28:42<13:34, 23.94s/it]
       5/50      20.6G      1.136     0.9658      1.215       1077        640:  67%|██████▋   | 68/102 [29:07<13:34, 23.94s/it]
       5/50      20.6G      1.136     0.9658      1.215       1077        640:  68%|██████▊   | 69/102 [29:07<13:23, 24.36s/it]
       5/50      20.6G      1.137     0.9672      1.215       1159        640:  68%|██████▊   | 69/102 [29:32<13:23, 24.36s/it]
       5/50      20.6G      1.137     0.9672      1.215       1159        640:  69%|██████▊   | 70/102 [29:32<12:57, 24.30s/it]
       5/50      20.6G      1.137     0.9671      1.215       1170        640:  69%|██████▊   | 70/102 [29:56<12:57, 24.30s/it]
       5/50      20.6G      1.137     0.9671      1.215       1170        640:  70%|██████▉   | 71/102 [29:56<12:32, 24.26s/it]
       5/50      20.6G      1.138     0.9685      1.216       1050        640:  70%|██████▉   | 71/102 [30:21<12:32, 24.26s/it]
       5/50      20.6G      1.138     0.9685      1.216       1050        640:  71%|███████   | 72/102 [30:21<12:15, 24.50s/it]
       5/50      20.6G      1.139     0.9689      1.216       1181        640:  71%|███████   | 72/102 [30:44<12:15, 24.50s/it]
       5/50      20.6G      1.139     0.9689      1.216       1181        640:  72%|███████▏  | 73/102 [30:44<11:38, 24.10s/it]
       5/50      20.6G      1.139     0.9691      1.216       1193        640:  72%|███████▏  | 73/102 [31:09<11:38, 24.10s/it]
       5/50      20.6G      1.139     0.9691      1.216       1193        640:  73%|███████▎  | 74/102 [31:09<11:20, 24.30s/it]
       5/50      20.6G      1.139     0.9698      1.216        997        640:  73%|███████▎  | 74/102 [31:31<11:20, 24.30s/it]
       5/50      20.6G      1.139     0.9698      1.216        997        640:  74%|███████▎  | 75/102 [31:31<10:43, 23.82s/it]
       5/50      20.6G      1.139     0.9696      1.215       1012        640:  74%|███████▎  | 75/102 [31:55<10:43, 23.82s/it]
       5/50      20.6G      1.139     0.9696      1.215       1012        640:  75%|███████▍  | 76/102 [31:55<10:15, 23.68s/it]
       5/50      20.6G      1.138     0.9695      1.216        919        640:  75%|███████▍  | 76/102 [32:18<10:15, 23.68s/it]
       5/50      20.6G      1.138     0.9695      1.216        919        640:  75%|███████▌  | 77/102 [32:18<09:48, 23.55s/it]
       5/50      20.6G      1.138     0.9686      1.215       1198        640:  75%|███████▌  | 77/102 [32:41<09:48, 23.55s/it]
       5/50      20.6G      1.138     0.9686      1.215       1198        640:  76%|███████▋  | 78/102 [32:41<09:19, 23.32s/it]
       5/50      20.6G      1.138     0.9694      1.215        972        640:  76%|███████▋  | 78/102 [33:06<09:19, 23.32s/it]
       5/50      20.6G      1.138     0.9694      1.215        972        640:  77%|███████▋  | 79/102 [33:06<09:10, 23.92s/it]
       5/50      20.6G      1.138     0.9693      1.215       1310        640:  77%|███████▋  | 79/102 [33:30<09:10, 23.92s/it]
       5/50      20.6G      1.138     0.9693      1.215       1310        640:  78%|███████▊  | 80/102 [33:30<08:45, 23.89s/it]
       5/50      20.6G      1.138     0.9685      1.215       1230        640:  78%|███████▊  | 80/102 [33:54<08:45, 23.89s/it]
       5/50      20.6G      1.138     0.9685      1.215       1230        640:  79%|███████▉  | 81/102 [33:54<08:20, 23.84s/it]
       5/50      20.6G      1.138     0.9683      1.215       1115        640:  79%|███████▉  | 81/102 [34:17<08:20, 23.84s/it]
       5/50      20.6G      1.138     0.9683      1.215       1115        640:  80%|████████  | 82/102 [34:17<07:53, 23.66s/it]
       5/50      20.6G      1.137     0.9675      1.214       1130        640:  80%|████████  | 82/102 [34:38<07:53, 23.66s/it]
       5/50      20.6G      1.137     0.9675      1.214       1130        640:  81%|████████▏ | 83/102 [34:38<07:14, 22.85s/it]
       5/50      20.6G      1.137      0.967      1.214        991        640:  81%|████████▏ | 83/102 [35:02<07:14, 22.85s/it]
       5/50      20.6G      1.137      0.967      1.214        991        640:  82%|████████▏ | 84/102 [35:02<06:57, 23.18s/it]
       5/50      20.6G      1.137     0.9674      1.214        914        640:  82%|████████▏ | 84/102 [35:25<06:57, 23.18s/it]
       5/50      20.6G      1.137     0.9674      1.214        914        640:  83%|████████▎ | 85/102 [35:25<06:34, 23.22s/it]
       5/50      20.6G      1.137     0.9668      1.214       1033        640:  83%|████████▎ | 85/102 [35:49<06:34, 23.22s/it]
       5/50      20.6G      1.137     0.9668      1.214       1033        640:  84%|████████▍ | 86/102 [35:49<06:16, 23.52s/it]
       5/50      20.6G      1.137     0.9662      1.214       1133        640:  84%|████████▍ | 86/102 [36:14<06:16, 23.52s/it]
       5/50      20.6G      1.137     0.9662      1.214       1133        640:  85%|████████▌ | 87/102 [36:14<05:56, 23.76s/it]
       5/50      20.6G      1.136     0.9659      1.214       1096        640:  85%|████████▌ | 87/102 [36:38<05:56, 23.76s/it]
       5/50      20.6G      1.136     0.9659      1.214       1096        640:  86%|████████▋ | 88/102 [36:38<05:33, 23.85s/it]
       5/50      20.6G      1.136     0.9657      1.214       1060        640:  86%|████████▋ | 88/102 [37:02<05:33, 23.85s/it]
       5/50      20.6G      1.136     0.9657      1.214       1060        640:  87%|████████▋ | 89/102 [37:02<05:09, 23.82s/it]
       5/50      20.6G      1.136     0.9657      1.213       1144        640:  87%|████████▋ | 89/102 [37:26<05:09, 23.82s/it]
       5/50      20.6G      1.136     0.9657      1.213       1144        640:  88%|████████▊ | 90/102 [37:26<04:47, 23.94s/it]
       5/50      20.6G      1.136     0.9655      1.213       1051        640:  88%|████████▊ | 90/102 [37:49<04:47, 23.94s/it]
       5/50      20.6G      1.136     0.9655      1.213       1051        640:  89%|████████▉ | 91/102 [37:49<04:21, 23.75s/it]
       5/50      20.6G      1.136     0.9648      1.213       1140        640:  89%|████████▉ | 91/102 [38:14<04:21, 23.75s/it]
       5/50      20.6G      1.136     0.9648      1.213       1140        640:  90%|█████████ | 92/102 [38:14<04:00, 24.04s/it]
       5/50      20.6G      1.135     0.9647      1.213        976        640:  90%|█████████ | 92/102 [38:37<04:00, 24.04s/it]
       5/50      20.6G      1.135     0.9647      1.213        976        640:  91%|█████████ | 93/102 [38:37<03:35, 23.90s/it]
       5/50      20.6G      1.135     0.9648      1.213        993        640:  91%|█████████ | 93/102 [39:02<03:35, 23.90s/it]
       5/50      20.6G      1.135     0.9648      1.213        993        640:  92%|█████████▏| 94/102 [39:02<03:14, 24.25s/it]
       5/50      20.6G      1.135     0.9645      1.213        961        640:  92%|█████████▏| 94/102 [39:27<03:14, 24.25s/it]
       5/50      20.6G      1.135     0.9645      1.213        961        640:  93%|█████████▎| 95/102 [39:27<02:50, 24.42s/it]
       5/50      20.6G      1.135     0.9642      1.213       1053        640:  93%|█████████▎| 95/102 [39:51<02:50, 24.42s/it]
       5/50      20.6G      1.135     0.9642      1.213       1053        640:  94%|█████████▍| 96/102 [39:51<02:25, 24.29s/it]
       5/50      20.6G      1.135     0.9639      1.213       1031        640:  94%|█████████▍| 96/102 [40:14<02:25, 24.29s/it]
       5/50      20.6G      1.135     0.9639      1.213       1031        640:  95%|█████████▌| 97/102 [40:14<01:59, 23.84s/it]
       5/50      20.6G      1.135     0.9638      1.212       1149        640:  95%|█████████▌| 97/102 [40:38<01:59, 23.84s/it]
       5/50      20.6G      1.135     0.9638      1.212       1149        640:  96%|█████████▌| 98/102 [40:38<01:35, 23.90s/it]
       5/50      20.6G      1.135     0.9648      1.213       1260        640:  96%|█████████▌| 98/102 [41:08<01:35, 23.90s/it]
       5/50      20.6G      1.135     0.9648      1.213       1260        640:  97%|█████████▋| 99/102 [41:08<01:17, 25.83s/it]
       5/50      20.6G      1.135     0.9647      1.213        990        640:  97%|█████████▋| 99/102 [41:32<01:17, 25.83s/it]
       5/50      20.6G      1.135     0.9647      1.213        990        640:  98%|█████████▊| 100/102 [41:32<00:50, 25.30s/it]
       5/50      20.6G      1.135     0.9643      1.213        993        640:  98%|█████████▊| 100/102 [41:57<00:50, 25.30s/it]
       5/50      20.6G      1.135     0.9643      1.213        993        640:  99%|█████████▉| 101/102 [41:57<00:25, 25.12s/it]
       5/50      20.6G      1.135     0.9647      1.213        198        640:  99%|█████████▉| 101/102 [42:02<00:25, 25.12s/it]
       5/50      20.6G      1.135     0.9647      1.213        198        640: 100%|██████████| 102/102 [42:02<00:00, 19.10s/it]
       5/50      20.6G      1.135     0.9647      1.213        198        640: 100%|██████████| 102/102 [42:02<00:00, 24.73s/it]

                 Class     Images  Instances      Box(P          R      mAP50  mAP50-95):   0%|          | 0/13 [00:00<?, ?it/s]
                 Class     Images  Instances      Box(P          R      mAP50  mAP50-95):   8%|▊         | 1/13 [00:00<00:04,  2.94it/s]
                 Class     Images  Instances      Box(P          R      mAP50  mAP50-95):  15%|█▌        | 2/13 [00:00<00:03,  2.90it/s]
                 Class     Images  Instances      Box(P          R      mAP50  mAP50-95):  23%|██▎       | 3/13 [00:00<00:03,  3.11it/s]
                 Class     Images  Instances      Box(P          R      mAP50  mAP50-95):  31%|███       | 4/13 [00:01<00:02,  3.27it/s]
                 Class     Images  Instances      Box(P          R      mAP50  mAP50-95):  38%|███▊      | 5/13 [02:31<07:15, 54.41s/it]
                 Class     Images  Instances      Box(P          R      mAP50  mAP50-95):  46%|████▌     | 6/13 [02:31<04:12, 36.01s/it]
                 Class     Images  Instances      Box(P          R      mAP50  mAP50-95):  54%|█████▍    | 7/13 [04:00<05:19, 53.19s/it]
                 Class     Images  Instances      Box(P          R      mAP50  mAP50-95):  62%|██████▏   | 8/13 [04:00<03:01, 36.36s/it]
                 Class     Images  Instances      Box(P          R      mAP50  mAP50-95):  69%|██████▉   | 9/13 [05:37<03:40, 55.12s/it]
                 Class     Images  Instances      Box(P          R      mAP50  mAP50-95):  77%|███████▋  | 10/13 [05:37<01:54, 38.20s/it]
                 Class     Images  Instances      Box(P          R      mAP50  mAP50-95):  85%|████████▍ | 11/13 [07:13<01:51, 55.75s/it]
                 Class     Images  Instances      Box(P          R      mAP50  mAP50-95):  92%|█████████▏| 12/13 [07:13<00:38, 38.88s/it]
                 Class     Images  Instances      Box(P          R      mAP50  mAP50-95): 100%|██████████| 13/13 [07:46<00:00, 37.18s/it]
                 Class     Images  Instances      Box(P          R      mAP50  mAP50-95): 100%|██████████| 13/13 [07:46<00:00, 35.89s/it]
                   all       1620      15401      0.555      0.358      0.378      0.224

      Epoch    GPU_mem   box_loss   cls_loss   dfl_loss  Instances       Size

  0%|          | 0/102 [00:00<?, ?it/s]
       6/50      15.7G      1.131      1.017      1.259        858        640:   0%|          | 0/102 [00:00<?, ?it/s]
       6/50      15.7G      1.131      1.017      1.259        858        640:   1%|          | 1/102 [00:00<00:17,  5.68it/s]
       6/50      16.6G      1.129      1.012      1.234       1120        640:   1%|          | 1/102 [00:00<00:17,  5.68it/s]
       6/50      16.6G      1.129      1.012      1.234       1120        640:   2%|▏         | 2/102 [00:00<00:17,  5.81it/s]
       6/50      16.6G      1.127     0.9885      1.234        930        640:   2%|▏         | 2/102 [01:08<00:17,  5.81it/s]
       6/50      16.6G      1.127     0.9885      1.234        930        640:   3%|▎         | 3/102 [01:08<51:37, 31.29s/it]
       6/50      16.6G      1.133     0.9875      1.242       1067        640:   3%|▎         | 3/102 [02:17<51:37, 31.29s/it]
       6/50      16.6G      1.133     0.9875      1.242       1067        640:   4%|▍         | 4/102 [02:17<1:15:18, 46.11s/it]
       6/50      17.3G      1.144     0.9971      1.245       1100        640:   4%|▍         | 4/102 [03:12<1:15:18, 46.11s/it]
       6/50      17.3G      1.144     0.9971      1.245       1100        640:   5%|▍         | 5/102 [03:12<1:19:27, 49.15s/it]
       6/50      17.3G      1.134     0.9861      1.234       1003        640:   5%|▍         | 5/102 [04:01<1:19:27, 49.15s/it]
       6/50      17.3G      1.134     0.9861      1.234       1003        640:   6%|▌         | 6/102 [04:01<1:19:01, 49.39s/it]
       6/50      17.3G      1.132     0.9828       1.24        894        640:   6%|▌         | 6/102 [04:38<1:19:01, 49.39s/it]
       6/50      17.3G      1.132     0.9828       1.24        894        640:   7%|▋         | 7/102 [04:38<1:11:23, 45.09s/it]
       6/50      17.3G       1.13     0.9774      1.236       1104        640:   7%|▋         | 7/102 [05:05<1:11:23, 45.09s/it]
       6/50      17.3G       1.13     0.9774      1.236       1104        640:   8%|▊         | 8/102 [05:05<1:01:38, 39.34s/it]
       6/50      17.3G      1.129     0.9758       1.23       1067        640:   8%|▊         | 8/102 [05:31<1:01:38, 39.34s/it]
       6/50      17.3G      1.129     0.9758       1.23       1067        640:   9%|▉         | 9/102 [05:31<54:49, 35.37s/it]
       6/50      17.3G      1.135     0.9772      1.228       1242        640:   9%|▉         | 9/102 [05:55<54:49, 35.37s/it]
       6/50      17.3G      1.135     0.9772      1.228       1242        640:  10%|▉         | 10/102 [05:55<48:37, 31.71s/it]
       6/50      17.3G      1.135     0.9749      1.229        981        640:  10%|▉         | 10/102 [06:20<48:37, 31.71s/it]
       6/50      17.3G      1.135     0.9749      1.229        981        640:  11%|█         | 11/102 [06:20<44:53, 29.60s/it]
       6/50      17.3G      1.136     0.9718      1.228       1196        640:  11%|█         | 11/102 [06:44<44:53, 29.60s/it]
       6/50      17.3G      1.136     0.9718      1.228       1196        640:  12%|█▏        | 12/102 [06:44<42:00, 28.01s/it]
       6/50      17.3G      1.137     0.9743      1.231       1057        640:  12%|█▏        | 12/102 [07:09<42:00, 28.01s/it]
       6/50      17.3G      1.137     0.9743      1.231       1057        640:  13%|█▎        | 13/102 [07:09<40:12, 27.11s/it]
       6/50      17.3G      1.135     0.9666      1.228        991        640:  13%|█▎        | 13/102 [07:32<40:12, 27.11s/it]
       6/50      17.3G      1.135     0.9666      1.228        991        640:  14%|█▎        | 14/102 [07:32<38:08, 26.01s/it]
       6/50      17.3G      1.133     0.9615      1.226       1118        640:  14%|█▎        | 14/102 [07:58<38:08, 26.01s/it]
       6/50      17.3G      1.133     0.9615      1.226       1118        640:  15%|█▍        | 15/102 [07:58<37:32, 25.89s/it]
       6/50      17.3G      1.138     0.9613      1.224       1187        640:  15%|█▍        | 15/102 [08:22<37:32, 25.89s/it]
       6/50      17.3G      1.138     0.9613      1.224       1187        640:  16%|█▌        | 16/102 [08:22<36:25, 25.41s/it]
       6/50      17.3G      1.135      0.957       1.22       1145        640:  16%|█▌        | 16/102 [08:47<36:25, 25.41s/it]
       6/50      17.3G      1.135      0.957       1.22       1145        640:  17%|█▋        | 17/102 [08:47<35:37, 25.15s/it]
       6/50      17.3G      1.133     0.9552      1.217       1091        640:  17%|█▋        | 17/102 [09:11<35:37, 25.15s/it]
       6/50      17.3G      1.133     0.9552      1.217       1091        640:  18%|█▊        | 18/102 [09:11<34:41, 24.78s/it]
       6/50      17.3G      1.131     0.9527      1.215       1081        640:  18%|█▊        | 18/102 [09:35<34:41, 24.78s/it]
       6/50      17.3G      1.131     0.9527      1.215       1081        640:  19%|█▊        | 19/102 [09:35<34:01, 24.60s/it]
       6/50      17.3G      1.129     0.9525      1.214        925        640:  19%|█▊        | 19/102 [09:58<34:01, 24.60s/it]
       6/50      17.3G      1.129     0.9525      1.214        925        640:  20%|█▉        | 20/102 [09:58<33:01, 24.17s/it]
       6/50      17.3G      1.127     0.9495      1.211       1226        640:  20%|█▉        | 20/102 [10:26<33:01, 24.17s/it]
       6/50      17.3G      1.127     0.9495      1.211       1226        640:  21%|██        | 21/102 [10:26<34:07, 25.28s/it]
       6/50      17.3G      1.128     0.9475      1.212       1131        640:  21%|██        | 21/102 [10:52<34:07, 25.28s/it]
       6/50      17.3G      1.128     0.9475      1.212       1131        640:  22%|██▏       | 22/102 [10:52<33:58, 25.49s/it]
       6/50      17.3G      1.123     0.9449      1.209        959        640:  22%|██▏       | 22/102 [11:17<33:58, 25.49s/it]
       6/50      17.3G      1.123     0.9449      1.209        959        640:  23%|██▎       | 23/102 [11:17<33:30, 25.45s/it]
       6/50      17.3G      1.122     0.9424      1.208       1259        640:  23%|██▎       | 23/102 [11:41<33:30, 25.45s/it]
       6/50      17.3G      1.122     0.9424      1.208       1259        640:  24%|██▎       | 24/102 [11:41<32:16, 24.83s/it]
       6/50      17.3G       1.12     0.9414      1.207        978        640:  24%|██▎       | 24/102 [12:08<32:16, 24.83s/it]
       6/50      17.3G       1.12     0.9414      1.207        978        640:  25%|██▍       | 25/102 [12:08<32:51, 25.60s/it]
       6/50      17.3G      1.122     0.9447      1.209        924        640:  25%|██▍       | 25/102 [12:37<32:51, 25.60s/it]
       6/50      17.3G      1.122     0.9447      1.209        924        640:  25%|██▌       | 26/102 [12:37<33:47, 26.68s/it]
       6/50      17.3G      1.122     0.9454      1.211        801        640:  25%|██▌       | 26/102 [13:02<33:47, 26.68s/it]
       6/50      17.3G      1.122     0.9454      1.211        801        640:  26%|██▋       | 27/102 [13:02<32:31, 26.03s/it]
       6/50      18.3G      1.122     0.9442      1.211       1183        640:  26%|██▋       | 27/102 [13:28<32:31, 26.03s/it]
       6/50      18.3G      1.122     0.9442      1.211       1183        640:  27%|██▋       | 28/102 [13:28<32:15, 26.15s/it]
       6/50      18.3G      1.124     0.9441      1.212        895        640:  27%|██▋       | 28/102 [13:50<32:15, 26.15s/it]
       6/50      18.3G      1.124     0.9441      1.212        895        640:  28%|██▊       | 29/102 [13:50<30:20, 24.95s/it]
       6/50      18.3G      1.125     0.9445      1.212       1173        640:  28%|██▊       | 29/102 [14:14<30:20, 24.95s/it]
       6/50      18.3G      1.125     0.9445      1.212       1173        640:  29%|██▉       | 30/102 [14:14<29:24, 24.51s/it]
       6/50      18.3G      1.124     0.9447      1.213        979        640:  29%|██▉       | 30/102 [14:37<29:24, 24.51s/it]
       6/50      18.3G      1.124     0.9447      1.213        979        640:  30%|███       | 31/102 [14:37<28:21, 23.97s/it]
       6/50      18.3G      1.125     0.9447      1.213       1194        640:  30%|███       | 31/102 [15:02<28:21, 23.97s/it]
       6/50      18.3G      1.125     0.9447      1.213       1194        640:  31%|███▏      | 32/102 [15:02<28:19, 24.27s/it]
       6/50      18.3G      1.124     0.9437      1.213        925        640:  31%|███▏      | 32/102 [15:24<28:19, 24.27s/it]
       6/50      18.3G      1.124     0.9437      1.213        925        640:  32%|███▏      | 33/102 [15:24<27:07, 23.58s/it]
       6/50      18.3G      1.123     0.9429      1.213        929        640:  32%|███▏      | 33/102 [15:49<27:07, 23.58s/it]
       6/50      18.3G      1.123     0.9429      1.213        929        640:  33%|███▎      | 34/102 [15:49<27:16, 24.06s/it]
       6/50      18.3G      1.123     0.9428      1.213       1005        640:  33%|███▎      | 34/102 [16:13<27:16, 24.06s/it]
       6/50      18.3G      1.123     0.9428      1.213       1005        640:  34%|███▍      | 35/102 [16:13<27:03, 24.23s/it]
       6/50      18.3G      1.122     0.9416      1.213       1125        640:  34%|███▍      | 35/102 [16:39<27:03, 24.23s/it]
       6/50      18.3G      1.122     0.9416      1.213       1125        640:  35%|███▌      | 36/102 [16:39<26:57, 24.51s/it]
       6/50      18.3G      1.123      0.943      1.214       1048        640:  35%|███▌      | 36/102 [17:02<26:57, 24.51s/it]
       6/50      18.3G      1.123      0.943      1.214       1048        640:  36%|███▋      | 37/102 [17:02<26:16, 24.25s/it]
       6/50      18.3G      1.124     0.9422      1.214       1263        640:  36%|███▋      | 37/102 [17:29<26:16, 24.25s/it]
       6/50      18.3G      1.124     0.9422      1.214       1263        640:  37%|███▋      | 38/102 [17:29<26:42, 25.04s/it]
       6/50      18.3G      1.124     0.9409      1.213       1184        640:  37%|███▋      | 38/102 [17:51<26:42, 25.04s/it]
       6/50      18.3G      1.124     0.9409      1.213       1184        640:  38%|███▊      | 39/102 [17:51<25:25, 24.21s/it]
       6/50      18.3G      1.123     0.9387      1.212       1182        640:  38%|███▊      | 39/102 [18:17<25:25, 24.21s/it]
       6/50      18.3G      1.123     0.9387      1.212       1182        640:  39%|███▉      | 40/102 [18:17<25:26, 24.62s/it]
       6/50      18.3G      1.122     0.9369      1.211       1061        640:  39%|███▉      | 40/102 [18:42<25:26, 24.62s/it]
       6/50      18.3G      1.122     0.9369      1.211       1061        640:  40%|████      | 41/102 [18:42<25:00, 24.60s/it]
       6/50      18.3G      1.121     0.9357       1.21       1198        640:  40%|████      | 41/102 [19:08<25:00, 24.60s/it]
       6/50      18.3G      1.121     0.9357       1.21       1198        640:  41%|████      | 42/102 [19:08<25:16, 25.28s/it]
       6/50      18.3G      1.121     0.9343       1.21       1054        640:  41%|████      | 42/102 [19:34<25:16, 25.28s/it]
       6/50      18.3G      1.121     0.9343       1.21       1054        640:  42%|████▏     | 43/102 [19:34<24:49, 25.25s/it]
       6/50      18.3G      1.121     0.9325      1.209       1165        640:  42%|████▏     | 43/102 [19:59<24:49, 25.25s/it]
       6/50      18.3G      1.121     0.9325      1.209       1165        640:  43%|████▎     | 44/102 [19:59<24:32, 25.38s/it]
       6/50      18.3G      1.121      0.932      1.208       1104        640:  43%|████▎     | 44/102 [20:26<24:32, 25.38s/it]
       6/50      18.3G      1.121      0.932      1.208       1104        640:  44%|████▍     | 45/102 [20:26<24:24, 25.69s/it]
       6/50      18.3G      1.121     0.9309      1.208       1056        640:  44%|████▍     | 45/102 [20:51<24:24, 25.69s/it]
       6/50      18.3G      1.121     0.9309      1.208       1056        640:  45%|████▌     | 46/102 [20:51<23:51, 25.56s/it]
       6/50      18.3G      1.121     0.9312      1.208       1072        640:  45%|████▌     | 46/102 [21:16<23:51, 25.56s/it]
       6/50      18.3G      1.121     0.9312      1.208       1072        640:  46%|████▌     | 47/102 [21:16<23:11, 25.30s/it]
       6/50      18.3G      1.122      0.931      1.208        909        640:  46%|████▌     | 47/102 [21:42<23:11, 25.30s/it]
       6/50      18.3G      1.122      0.931      1.208        909        640:  47%|████▋     | 48/102 [21:42<23:10, 25.74s/it]
       6/50      18.3G      1.122     0.9309      1.208        947        640:  47%|████▋     | 48/102 [22:07<23:10, 25.74s/it]
       6/50      18.3G      1.122     0.9309      1.208        947        640:  48%|████▊     | 49/102 [22:07<22:22, 25.32s/it]
       6/50      18.3G      1.122     0.9316      1.209        981        640:  48%|████▊     | 49/102 [22:32<22:22, 25.32s/it]
       6/50      18.3G      1.122     0.9316      1.209        981        640:  49%|████▉     | 50/102 [22:32<21:59, 25.38s/it]
       6/50      18.3G      1.122     0.9323      1.208       1146        640:  49%|████▉     | 50/102 [22:59<21:59, 25.38s/it]
       6/50      18.3G      1.122     0.9323      1.208       1146        640:  50%|█████     | 51/102 [22:59<21:53, 25.76s/it]
       6/50      18.3G      1.122     0.9325      1.208       1191        640:  50%|█████     | 51/102 [23:24<21:53, 25.76s/it]
       6/50      18.3G      1.122     0.9325      1.208       1191        640:  51%|█████     | 52/102 [23:24<21:12, 25.46s/it]
       6/50      18.3G      1.123     0.9327      1.208       1051        640:  51%|█████     | 52/102 [23:50<21:12, 25.46s/it]
       6/50      18.3G      1.123     0.9327      1.208       1051        640:  52%|█████▏    | 53/102 [23:50<21:01, 25.75s/it]
       6/50      18.3G      1.123     0.9327      1.208       1132        640:  52%|█████▏    | 53/102 [24:17<21:01, 25.75s/it]
       6/50      18.3G      1.123     0.9327      1.208       1132        640:  53%|█████▎    | 54/102 [24:17<20:57, 26.21s/it]
       6/50      18.3G      1.123     0.9323      1.207       1277        640:  53%|█████▎    | 54/102 [24:42<20:57, 26.21s/it]
       6/50      18.3G      1.123     0.9323      1.207       1277        640:  54%|█████▍    | 55/102 [24:42<20:08, 25.71s/it]
       6/50      18.3G      1.123     0.9317      1.207        993        640:  54%|█████▍    | 55/102 [25:07<20:08, 25.71s/it]
       6/50      18.3G      1.123     0.9317      1.207        993        640:  55%|█████▍    | 56/102 [25:07<19:31, 25.46s/it]
       6/50      18.3G      1.123     0.9308      1.206       1259        640:  55%|█████▍    | 56/102 [25:33<19:31, 25.46s/it]
       6/50      18.3G      1.123     0.9308      1.206       1259        640:  56%|█████▌    | 57/102 [25:33<19:17, 25.73s/it]
       6/50      18.3G      1.124     0.9319      1.207       1085        640:  56%|█████▌    | 57/102 [25:58<19:17, 25.73s/it]
       6/50      18.3G      1.124     0.9319      1.207       1085        640:  57%|█████▋    | 58/102 [25:58<18:36, 25.37s/it]
       6/50      18.3G      1.124     0.9314      1.206       1186        640:  57%|█████▋    | 58/102 [26:22<18:36, 25.37s/it]
       6/50      18.3G      1.124     0.9314      1.206       1186        640:  58%|█████▊    | 59/102 [26:22<17:54, 25.00s/it]
       6/50      18.3G      1.124     0.9313      1.206       1049        640:  58%|█████▊    | 59/102 [26:48<17:54, 25.00s/it]
       6/50      18.3G      1.124     0.9313      1.206       1049        640:  59%|█████▉    | 60/102 [26:48<17:39, 25.23s/it]
       6/50      18.3G      1.123     0.9305      1.205       1189        640:  59%|█████▉    | 60/102 [27:13<17:39, 25.23s/it]
       6/50      18.3G      1.123     0.9305      1.205       1189        640:  60%|█████▉    | 61/102 [27:13<17:20, 25.37s/it]
       6/50      18.3G      1.123     0.9302      1.205       1239        640:  60%|█████▉    | 61/102 [27:38<17:20, 25.37s/it]
       6/50      18.3G      1.123     0.9302      1.205       1239        640:  61%|██████    | 62/102 [27:38<16:45, 25.14s/it]
       6/50      18.3G      1.123      0.929      1.204       1327        640:  61%|██████    | 62/102 [28:03<16:45, 25.14s/it]
       6/50      18.3G      1.123      0.929      1.204       1327        640:  62%|██████▏   | 63/102 [28:03<16:23, 25.22s/it]
       6/50      18.3G      1.123      0.929      1.203       1228        640:  62%|██████▏   | 63/102 [28:28<16:23, 25.22s/it]
       6/50      18.3G      1.123      0.929      1.203       1228        640:  63%|██████▎   | 64/102 [28:28<15:58, 25.22s/it]
       6/50      18.3G      1.123     0.9282      1.203       1335        640:  63%|██████▎   | 64/102 [28:55<15:58, 25.22s/it]
       6/50      18.3G      1.123     0.9282      1.203       1335        640:  64%|██████▎   | 65/102 [28:55<15:48, 25.64s/it]
       6/50      18.3G      1.122     0.9276      1.203       1282        640:  64%|██████▎   | 65/102 [29:19<15:48, 25.64s/it]
       6/50      18.3G      1.122     0.9276      1.203       1282        640:  65%|██████▍   | 66/102 [29:19<15:05, 25.16s/it]
       6/50      18.3G      1.123     0.9274      1.202       1282        640:  65%|██████▍   | 66/102 [29:45<15:05, 25.16s/it]
       6/50      18.3G      1.123     0.9274      1.202       1282        640:  66%|██████▌   | 67/102 [29:45<14:52, 25.51s/it]
       6/50      18.3G      1.122      0.927      1.202        997        640:  66%|██████▌   | 67/102 [30:14<14:52, 25.51s/it]
       6/50      18.3G      1.122      0.927      1.202        997        640:  67%|██████▋   | 68/102 [30:14<14:57, 26.39s/it]
       6/50      18.3G      1.122     0.9269      1.202       1203        640:  67%|██████▋   | 68/102 [30:39<14:57, 26.39s/it]
       6/50      18.3G      1.122     0.9269      1.202       1203        640:  68%|██████▊   | 69/102 [30:39<14:21, 26.10s/it]
       6/50      18.3G      1.121     0.9258      1.202       1084        640:  68%|██████▊   | 69/102 [31:05<14:21, 26.10s/it]
       6/50      18.3G      1.121     0.9258      1.202       1084        640:  69%|██████▊   | 70/102 [31:05<13:49, 25.91s/it]
       6/50      18.3G      1.121     0.9252      1.202       1186        640:  69%|██████▊   | 70/102 [31:29<13:49, 25.91s/it]
       6/50      18.3G      1.121     0.9252      1.202       1186        640:  70%|██████▉   | 71/102 [31:29<13:02, 25.26s/it]
       6/50      18.3G      1.121     0.9244      1.202       1070        640:  70%|██████▉   | 71/102 [31:52<13:02, 25.26s/it]
       6/50      18.3G      1.121     0.9244      1.202       1070        640:  71%|███████   | 72/102 [31:52<12:23, 24.79s/it]
       6/50      19.5G      1.122     0.9249      1.202       1466        640:  71%|███████   | 72/102 [32:17<12:23, 24.79s/it]
       6/50      19.5G      1.122     0.9249      1.202       1466        640:  72%|███████▏  | 73/102 [32:17<11:59, 24.81s/it]
       6/50      19.5G      1.121     0.9235      1.201       1161        640:  72%|███████▏  | 73/102 [32:41<11:59, 24.81s/it]
       6/50      19.5G      1.121     0.9235      1.201       1161        640:  73%|███████▎  | 74/102 [32:41<11:27, 24.55s/it]
       6/50      19.5G      1.122     0.9238      1.202       1186        640:  73%|███████▎  | 74/102 [33:04<11:27, 24.55s/it]
       6/50      19.5G      1.122     0.9238      1.202       1186        640:  74%|███████▎  | 75/102 [33:04<10:53, 24.22s/it]
       6/50      19.5G      1.122     0.9239      1.202       1092        640:  74%|███████▎  | 75/102 [33:29<10:53, 24.22s/it]
       6/50      19.5G      1.122     0.9239      1.202       1092        640:  75%|███████▍  | 76/102 [33:29<10:32, 24.34s/it]
       6/50      19.5G      1.122     0.9229      1.201       1252        640:  75%|███████▍  | 76/102 [33:55<10:32, 24.34s/it]
       6/50      19.5G      1.122     0.9229      1.201       1252        640:  75%|███████▌  | 77/102 [33:55<10:17, 24.68s/it]
       6/50      19.5G      1.122     0.9222      1.201       1080        640:  75%|███████▌  | 77/102 [34:18<10:17, 24.68s/it]
       6/50      19.5G      1.122     0.9222      1.201       1080        640:  76%|███████▋  | 78/102 [34:18<09:42, 24.29s/it]
       6/50      19.5G      1.121     0.9216      1.201       1145        640:  76%|███████▋  | 78/102 [34:44<09:42, 24.29s/it]
       6/50      19.5G      1.121     0.9216      1.201       1145        640:  77%|███████▋  | 79/102 [34:44<09:31, 24.85s/it]
       6/50      19.5G      1.121     0.9217      1.201        970        640:  77%|███████▋  | 79/102 [35:09<09:31, 24.85s/it]
       6/50      19.5G      1.121     0.9217      1.201        970        640:  78%|███████▊  | 80/102 [35:09<09:06, 24.83s/it]
       6/50      19.5G      1.121     0.9217      1.201       1070        640:  78%|███████▊  | 80/102 [35:34<09:06, 24.83s/it]
       6/50      19.5G      1.121     0.9217      1.201       1070        640:  79%|███████▉  | 81/102 [35:34<08:41, 24.84s/it]
       6/50      19.5G      1.121     0.9213      1.201       1087        640:  79%|███████▉  | 81/102 [35:58<08:41, 24.84s/it]
       6/50      19.5G      1.121     0.9213      1.201       1087        640:  80%|████████  | 82/102 [35:58<08:13, 24.66s/it]
       6/50      19.5G       1.12     0.9215        1.2       1102        640:  80%|████████  | 82/102 [36:24<08:13, 24.66s/it]
       6/50      19.5G       1.12     0.9215        1.2       1102        640:  81%|████████▏ | 83/102 [36:24<07:54, 24.99s/it]
       6/50      19.5G       1.12     0.9215        1.2       1143        640:  81%|████████▏ | 83/102 [36:49<07:54, 24.99s/it]
       6/50      19.5G       1.12     0.9215        1.2       1143        640:  82%|████████▏ | 84/102 [36:49<07:29, 24.96s/it]
       6/50      19.5G      1.121     0.9214        1.2       1235        640:  82%|████████▏ | 84/102 [37:13<07:29, 24.96s/it]
       6/50      19.5G      1.121     0.9214        1.2       1235        640:  83%|████████▎ | 85/102 [37:13<07:02, 24.86s/it]
       6/50      19.5G      1.121     0.9213        1.2       1197        640:  83%|████████▎ | 85/102 [37:36<07:02, 24.86s/it]
       6/50      19.5G      1.121     0.9213        1.2       1197        640:  84%|████████▍ | 86/102 [37:36<06:28, 24.30s/it]
       6/50      19.5G      1.121     0.9224        1.2       1066        640:  84%|████████▍ | 86/102 [38:00<06:28, 24.30s/it]
       6/50      19.5G      1.121     0.9224        1.2       1066        640:  85%|████████▌ | 87/102 [38:00<06:03, 24.20s/it]
       6/50      19.5G      1.121     0.9229        1.2       1034        640:  85%|████████▌ | 87/102 [38:24<06:03, 24.20s/it]
       6/50      19.5G      1.121     0.9229        1.2       1034        640:  86%|████████▋ | 88/102 [38:24<05:37, 24.12s/it]
       6/50      19.5G      1.121     0.9234        1.2       1107        640:  86%|████████▋ | 88/102 [38:49<05:37, 24.12s/it]
       6/50      19.5G      1.121     0.9234        1.2       1107        640:  87%|████████▋ | 89/102 [38:49<05:15, 24.29s/it]
       6/50      19.5G      1.122     0.9245        1.2       1109        640:  87%|████████▋ | 89/102 [39:13<05:15, 24.29s/it]
       6/50      19.5G      1.122     0.9245        1.2       1109        640:  88%|████████▊ | 90/102 [39:13<04:52, 24.34s/it]
       6/50      19.5G      1.122     0.9246        1.2       1018        640:  88%|████████▊ | 90/102 [39:39<04:52, 24.34s/it]
       6/50      19.5G      1.122     0.9246        1.2       1018        640:  89%|████████▉ | 91/102 [39:39<04:32, 24.77s/it]
       6/50      19.5G      1.122     0.9242        1.2       1324        640:  89%|████████▉ | 91/102 [40:03<04:32, 24.77s/it]
       6/50      19.5G      1.122     0.9242        1.2       1324        640:  90%|█████████ | 92/102 [40:03<04:06, 24.63s/it]
       6/50      20.8G      1.122     0.9242        1.2       1187        640:  90%|█████████ | 92/102 [40:28<04:06, 24.63s/it]
       6/50      20.8G      1.122     0.9242        1.2       1187        640:  91%|█████████ | 93/102 [40:28<03:41, 24.63s/it]
       6/50      20.8G      1.122     0.9241        1.2       1238        640:  91%|█████████ | 93/102 [40:53<03:41, 24.63s/it]
       6/50      20.8G      1.122     0.9241        1.2       1238        640:  92%|█████████▏| 94/102 [40:53<03:17, 24.65s/it]
       6/50      20.8G      1.122     0.9239        1.2        995        640:  92%|█████████▏| 94/102 [41:14<03:17, 24.65s/it]
       6/50      20.8G      1.122     0.9239        1.2        995        640:  93%|█████████▎| 95/102 [41:14<02:44, 23.55s/it]
       6/50      20.8G      1.121     0.9235        1.2       1162        640:  93%|█████████▎| 95/102 [41:38<02:44, 23.55s/it]
       6/50      20.8G      1.121     0.9235        1.2       1162        640:  94%|█████████▍| 96/102 [41:38<02:22, 23.75s/it]
       6/50      20.8G      1.122     0.9241        1.2       1113        640:  94%|█████████▍| 96/102 [42:03<02:22, 23.75s/it]
       6/50      20.8G      1.122     0.9241        1.2       1113        640:  95%|█████████▌| 97/102 [42:03<02:01, 24.26s/it]
       6/50      20.8G      1.121     0.9236        1.2        897        640:  95%|█████████▌| 97/102 [42:28<02:01, 24.26s/it]
       6/50      20.8G      1.121     0.9236        1.2        897        640:  96%|█████████▌| 98/102 [42:28<01:37, 24.33s/it]
       6/50      20.8G      1.121     0.9233        1.2       1080        640:  96%|█████████▌| 98/102 [42:51<01:37, 24.33s/it]
       6/50      20.8G      1.121     0.9233        1.2       1080        640:  97%|█████████▋| 99/102 [42:51<01:12, 24.09s/it]
       6/50      20.8G      1.121      0.923      1.199       1056        640:  97%|█████████▋| 99/102 [43:16<01:12, 24.09s/it]
       6/50      20.8G      1.121      0.923      1.199       1056        640:  98%|█████████▊| 100/102 [43:16<00:48, 24.10s/it]
       6/50      20.8G      1.121     0.9229      1.199       1189        640:  98%|█████████▊| 100/102 [43:42<00:48, 24.10s/it]
       6/50      20.8G      1.121     0.9229      1.199       1189        640:  99%|█████████▉| 101/102 [43:42<00:24, 24.95s/it]
       6/50      20.8G      1.121     0.9234      1.199        270        640:  99%|█████████▉| 101/102 [43:49<00:24, 24.95s/it]
       6/50      20.8G      1.121     0.9234      1.199        270        640: 100%|██████████| 102/102 [43:49<00:00, 19.51s/it]
       6/50      20.8G      1.121     0.9234      1.199        270        640: 100%|██████████| 102/102 [43:49<00:00, 25.78s/it]

                 Class     Images  Instances      Box(P          R      mAP50  mAP50-95):   0%|          | 0/13 [00:00<?, ?it/s]
                 Class     Images  Instances      Box(P          R      mAP50  mAP50-95):   8%|▊         | 1/13 [00:00<00:03,  3.17it/s]
                 Class     Images  Instances      Box(P          R      mAP50  mAP50-95):  15%|█▌        | 2/13 [00:00<00:03,  3.09it/s]
                 Class     Images  Instances      Box(P          R      mAP50  mAP50-95):  23%|██▎       | 3/13 [00:00<00:03,  3.15it/s]
                 Class     Images  Instances      Box(P          R      mAP50  mAP50-95):  31%|███       | 4/13 [00:01<00:02,  3.20it/s]
                 Class     Images  Instances      Box(P          R      mAP50  mAP50-95):  38%|███▊      | 5/13 [02:36<07:29, 56.16s/it]
                 Class     Images  Instances      Box(P          R      mAP50  mAP50-95):  46%|████▌     | 6/13 [02:36<04:20, 37.17s/it]
                 Class     Images  Instances      Box(P          R      mAP50  mAP50-95):  54%|█████▍    | 7/13 [04:12<05:37, 56.27s/it]
                 Class     Images  Instances      Box(P          R      mAP50  mAP50-95):  62%|██████▏   | 8/13 [04:12<03:12, 38.46s/it]
                 Class     Images  Instances      Box(P          R      mAP50  mAP50-95):  69%|██████▉   | 9/13 [05:57<03:56, 59.16s/it]
                 Class     Images  Instances      Box(P          R      mAP50  mAP50-95):  77%|███████▋  | 10/13 [05:57<02:02, 40.98s/it]
                 Class     Images  Instances      Box(P          R      mAP50  mAP50-95):  85%|████████▍ | 11/13 [07:38<01:58, 59.36s/it]
                 Class     Images  Instances      Box(P          R      mAP50  mAP50-95):  92%|█████████▏| 12/13 [07:38<00:41, 41.39s/it]
                 Class     Images  Instances      Box(P          R      mAP50  mAP50-95): 100%|██████████| 13/13 [08:17<00:00, 40.48s/it]
                 Class     Images  Instances      Box(P          R      mAP50  mAP50-95): 100%|██████████| 13/13 [08:17<00:00, 38.26s/it]
                   all       1620      15401      0.502      0.347      0.374      0.222

      Epoch    GPU_mem   box_loss   cls_loss   dfl_loss  Instances       Size

  0%|          | 0/102 [00:00<?, ?it/s]
       7/50      16.5G      1.088     0.8827      1.165        999        640:   0%|          | 0/102 [00:00<?, ?it/s]
       7/50      16.5G      1.088     0.8827      1.165        999        640:   1%|          | 1/102 [00:00<00:17,  5.64it/s]
       7/50      16.5G       1.13     0.9278       1.19       1001        640:   1%|          | 1/102 [00:00<00:17,  5.64it/s]
       7/50      16.5G       1.13     0.9278       1.19       1001        640:   2%|▏         | 2/102 [00:00<00:16,  5.89it/s]
       7/50      16.5G      1.121     0.9252      1.195        903        640:   2%|▏         | 2/102 [01:08<00:16,  5.89it/s]
       7/50      16.5G      1.121     0.9252      1.195        903        640:   3%|▎         | 3/102 [01:08<51:22, 31.13s/it]
       7/50      16.5G       1.12     0.9158      1.192       1062        640:   3%|▎         | 3/102 [02:23<51:22, 31.13s/it]
       7/50      16.5G       1.12     0.9158      1.192       1062        640:   4%|▍         | 4/102 [02:23<1:19:28, 48.66s/it]
       7/50      16.5G      1.122     0.9084      1.188       1107        640:   4%|▍         | 4/102 [03:12<1:19:28, 48.66s/it]
       7/50      16.5G      1.122     0.9084      1.188       1107        640:   5%|▍         | 5/102 [03:12<1:18:36, 48.62s/it]
       7/50      16.5G      1.121     0.9053      1.182       1304        640:   5%|▍         | 5/102 [03:55<1:18:36, 48.62s/it]
       7/50      16.5G      1.121     0.9053      1.182       1304        640:   6%|▌         | 6/102 [03:55<1:15:03, 46.91s/it]
       7/50      16.5G      1.117     0.9053      1.179       1140        640:   6%|▌         | 6/102 [04:30<1:15:03, 46.91s/it]
       7/50      16.5G      1.117     0.9053      1.179       1140        640:   7%|▋         | 7/102 [04:30<1:07:37, 42.71s/it]
       7/50      17.2G      1.115        0.9      1.176       1166        640:   7%|▋         | 7/102 [04:56<1:07:37, 42.71s/it]
       7/50      17.2G      1.115        0.9      1.176       1166        640:   8%|▊         | 8/102 [04:56<58:49, 37.55s/it]
       7/50      17.2G      1.117     0.9047      1.176       1055        640:   8%|▊         | 8/102 [05:21<58:49, 37.55s/it]
       7/50      17.2G      1.117     0.9047      1.176       1055        640:   9%|▉         | 9/102 [05:21<52:19, 33.76s/it]
       7/50      17.2G       1.12     0.9062      1.177       1146        640:   9%|▉         | 9/102 [05:47<52:19, 33.76s/it]
       7/50      17.2G       1.12     0.9062      1.177       1146        640:  10%|▉         | 10/102 [05:47<47:43, 31.12s/it]
       7/50      17.2G      1.113     0.9035      1.175        985        640:  10%|▉         | 10/102 [06:11<47:43, 31.12s/it]
       7/50      17.2G      1.113     0.9035      1.175        985        640:  11%|█         | 11/102 [06:11<44:08, 29.11s/it]
       7/50      17.2G      1.112     0.9029      1.174       1064        640:  11%|█         | 11/102 [06:39<44:08, 29.11s/it]
       7/50      17.2G      1.112     0.9029      1.174       1064        640:  12%|█▏        | 12/102 [06:39<42:52, 28.59s/it]
       7/50      17.2G      1.112     0.9011      1.175       1218        640:  12%|█▏        | 12/102 [07:05<42:52, 28.59s/it]
       7/50      17.2G      1.112     0.9011      1.175       1218        640:  13%|█▎        | 13/102 [07:05<41:30, 27.99s/it]
       7/50      17.2G      1.111     0.9026      1.177        967        640:  13%|█▎        | 13/102 [07:30<41:30, 27.99s/it]
       7/50      17.2G      1.111     0.9026      1.177        967        640:  14%|█▎        | 14/102 [07:30<39:46, 27.12s/it]
       7/50      17.2G       1.11     0.9009      1.177       1037        640:  14%|█▎        | 14/102 [07:55<39:46, 27.12s/it]
       7/50      17.2G       1.11     0.9009      1.177       1037        640:  15%|█▍        | 15/102 [07:55<38:02, 26.24s/it]
       7/50      17.2G      1.108      0.899      1.179       1072        640:  15%|█▍        | 15/102 [08:19<38:02, 26.24s/it]
       7/50      17.2G      1.108      0.899      1.179       1072        640:  16%|█▌        | 16/102 [08:19<36:42, 25.60s/it]
       7/50      17.2G      1.109     0.8968       1.18       1259        640:  16%|█▌        | 16/102 [08:43<36:42, 25.60s/it]
       7/50      17.2G      1.109     0.8968       1.18       1259        640:  17%|█▋        | 17/102 [08:43<35:38, 25.16s/it]
       7/50      17.2G      1.114     0.8996      1.182       1091        640:  17%|█▋        | 17/102 [09:07<35:38, 25.16s/it]
       7/50      17.2G      1.114     0.8996      1.182       1091        640:  18%|█▊        | 18/102 [09:07<34:54, 24.93s/it]
       7/50      17.2G      1.114     0.8971      1.183       1099        640:  18%|█▊        | 18/102 [09:34<34:54, 24.93s/it]
       7/50      17.2G      1.114     0.8971      1.183       1099        640:  19%|█▊        | 19/102 [09:34<35:24, 25.60s/it]
       7/50      17.2G      1.111     0.8928      1.183       1077        640:  19%|█▊        | 19/102 [10:01<35:24, 25.60s/it]
       7/50      17.2G      1.111     0.8928      1.183       1077        640:  20%|█▉        | 20/102 [10:01<35:13, 25.78s/it]
       7/50      17.2G       1.11     0.8907      1.181       1069        640:  20%|█▉        | 20/102 [10:24<35:13, 25.78s/it]
       7/50      17.2G       1.11     0.8907      1.181       1069        640:  21%|██        | 21/102 [10:24<33:50, 25.07s/it]
       7/50      17.2G       1.11     0.8894       1.18       1252        640:  21%|██        | 21/102 [10:50<33:50, 25.07s/it]
       7/50      17.2G       1.11     0.8894       1.18       1252        640:  22%|██▏       | 22/102 [10:50<33:53, 25.42s/it]
       7/50      17.2G      1.108     0.8882      1.179        985        640:  22%|██▏       | 22/102 [11:16<33:53, 25.42s/it]
       7/50      17.2G      1.108     0.8882      1.179        985        640:  23%|██▎       | 23/102 [11:16<33:43, 25.62s/it]
       7/50      17.2G      1.107     0.8878       1.18       1079        640:  23%|██▎       | 23/102 [11:41<33:43, 25.62s/it]
       7/50      17.2G      1.107     0.8878       1.18       1079        640:  24%|██▎       | 24/102 [11:41<32:59, 25.38s/it]
       7/50      17.2G      1.106     0.8871       1.18       1164        640:  24%|██▎       | 24/102 [12:06<32:59, 25.38s/it]
       7/50      17.2G      1.106     0.8871       1.18       1164        640:  25%|██▍       | 25/102 [12:06<32:22, 25.23s/it]
       7/50      17.2G      1.106     0.8861       1.18       1083        640:  25%|██▍       | 25/102 [12:29<32:22, 25.23s/it]
       7/50      17.2G      1.106     0.8861       1.18       1083        640:  25%|██▌       | 26/102 [12:29<30:56, 24.43s/it]
       7/50      17.2G      1.106     0.8873       1.18       1236        640:  25%|██▌       | 26/102 [12:53<30:56, 24.43s/it]
       7/50      17.2G      1.106     0.8873       1.18       1236        640:  26%|██▋       | 27/102 [12:53<30:35, 24.48s/it]
       7/50      17.2G      1.106     0.8881      1.181       1120        640:  26%|██▋       | 27/102 [13:19<30:35, 24.48s/it]
       7/50      17.2G      1.106     0.8881      1.181       1120        640:  27%|██▋       | 28/102 [13:19<30:47, 24.97s/it]
       7/50      18.1G      1.107     0.8882      1.181       1260        640:  27%|██▋       | 28/102 [13:44<30:47, 24.97s/it]
       7/50      18.1G      1.107     0.8882      1.181       1260        640:  28%|██▊       | 29/102 [13:44<30:22, 24.97s/it]
       7/50      18.1G      1.106       0.89      1.182        983        640:  28%|██▊       | 29/102 [14:11<30:22, 24.97s/it]
       7/50      18.1G      1.106       0.89      1.182        983        640:  29%|██▉       | 30/102 [14:11<30:27, 25.39s/it]
       7/50      18.1G      1.105     0.8906      1.183        926        640:  29%|██▉       | 30/102 [14:36<30:27, 25.39s/it]
       7/50      18.1G      1.105     0.8906      1.183        926        640:  30%|███       | 31/102 [14:36<29:58, 25.34s/it]
       7/50      18.1G      1.105     0.8915      1.183       1116        640:  30%|███       | 31/102 [15:01<29:58, 25.34s/it]
       7/50      18.1G      1.105     0.8915      1.183       1116        640:  31%|███▏      | 32/102 [15:01<29:36, 25.37s/it]
       7/50      18.1G      1.107     0.8933      1.184       1245        640:  31%|███▏      | 32/102 [15:25<29:36, 25.37s/it]
       7/50      18.1G      1.107     0.8933      1.184       1245        640:  32%|███▏      | 33/102 [15:25<28:32, 24.81s/it]
       7/50      18.1G      1.106     0.8926      1.183        960        640:  32%|███▏      | 33/102 [15:51<28:32, 24.81s/it]
       7/50      18.1G      1.106     0.8926      1.183        960        640:  33%|███▎      | 34/102 [15:51<28:45, 25.37s/it]
       7/50      18.1G      1.105     0.8923      1.183        939        640:  33%|███▎      | 34/102 [16:15<28:45, 25.37s/it]
       7/50      18.1G      1.105     0.8923      1.183        939        640:  34%|███▍      | 35/102 [16:15<27:36, 24.72s/it]
       7/50      18.1G      1.104     0.8918      1.183       1051        640:  34%|███▍      | 35/102 [16:39<27:36, 24.72s/it]
       7/50      18.1G      1.104     0.8918      1.183       1051        640:  35%|███▌      | 36/102 [16:39<27:00, 24.56s/it]
       7/50      18.1G      1.104     0.8923      1.184        898        640:  35%|███▌      | 36/102 [17:02<27:00, 24.56s/it]
       7/50      18.1G      1.104     0.8923      1.184        898        640:  36%|███▋      | 37/102 [17:02<26:09, 24.14s/it]
       7/50      18.1G      1.105     0.8917      1.184       1060        640:  36%|███▋      | 37/102 [17:27<26:09, 24.14s/it]
       7/50      18.1G      1.105     0.8917      1.184       1060        640:  37%|███▋      | 38/102 [17:27<25:56, 24.32s/it]
       7/50      18.1G      1.105     0.8909      1.184       1019        640:  37%|███▋      | 38/102 [17:53<25:56, 24.32s/it]
       7/50      18.1G      1.105     0.8909      1.184       1019        640:  38%|███▊      | 39/102 [17:53<26:00, 24.77s/it]
       7/50      18.1G      1.105     0.8914      1.185        982        640:  38%|███▊      | 39/102 [18:21<26:00, 24.77s/it]
       7/50      18.1G      1.105     0.8914      1.185        982        640:  39%|███▉      | 40/102 [18:21<26:35, 25.73s/it]
       7/50      18.1G      1.104     0.8899      1.184       1227        640:  39%|███▉      | 40/102 [18:43<26:35, 25.73s/it]
       7/50      18.1G      1.104     0.8899      1.184       1227        640:  40%|████      | 41/102 [18:43<25:04, 24.66s/it]
       7/50      18.1G      1.105     0.8904      1.184       1038        640:  40%|████      | 41/102 [19:08<25:04, 24.66s/it]
       7/50      18.1G      1.105     0.8904      1.184       1038        640:  41%|████      | 42/102 [19:08<24:55, 24.93s/it]
       7/50      18.1G      1.104     0.8896      1.184       1128        640:  41%|████      | 42/102 [19:33<24:55, 24.93s/it]
       7/50      18.1G      1.104     0.8896      1.184       1128        640:  42%|████▏     | 43/102 [19:33<24:27, 24.86s/it]
       7/50      18.1G      1.104     0.8897      1.184       1102        640:  42%|████▏     | 43/102 [20:00<24:27, 24.86s/it]
       7/50      18.1G      1.104     0.8897      1.184       1102        640:  43%|████▎     | 44/102 [20:00<24:45, 25.61s/it]
       7/50      18.1G      1.103      0.888      1.184       1137        640:  43%|████▎     | 44/102 [20:25<24:45, 25.61s/it]
       7/50      18.1G      1.103      0.888      1.184       1137        640:  44%|████▍     | 45/102 [20:25<24:00, 25.28s/it]
       7/50      18.1G      1.104      0.889      1.184       1108        640:  44%|████▍     | 45/102 [20:50<24:00, 25.28s/it]
       7/50      18.1G      1.104      0.889      1.184       1108        640:  45%|████▌     | 46/102 [20:50<23:30, 25.19s/it]
       7/50      18.1G      1.104     0.8897      1.185       1173        640:  45%|████▌     | 46/102 [21:14<23:30, 25.19s/it]
       7/50      18.1G      1.104     0.8897      1.185       1173        640:  46%|████▌     | 47/102 [21:14<22:44, 24.81s/it]
       7/50      18.1G      1.104     0.8894      1.185       1110        640:  46%|████▌     | 47/102 [21:39<22:44, 24.81s/it]
       7/50      18.1G      1.104     0.8894      1.185       1110        640:  47%|████▋     | 48/102 [21:39<22:31, 25.02s/it]
       7/50      18.1G      1.105     0.8903      1.186       1070        640:  47%|████▋     | 48/102 [22:04<22:31, 25.02s/it]
       7/50      18.1G      1.105     0.8903      1.186       1070        640:  48%|████▊     | 49/102 [22:04<22:07, 25.04s/it]
       7/50      18.1G      1.105     0.8916      1.186       1054        640:  48%|████▊     | 49/102 [22:29<22:07, 25.04s/it]
       7/50      18.1G      1.105     0.8916      1.186       1054        640:  49%|████▉     | 50/102 [22:29<21:38, 24.97s/it]
       7/50      18.1G      1.104     0.8914      1.187        891        640:  49%|████▉     | 50/102 [22:53<21:38, 24.97s/it]
       7/50      18.1G      1.104     0.8914      1.187        891        640:  50%|█████     | 51/102 [22:53<20:51, 24.54s/it]
       7/50      18.1G      1.104     0.8916      1.187       1162        640:  50%|█████     | 51/102 [23:17<20:51, 24.54s/it]
       7/50      18.1G      1.104     0.8916      1.187       1162        640:  51%|█████     | 52/102 [23:17<20:16, 24.33s/it]
       7/50      18.1G      1.106     0.8936      1.188       1091        640:  51%|█████     | 52/102 [23:39<20:16, 24.33s/it]
       7/50      18.1G      1.106     0.8936      1.188       1091        640:  52%|█████▏    | 53/102 [23:39<19:30, 23.90s/it]
       7/50      18.1G      1.105      0.894      1.188       1236        640:  52%|█████▏    | 53/102 [24:04<19:30, 23.90s/it]
       7/50      18.1G      1.105      0.894      1.188       1236        640:  53%|█████▎    | 54/102 [24:04<19:22, 24.22s/it]
       7/50      18.1G      1.105     0.8934      1.188       1096        640:  53%|█████▎    | 54/102 [24:29<19:22, 24.22s/it]
       7/50      18.1G      1.105     0.8934      1.188       1096        640:  54%|█████▍    | 55/102 [24:29<19:04, 24.35s/it]
       7/50      18.1G      1.105     0.8943      1.188        998        640:  54%|█████▍    | 55/102 [24:53<19:04, 24.35s/it]
       7/50      18.1G      1.105     0.8943      1.188        998        640:  55%|█████▍    | 56/102 [24:53<18:41, 24.38s/it]
       7/50      18.1G      1.104     0.8935      1.187       1008        640:  55%|█████▍    | 56/102 [25:18<18:41, 24.38s/it]
       7/50      18.1G      1.104     0.8935      1.187       1008        640:  56%|█████▌    | 57/102 [25:18<18:13, 24.31s/it]
       7/50      18.1G      1.104     0.8937      1.187        991        640:  56%|█████▌    | 57/102 [25:44<18:13, 24.31s/it]
       7/50      18.1G      1.104     0.8937      1.187        991        640:  57%|█████▋    | 58/102 [25:44<18:11, 24.81s/it]
       7/50      18.1G      1.104     0.8939      1.187        886        640:  57%|█████▋    | 58/102 [26:10<18:11, 24.81s/it]
       7/50      18.1G      1.104     0.8939      1.187        886        640:  58%|█████▊    | 59/102 [26:10<18:02, 25.18s/it]
       7/50      18.1G      1.104     0.8948      1.187       1099        640:  58%|█████▊    | 59/102 [26:36<18:02, 25.18s/it]
       7/50      18.1G      1.104     0.8948      1.187       1099        640:  59%|█████▉    | 60/102 [26:36<17:47, 25.42s/it]
       7/50      18.1G      1.104      0.895      1.187       1064        640:  59%|█████▉    | 60/102 [27:01<17:47, 25.42s/it]
       7/50      18.1G      1.104      0.895      1.187       1064        640:  60%|█████▉    | 61/102 [27:01<17:19, 25.35s/it]
       7/50      18.1G      1.104     0.8949      1.186       1113        640:  60%|█████▉    | 61/102 [27:25<17:19, 25.35s/it]
       7/50      18.1G      1.104     0.8949      1.186       1113        640:  61%|██████    | 62/102 [27:25<16:45, 25.14s/it]
       7/50      18.1G      1.103      0.894      1.186       1066        640:  61%|██████    | 62/102 [27:50<16:45, 25.14s/it]
       7/50      18.1G      1.103      0.894      1.186       1066        640:  62%|██████▏   | 63/102 [27:50<16:08, 24.84s/it]
       7/50      18.1G      1.103     0.8945      1.186       1011        640:  62%|██████▏   | 63/102 [28:12<16:08, 24.84s/it]
       7/50      18.1G      1.103     0.8945      1.186       1011        640:  63%|██████▎   | 64/102 [28:12<15:10, 23.96s/it]
       7/50      18.1G      1.103     0.8947      1.186       1166        640:  63%|██████▎   | 64/102 [28:35<15:10, 23.96s/it]
       7/50      18.1G      1.103     0.8947      1.186       1166        640:  64%|██████▎   | 65/102 [28:35<14:46, 23.96s/it]
       7/50      18.1G      1.103     0.8952      1.187       1011        640:  64%|██████▎   | 65/102 [28:58<14:46, 23.96s/it]
       7/50      18.1G      1.103     0.8952      1.187       1011        640:  65%|██████▍   | 66/102 [28:58<14:07, 23.54s/it]
       7/50      18.1G      1.102     0.8947      1.186       1190        640:  65%|██████▍   | 66/102 [29:23<14:07, 23.54s/it]
       7/50      18.1G      1.102     0.8947      1.186       1190        640:  66%|██████▌   | 67/102 [29:23<13:54, 23.84s/it]
       7/50      18.1G      1.101     0.8945      1.186       1239        640:  66%|██████▌   | 67/102 [29:45<13:54, 23.84s/it]
       7/50      18.1G      1.101     0.8945      1.186       1239        640:  67%|██████▋   | 68/102 [29:45<13:20, 23.54s/it]
       7/50      18.1G      1.101     0.8946      1.186       1025        640:  67%|██████▋   | 68/102 [30:08<13:20, 23.54s/it]
       7/50      18.1G      1.101     0.8946      1.186       1025        640:  68%|██████▊   | 69/102 [30:08<12:45, 23.19s/it]
       7/50      18.1G      1.102     0.8946      1.185       1243        640:  68%|██████▊   | 69/102 [30:30<12:45, 23.19s/it]
       7/50      18.1G      1.102     0.8946      1.185       1243        640:  69%|██████▊   | 70/102 [30:30<12:09, 22.79s/it]
       7/50      18.1G      1.101     0.8943      1.185       1066        640:  69%|██████▊   | 70/102 [30:53<12:09, 22.79s/it]
       7/50      18.1G      1.101     0.8943      1.185       1066        640:  70%|██████▉   | 71/102 [30:53<11:47, 22.83s/it]
       7/50      18.1G      1.101     0.8944      1.185       1228        640:  70%|██████▉   | 71/102 [31:17<11:47, 22.83s/it]
       7/50      18.1G      1.101     0.8944      1.185       1228        640:  71%|███████   | 72/102 [31:17<11:38, 23.30s/it]
       7/50      18.1G      1.103     0.8955      1.186       1054        640:  71%|███████   | 72/102 [31:40<11:38, 23.30s/it]
       7/50      18.1G      1.103     0.8955      1.186       1054        640:  72%|███████▏  | 73/102 [31:40<11:15, 23.29s/it]
       7/50      18.1G      1.103     0.8958      1.186       1047        640:  72%|███████▏  | 73/102 [32:02<11:15, 23.29s/it]
       7/50      18.1G      1.103     0.8958      1.186       1047        640:  73%|███████▎  | 74/102 [32:02<10:43, 22.97s/it]
       7/50      18.1G      1.102      0.896      1.185       1309        640:  73%|███████▎  | 74/102 [32:25<10:43, 22.97s/it]
       7/50      18.1G      1.102      0.896      1.185       1309        640:  74%|███████▎  | 75/102 [32:25<10:16, 22.82s/it]
       7/50      18.1G      1.102     0.8966      1.186        919        640:  74%|███████▎  | 75/102 [32:49<10:16, 22.82s/it]
       7/50      18.1G      1.102     0.8966      1.186        919        640:  75%|███████▍  | 76/102 [32:49<10:01, 23.14s/it]
       7/50      18.1G      1.102     0.8962      1.185       1018        640:  75%|███████▍  | 76/102 [33:13<10:01, 23.14s/it]
       7/50      18.1G      1.102     0.8962      1.185       1018        640:  75%|███████▌  | 77/102 [33:13<09:49, 23.59s/it]
       7/50      18.1G      1.102     0.8964      1.185       1297        640:  75%|███████▌  | 77/102 [33:37<09:49, 23.59s/it]
       7/50      18.1G      1.102     0.8964      1.185       1297        640:  76%|███████▋  | 78/102 [33:37<09:26, 23.62s/it]
       7/50      18.1G      1.101     0.8961      1.185       1068        640:  76%|███████▋  | 78/102 [34:00<09:26, 23.62s/it]
       7/50      18.1G      1.101     0.8961      1.185       1068        640:  77%|███████▋  | 79/102 [34:00<08:59, 23.46s/it]
       7/50      18.1G      1.102     0.8972      1.185       1160        640:  77%|███████▋  | 79/102 [34:23<08:59, 23.46s/it]
       7/50      18.1G      1.102     0.8972      1.185       1160        640:  78%|███████▊  | 80/102 [34:23<08:29, 23.14s/it]
       7/50      18.1G      1.102     0.8978      1.185       1171        640:  78%|███████▊  | 80/102 [34:45<08:29, 23.14s/it]
       7/50      18.1G      1.102     0.8978      1.185       1171        640:  79%|███████▉  | 81/102 [34:45<08:03, 23.03s/it]
       7/50      18.1G      1.102      0.898      1.185       1155        640:  79%|███████▉  | 81/102 [35:08<08:03, 23.03s/it]
       7/50      18.1G      1.102      0.898      1.185       1155        640:  80%|████████  | 82/102 [35:08<07:39, 22.99s/it]
       7/50      18.1G      1.102      0.898      1.186       1092        640:  80%|████████  | 82/102 [35:31<07:39, 22.99s/it]
       7/50      18.1G      1.102      0.898      1.186       1092        640:  81%|████████▏ | 83/102 [35:31<07:17, 23.00s/it]
       7/50      18.1G      1.102     0.8985      1.186        987        640:  81%|████████▏ | 83/102 [35:54<07:17, 23.00s/it]
       7/50      18.1G      1.102     0.8985      1.186        987        640:  82%|████████▏ | 84/102 [35:54<06:53, 22.96s/it]
       7/50      18.1G      1.102      0.898      1.185       1184        640:  82%|████████▏ | 84/102 [36:18<06:53, 22.96s/it]
       7/50      18.1G      1.102      0.898      1.185       1184        640:  83%|████████▎ | 85/102 [36:18<06:32, 23.11s/it]
       7/50      18.1G      1.101     0.8977      1.186       1041        640:  83%|████████▎ | 85/102 [36:41<06:32, 23.11s/it]
       7/50      18.1G      1.101     0.8977      1.186       1041        640:  84%|████████▍ | 86/102 [36:41<06:11, 23.22s/it]
       7/50      18.1G      1.101     0.8973      1.186       1098        640:  84%|████████▍ | 86/102 [37:05<06:11, 23.22s/it]
       7/50      18.1G      1.101     0.8973      1.186       1098        640:  85%|████████▌ | 87/102 [37:05<05:49, 23.29s/it]
       7/50        19G      1.101     0.8971      1.186       1090        640:  85%|████████▌ | 87/102 [37:29<05:49, 23.29s/it]
       7/50        19G      1.101     0.8971      1.186       1090        640:  86%|████████▋ | 88/102 [37:29<05:30, 23.64s/it]
       7/50        19G      1.101     0.8969      1.186       1037        640:  86%|████████▋ | 88/102 [37:53<05:30, 23.64s/it]
       7/50        19G      1.101     0.8969      1.186       1037        640:  87%|████████▋ | 89/102 [37:53<05:09, 23.78s/it]
       7/50      19.9G      1.101     0.8971      1.187       1121        640:  87%|████████▋ | 89/102 [38:16<05:09, 23.78s/it]
       7/50      19.9G      1.101     0.8971      1.187       1121        640:  88%|████████▊ | 90/102 [38:16<04:41, 23.42s/it]
       7/50      19.9G      1.101     0.8971      1.187       1108        640:  88%|████████▊ | 90/102 [38:38<04:41, 23.42s/it]
       7/50      19.9G      1.101     0.8971      1.187       1108        640:  89%|████████▉ | 91/102 [38:38<04:14, 23.11s/it]
       7/50      19.9G      1.101     0.8966      1.187       1086        640:  89%|████████▉ | 91/102 [39:02<04:14, 23.11s/it]
       7/50      19.9G      1.101     0.8966      1.187       1086        640:  90%|█████████ | 92/102 [39:02<03:53, 23.37s/it]
       7/50      19.9G      1.101     0.8969      1.187       1164        640:  90%|█████████ | 92/102 [39:24<03:53, 23.37s/it]
       7/50      19.9G      1.101     0.8969      1.187       1164        640:  91%|█████████ | 93/102 [39:24<03:26, 22.96s/it]
       7/50      19.9G      1.101     0.8971      1.187       1030        640:  91%|█████████ | 93/102 [39:47<03:26, 22.96s/it]
       7/50      19.9G      1.101     0.8971      1.187       1030        640:  92%|█████████▏| 94/102 [39:47<03:04, 23.10s/it]
       7/50      20.9G      1.102     0.8978      1.187       1320        640:  92%|█████████▏| 94/102 [40:10<03:04, 23.10s/it]
       7/50      20.9G      1.102     0.8978      1.187       1320        640:  93%|█████████▎| 95/102 [40:10<02:39, 22.81s/it]
       7/50      20.9G      1.102     0.8979      1.188       1229        640:  93%|█████████▎| 95/102 [40:33<02:39, 22.81s/it]
       7/50      20.9G      1.102     0.8979      1.188       1229        640:  94%|█████████▍| 96/102 [40:33<02:17, 22.89s/it]
       7/50      20.9G      1.101     0.8976      1.187       1103        640:  94%|█████████▍| 96/102 [40:57<02:17, 22.89s/it]
       7/50      20.9G      1.101     0.8976      1.187       1103        640:  95%|█████████▌| 97/102 [40:57<01:57, 23.44s/it]
       7/50      20.9G      1.101     0.8974      1.187       1189        640:  95%|█████████▌| 97/102 [41:22<01:57, 23.44s/it]
       7/50      20.9G      1.101     0.8974      1.187       1189        640:  96%|█████████▌| 98/102 [41:22<01:35, 23.93s/it]
       7/50      20.9G      1.101     0.8973      1.187       1145        640:  96%|█████████▌| 98/102 [41:45<01:35, 23.93s/it]
       7/50      20.9G      1.101     0.8973      1.187       1145        640:  97%|█████████▋| 99/102 [41:45<01:10, 23.37s/it]
       7/50      20.9G        1.1     0.8964      1.187        985        640:  97%|█████████▋| 99/102 [42:08<01:10, 23.37s/it]
       7/50      20.9G        1.1     0.8964      1.187        985        640:  98%|█████████▊| 100/102 [42:08<00:47, 23.52s/it]
       7/50      20.9G        1.1     0.8972      1.187       1011        640:  98%|█████████▊| 100/102 [42:31<00:47, 23.52s/it]
       7/50      20.9G        1.1     0.8972      1.187       1011        640:  99%|█████████▉| 101/102 [42:31<00:23, 23.37s/it]
       7/50      20.9G      1.101     0.8968      1.188        200        640:  99%|█████████▉| 101/102 [42:37<00:23, 23.37s/it]
       7/50      20.9G      1.101     0.8968      1.188        200        640: 100%|██████████| 102/102 [42:37<00:00, 18.02s/it]
       7/50      20.9G      1.101     0.8968      1.188        200        640: 100%|██████████| 102/102 [42:37<00:00, 25.07s/it]

                 Class     Images  Instances      Box(P          R      mAP50  mAP50-95):   0%|          | 0/13 [00:00<?, ?it/s]
                 Class     Images  Instances      Box(P          R      mAP50  mAP50-95):   8%|▊         | 1/13 [00:00<00:03,  3.25it/s]
                 Class     Images  Instances      Box(P          R      mAP50  mAP50-95):  15%|█▌        | 2/13 [00:00<00:03,  3.24it/s]
                 Class     Images  Instances      Box(P          R      mAP50  mAP50-95):  23%|██▎       | 3/13 [00:00<00:02,  3.34it/s]
                 Class     Images  Instances      Box(P          R      mAP50  mAP50-95):  31%|███       | 4/13 [00:01<00:02,  3.42it/s]
                 Class     Images  Instances      Box(P          R      mAP50  mAP50-95):  38%|███▊      | 5/13 [02:21<06:47, 50.89s/it]
                 Class     Images  Instances      Box(P          R      mAP50  mAP50-95):  46%|████▌     | 6/13 [02:22<03:55, 33.68s/it]
                 Class     Images  Instances      Box(P          R      mAP50  mAP50-95):  54%|█████▍    | 7/13 [03:50<05:09, 51.65s/it]
                 Class     Images  Instances      Box(P          R      mAP50  mAP50-95):  62%|██████▏   | 8/13 [03:51<02:56, 35.31s/it]
                 Class     Images  Instances      Box(P          R      mAP50  mAP50-95):  69%|██████▉   | 9/13 [05:30<03:41, 55.40s/it]
                 Class     Images  Instances      Box(P          R      mAP50  mAP50-95):  77%|███████▋  | 10/13 [05:30<01:55, 38.38s/it]
                 Class     Images  Instances      Box(P          R      mAP50  mAP50-95):  85%|████████▍ | 11/13 [07:06<01:52, 56.04s/it]
                 Class     Images  Instances      Box(P          R      mAP50  mAP50-95):  92%|█████████▏| 12/13 [07:07<00:39, 39.08s/it]
                 Class     Images  Instances      Box(P          R      mAP50  mAP50-95): 100%|██████████| 13/13 [07:40<00:00, 37.39s/it]
                 Class     Images  Instances      Box(P          R      mAP50  mAP50-95): 100%|██████████| 13/13 [07:40<00:00, 35.44s/it]
                   all       1620      15401      0.662      0.399      0.422      0.253

      Epoch    GPU_mem   box_loss   cls_loss   dfl_loss  Instances       Size

  0%|          | 0/102 [00:00<?, ?it/s]
       8/50      15.7G      1.057     0.8602      1.165       1025        640:   0%|          | 0/102 [00:00<?, ?it/s]
       8/50      15.7G      1.057     0.8602      1.165       1025        640:   1%|          | 1/102 [00:00<00:18,  5.50it/s]
       8/50        16G      1.062     0.8665      1.176        988        640:   1%|          | 1/102 [00:00<00:18,  5.50it/s]
       8/50        16G      1.062     0.8665      1.176        988        640:   2%|▏         | 2/102 [00:00<00:17,  5.86it/s]
       8/50        16G      1.065      0.872      1.174       1158        640:   2%|▏         | 2/102 [01:11<00:17,  5.86it/s]
       8/50        16G      1.065      0.872      1.174       1158        640:   3%|▎         | 3/102 [01:11<53:57, 32.70s/it]
       8/50      16.6G      1.071     0.8788      1.167       1250        640:   3%|▎         | 3/102 [02:22<53:57, 32.70s/it]
       8/50      16.6G      1.071     0.8788      1.167       1250        640:   4%|▍         | 4/102 [02:22<1:17:42, 47.58s/it]
       8/50      16.6G      1.067     0.8621      1.162       1070        640:   4%|▍         | 4/102 [03:09<1:17:42, 47.58s/it]
       8/50      16.6G      1.067     0.8621      1.162       1070        640:   5%|▍         | 5/102 [03:09<1:16:41, 47.44s/it]
       8/50      16.6G      1.064       0.86      1.166        996        640:   5%|▍         | 5/102 [03:50<1:16:41, 47.44s/it]
       8/50      16.6G      1.064       0.86      1.166        996        640:   6%|▌         | 6/102 [03:50<1:12:32, 45.33s/it]
       8/50      16.6G      1.065     0.8586      1.165       1158        640:   6%|▌         | 6/102 [04:25<1:12:32, 45.33s/it]
       8/50      16.6G      1.065     0.8586      1.165       1158        640:   7%|▋         | 7/102 [04:25<1:06:29, 41.99s/it]
       8/50      16.6G      1.069     0.8633      1.168       1104        640:   7%|▋         | 7/102 [04:48<1:06:29, 41.99s/it]
       8/50      16.6G      1.069     0.8633      1.168       1104        640:   8%|▊         | 8/102 [04:48<56:00, 35.75s/it]
       8/50      16.6G      1.067     0.8609      1.168       1043        640:   8%|▊         | 8/102 [05:09<56:00, 35.75s/it]
       8/50      16.6G      1.067     0.8609      1.168       1043        640:   9%|▉         | 9/102 [05:09<48:29, 31.29s/it]
       8/50      16.6G      1.072     0.8648      1.169       1069        640:   9%|▉         | 9/102 [05:34<48:29, 31.29s/it]
       8/50      16.6G      1.072     0.8648      1.169       1069        640:  10%|▉         | 10/102 [05:34<45:05, 29.41s/it]
       8/50      16.6G      1.072     0.8639      1.172       1032        640:  10%|▉         | 10/102 [05:57<45:05, 29.41s/it]
       8/50      16.6G      1.072     0.8639      1.172       1032        640:  11%|█         | 11/102 [05:57<41:40, 27.48s/it]
       8/50      16.6G      1.077     0.8696      1.177        979        640:  11%|█         | 11/102 [06:21<41:40, 27.48s/it]
       8/50      16.6G      1.077     0.8696      1.177        979        640:  12%|█▏        | 12/102 [06:21<39:36, 26.40s/it]
       8/50      16.6G      1.075      0.868      1.178        948        640:  12%|█▏        | 12/102 [06:43<39:36, 26.40s/it]
       8/50      16.6G      1.075      0.868      1.178        948        640:  13%|█▎        | 13/102 [06:43<37:14, 25.10s/it]
       8/50      16.6G      1.076     0.8742       1.18       1040        640:  13%|█▎        | 13/102 [07:07<37:14, 25.10s/it]
       8/50      16.6G      1.076     0.8742       1.18       1040        640:  14%|█▎        | 14/102 [07:07<35:59, 24.54s/it]
       8/50      16.6G      1.079      0.878      1.181       1048        640:  14%|█▎        | 14/102 [07:29<35:59, 24.54s/it]
       8/50      16.6G      1.079      0.878      1.181       1048        640:  15%|█▍        | 15/102 [07:29<34:44, 23.96s/it]
       8/50      16.6G      1.079     0.8773      1.179       1285        640:  15%|█▍        | 15/102 [07:53<34:44, 23.96s/it]
       8/50      16.6G      1.079     0.8773      1.179       1285        640:  16%|█▌        | 16/102 [07:53<34:10, 23.85s/it]
       8/50      16.6G      1.081     0.8809      1.181       1082        640:  16%|█▌        | 16/102 [08:18<34:10, 23.85s/it]
       8/50      16.6G      1.081     0.8809      1.181       1082        640:  17%|█▋        | 17/102 [08:18<34:28, 24.34s/it]
       8/50      16.6G      1.078     0.8815      1.181       1045        640:  17%|█▋        | 17/102 [08:40<34:28, 24.34s/it]
       8/50      16.6G      1.078     0.8815      1.181       1045        640:  18%|█▊        | 18/102 [08:40<33:09, 23.69s/it]
       8/50      16.6G      1.079     0.8831      1.183       1020        640:  18%|█▊        | 18/102 [09:04<33:09, 23.69s/it]
       8/50      16.6G      1.079     0.8831      1.183       1020        640:  19%|█▊        | 19/102 [09:04<32:49, 23.73s/it]
       8/50      16.6G      1.081     0.8835      1.182       1163        640:  19%|█▊        | 19/102 [09:26<32:49, 23.73s/it]
       8/50      16.6G      1.081     0.8835      1.182       1163        640:  20%|█▉        | 20/102 [09:26<31:47, 23.26s/it]
       8/50      16.6G      1.081     0.8827      1.183       1019        640:  20%|█▉        | 20/102 [09:51<31:47, 23.26s/it]
       8/50      16.6G      1.081     0.8827      1.183       1019        640:  21%|██        | 21/102 [09:51<31:59, 23.70s/it]
       8/50      17.2G       1.08     0.8796      1.181       1399        640:  21%|██        | 21/102 [10:16<31:59, 23.70s/it]
       8/50      17.2G       1.08     0.8796      1.181       1399        640:  22%|██▏       | 22/102 [10:16<31:53, 23.91s/it]
       8/50      17.2G      1.079     0.8778      1.181       1118        640:  22%|██▏       | 22/102 [10:41<31:53, 23.91s/it]
       8/50      17.2G      1.079     0.8778      1.181       1118        640:  23%|██▎       | 23/102 [10:41<31:57, 24.27s/it]
       8/50      17.2G      1.081     0.8792      1.182       1083        640:  23%|██▎       | 23/102 [11:02<31:57, 24.27s/it]
       8/50      17.2G      1.081     0.8792      1.182       1083        640:  24%|██▎       | 24/102 [11:02<30:33, 23.51s/it]
       8/50      17.2G      1.084     0.8786      1.182       1241        640:  24%|██▎       | 24/102 [11:24<30:33, 23.51s/it]
       8/50      17.2G      1.084     0.8786      1.182       1241        640:  25%|██▍       | 25/102 [11:24<29:30, 23.00s/it]
       8/50      18.2G      1.084     0.8788      1.183       1237        640:  25%|██▍       | 25/102 [11:49<29:30, 23.00s/it]
       8/50      18.2G      1.084     0.8788      1.183       1237        640:  25%|██▌       | 26/102 [11:49<29:46, 23.51s/it]
       8/50      18.2G      1.083     0.8793      1.183       1015        640:  25%|██▌       | 26/102 [12:13<29:46, 23.51s/it]
       8/50      18.2G      1.083     0.8793      1.183       1015        640:  26%|██▋       | 27/102 [12:13<29:45, 23.80s/it]
       8/50      18.2G      1.082     0.8778      1.182       1266        640:  26%|██▋       | 27/102 [12:38<29:45, 23.80s/it]
       8/50      18.2G      1.082     0.8778      1.182       1266        640:  27%|██▋       | 28/102 [12:38<29:34, 23.98s/it]
       8/50      18.2G      1.082     0.8784      1.182       1023        640:  27%|██▋       | 28/102 [13:02<29:34, 23.98s/it]
       8/50      18.2G      1.082     0.8784      1.182       1023        640:  28%|██▊       | 29/102 [13:02<29:21, 24.13s/it]
       8/50      18.2G      1.085     0.8789      1.182       1150        640:  28%|██▊       | 29/102 [13:28<29:21, 24.13s/it]
       8/50      18.2G      1.085     0.8789      1.182       1150        640:  29%|██▉       | 30/102 [13:28<29:38, 24.71s/it]
       8/50      18.2G      1.085     0.8797      1.182       1117        640:  29%|██▉       | 30/102 [13:56<29:38, 24.71s/it]
       8/50      18.2G      1.085     0.8797      1.182       1117        640:  30%|███       | 31/102 [13:56<30:06, 25.45s/it]
       8/50      18.2G      1.087     0.8817      1.184        895        640:  30%|███       | 31/102 [14:24<30:06, 25.45s/it]
       8/50      18.2G      1.087     0.8817      1.184        895        640:  31%|███▏      | 32/102 [14:24<30:39, 26.28s/it]
       8/50      18.2G      1.087     0.8815      1.184       1005        640:  31%|███▏      | 32/102 [14:52<30:39, 26.28s/it]
       8/50      18.2G      1.087     0.8815      1.184       1005        640:  32%|███▏      | 33/102 [14:52<30:45, 26.75s/it]
       8/50      18.2G      1.086     0.8798      1.184       1035        640:  32%|███▏      | 33/102 [15:20<30:45, 26.75s/it]
       8/50      18.2G      1.086     0.8798      1.184       1035        640:  33%|███▎      | 34/102 [15:20<30:44, 27.13s/it]
       8/50      18.2G      1.087     0.8794      1.183       1203        640:  33%|███▎      | 34/102 [15:46<30:44, 27.13s/it]
       8/50      18.2G      1.087     0.8794      1.183       1203        640:  34%|███▍      | 35/102 [15:46<30:11, 27.04s/it]
       8/50      18.2G      1.087     0.8791      1.183       1154        640:  34%|███▍      | 35/102 [16:14<30:11, 27.04s/it]
       8/50      18.2G      1.087     0.8791      1.183       1154        640:  35%|███▌      | 36/102 [16:14<30:02, 27.31s/it]
       8/50      18.2G      1.086     0.8779      1.182        968        640:  35%|███▌      | 36/102 [16:42<30:02, 27.31s/it]
       8/50      18.2G      1.086     0.8779      1.182        968        640:  36%|███▋      | 37/102 [16:42<29:49, 27.52s/it]
       8/50      18.2G      1.085     0.8774      1.183       1021        640:  36%|███▋      | 37/102 [17:07<29:49, 27.52s/it]
       8/50      18.2G      1.085     0.8774      1.183       1021        640:  37%|███▋      | 38/102 [17:07<28:32, 26.75s/it]
       8/50      18.2G      1.085     0.8757      1.183       1093        640:  37%|███▋      | 38/102 [17:34<28:32, 26.75s/it]
       8/50      18.2G      1.085     0.8757      1.183       1093        640:  38%|███▊      | 39/102 [17:34<28:09, 26.82s/it]
       8/50      18.2G      1.086     0.8761      1.183       1225        640:  38%|███▊      | 39/102 [18:03<28:09, 26.82s/it]
       8/50      18.2G      1.086     0.8761      1.183       1225        640:  39%|███▉      | 40/102 [18:03<28:15, 27.35s/it]
       8/50      18.2G      1.087     0.8765      1.183       1137        640:  39%|███▉      | 40/102 [18:31<28:15, 27.35s/it]
       8/50      18.2G      1.087     0.8765      1.183       1137        640:  40%|████      | 41/102 [18:31<27:58, 27.51s/it]
       8/50      18.2G      1.088     0.8769      1.184       1073        640:  40%|████      | 41/102 [18:58<27:58, 27.51s/it]
       8/50      18.2G      1.088     0.8769      1.184       1073        640:  41%|████      | 42/102 [18:58<27:28, 27.48s/it]
       8/50      18.2G      1.089     0.8775      1.184       1082        640:  41%|████      | 42/102 [19:27<27:28, 27.48s/it]
       8/50      18.2G      1.089     0.8775      1.184       1082        640:  42%|████▏     | 43/102 [19:27<27:23, 27.86s/it]
       8/50      18.2G       1.09     0.8796      1.185        998        640:  42%|████▏     | 43/102 [19:55<27:23, 27.86s/it]
       8/50      18.2G       1.09     0.8796      1.185        998        640:  43%|████▎     | 44/102 [19:55<26:51, 27.78s/it]
       8/50      18.2G       1.09     0.8794      1.185       1213        640:  43%|████▎     | 44/102 [20:22<26:51, 27.78s/it]
       8/50      18.2G       1.09     0.8794      1.185       1213        640:  44%|████▍     | 45/102 [20:22<26:16, 27.66s/it]
       8/50      18.2G      1.091     0.8787      1.186       1050        640:  44%|████▍     | 45/102 [20:48<26:16, 27.66s/it]
       8/50      18.2G      1.091     0.8787      1.186       1050        640:  45%|████▌     | 46/102 [20:48<25:30, 27.32s/it]
       8/50      18.2G      1.091     0.8792      1.186       1135        640:  45%|████▌     | 46/102 [21:14<25:30, 27.32s/it]
       8/50      18.2G      1.091     0.8792      1.186       1135        640:  46%|████▌     | 47/102 [21:14<24:38, 26.89s/it]
       8/50      18.2G      1.092     0.8793      1.186       1142        640:  46%|████▌     | 47/102 [21:43<24:38, 26.89s/it]
       8/50      18.2G      1.092     0.8793      1.186       1142        640:  47%|████▋     | 48/102 [21:43<24:34, 27.31s/it]
       8/50      18.2G      1.091     0.8783      1.185       1216        640:  47%|████▋     | 48/102 [22:08<24:34, 27.31s/it]
       8/50      18.2G      1.091     0.8783      1.185       1216        640:  48%|████▊     | 49/102 [22:08<23:41, 26.83s/it]
       8/50      18.2G      1.091     0.8774      1.185       1144        640:  48%|████▊     | 49/102 [22:36<23:41, 26.83s/it]
       8/50      18.2G      1.091     0.8774      1.185       1144        640:  49%|████▉     | 50/102 [22:36<23:20, 26.94s/it]
       8/50      18.2G      1.091     0.8762      1.185       1151        640:  49%|████▉     | 50/102 [23:03<23:20, 26.94s/it]
       8/50      18.2G      1.091     0.8762      1.185       1151        640:  50%|█████     | 51/102 [23:03<22:56, 26.99s/it]
       8/50      18.2G      1.092     0.8758      1.184       1284        640:  50%|█████     | 51/102 [23:34<22:56, 26.99s/it]
       8/50      18.2G      1.092     0.8758      1.184       1284        640:  51%|█████     | 52/102 [23:34<23:31, 28.23s/it]
       8/50      18.2G      1.092     0.8754      1.185       1154        640:  51%|█████     | 52/102 [24:01<23:31, 28.23s/it]
       8/50      18.2G      1.092     0.8754      1.185       1154        640:  52%|█████▏    | 53/102 [24:01<22:45, 27.87s/it]
       8/50      18.2G      1.093     0.8751      1.184       1037        640:  52%|█████▏    | 53/102 [24:28<22:45, 27.87s/it]
       8/50      18.2G      1.093     0.8751      1.184       1037        640:  53%|█████▎    | 54/102 [24:28<22:08, 27.68s/it]
       8/50      18.2G      1.092     0.8756      1.184       1174        640:  53%|█████▎    | 54/102 [24:58<22:08, 27.68s/it]
       8/50      18.2G      1.092     0.8756      1.184       1174        640:  54%|█████▍    | 55/102 [24:58<22:13, 28.37s/it]
       8/50      18.2G      1.092      0.875      1.184       1007        640:  54%|█████▍    | 55/102 [25:26<22:13, 28.37s/it]
       8/50      18.2G      1.092      0.875      1.184       1007        640:  55%|█████▍    | 56/102 [25:26<21:42, 28.31s/it]
       8/50      18.2G      1.092     0.8748      1.184       1204        640:  55%|█████▍    | 56/102 [25:51<21:42, 28.31s/it]
       8/50      18.2G      1.092     0.8748      1.184       1204        640:  56%|█████▌    | 57/102 [25:51<20:26, 27.25s/it]
       8/50      19.2G      1.092     0.8743      1.183       1158        640:  56%|█████▌    | 57/102 [26:16<20:26, 27.25s/it]
       8/50      19.2G      1.092     0.8743      1.183       1158        640:  57%|█████▋    | 58/102 [26:16<19:24, 26.46s/it]
       8/50      19.2G      1.092     0.8739      1.183       1230        640:  57%|█████▋    | 58/102 [26:44<19:24, 26.46s/it]
       8/50      19.2G      1.092     0.8739      1.183       1230        640:  58%|█████▊    | 59/102 [26:44<19:16, 26.90s/it]
       8/50      19.2G      1.091     0.8735      1.183       1105        640:  58%|█████▊    | 59/102 [27:10<19:16, 26.90s/it]
       8/50      19.2G      1.091     0.8735      1.183       1105        640:  59%|█████▉    | 60/102 [27:10<18:48, 26.87s/it]
       8/50      19.2G      1.091     0.8731      1.182       1069        640:  59%|█████▉    | 60/102 [27:37<18:48, 26.87s/it]
       8/50      19.2G      1.091     0.8731      1.182       1069        640:  60%|█████▉    | 61/102 [27:37<18:23, 26.91s/it]
       8/50      19.2G      1.091      0.873      1.182       1047        640:  60%|█████▉    | 61/102 [28:04<18:23, 26.91s/it]
       8/50      19.2G      1.091      0.873      1.182       1047        640:  61%|██████    | 62/102 [28:04<17:59, 26.99s/it]
       8/50      19.2G      1.091     0.8719      1.182       1101        640:  61%|██████    | 62/102 [28:32<17:59, 26.99s/it]
       8/50      19.2G      1.091     0.8719      1.182       1101        640:  62%|██████▏   | 63/102 [28:32<17:34, 27.04s/it]
       8/50      19.2G       1.09     0.8714      1.181       1123        640:  62%|██████▏   | 63/102 [28:58<17:34, 27.04s/it]
       8/50      19.2G       1.09     0.8714      1.181       1123        640:  63%|██████▎   | 64/102 [28:58<17:04, 26.96s/it]
       8/50      19.2G       1.09      0.871      1.181       1190        640:  63%|██████▎   | 64/102 [29:26<17:04, 26.96s/it]
       8/50      19.2G       1.09      0.871      1.181       1190        640:  64%|██████▎   | 65/102 [29:26<16:45, 27.18s/it]
       8/50      19.2G      1.091      0.871      1.181       1004        640:  64%|██████▎   | 65/102 [29:53<16:45, 27.18s/it]
       8/50      19.2G      1.091      0.871      1.181       1004        640:  65%|██████▍   | 66/102 [29:53<16:16, 27.12s/it]
       8/50      19.2G      1.091     0.8705      1.182        988        640:  65%|██████▍   | 66/102 [30:20<16:16, 27.12s/it]
       8/50      19.2G      1.091     0.8705      1.182        988        640:  66%|██████▌   | 67/102 [30:20<15:49, 27.14s/it]
       8/50      19.2G      1.091     0.8696      1.181       1091        640:  66%|██████▌   | 67/102 [30:48<15:49, 27.14s/it]
       8/50      19.2G      1.091     0.8696      1.181       1091        640:  67%|██████▋   | 68/102 [30:48<15:31, 27.38s/it]
       8/50      19.2G       1.09     0.8687      1.181       1068        640:  67%|██████▋   | 68/102 [31:15<15:31, 27.38s/it]
       8/50      19.2G       1.09     0.8687      1.181       1068        640:  68%|██████▊   | 69/102 [31:15<14:52, 27.06s/it]
       8/50      19.2G       1.09     0.8678       1.18       1138        640:  68%|██████▊   | 69/102 [31:50<14:52, 27.06s/it]
       8/50      19.2G       1.09     0.8678       1.18       1138        640:  69%|██████▊   | 70/102 [31:50<15:46, 29.59s/it]
       8/50      19.2G       1.09     0.8681       1.18        994        640:  69%|██████▊   | 70/102 [32:17<15:46, 29.59s/it]
       8/50      19.2G       1.09     0.8681       1.18        994        640:  70%|██████▉   | 71/102 [32:17<14:53, 28.83s/it]
       8/50      20.4G      1.091     0.8687      1.181       1052        640:  70%|██████▉   | 71/102 [32:44<14:53, 28.83s/it]
       8/50      20.4G      1.091     0.8687      1.181       1052        640:  71%|███████   | 72/102 [32:44<14:08, 28.28s/it]
       8/50      20.4G      1.091     0.8685      1.181        955        640:  71%|███████   | 72/102 [33:12<14:08, 28.28s/it]
       8/50      20.4G      1.091     0.8685      1.181        955        640:  72%|███████▏  | 73/102 [33:12<13:35, 28.11s/it]
       8/50      20.4G       1.09     0.8682      1.181       1052        640:  72%|███████▏  | 73/102 [33:38<13:35, 28.11s/it]
       8/50      20.4G       1.09     0.8682      1.181       1052        640:  73%|███████▎  | 74/102 [33:38<12:54, 27.65s/it]
       8/50      20.4G       1.09     0.8679       1.18       1146        640:  73%|███████▎  | 74/102 [34:05<12:54, 27.65s/it]
       8/50      20.4G       1.09     0.8679       1.18       1146        640:  74%|███████▎  | 75/102 [34:05<12:19, 27.40s/it]
       8/50      20.4G       1.09     0.8685      1.181        874        640:  74%|███████▎  | 75/102 [34:33<12:19, 27.40s/it]
       8/50      20.4G       1.09     0.8685      1.181        874        640:  75%|███████▍  | 76/102 [34:33<11:54, 27.46s/it]
       8/50      20.4G       1.09     0.8693      1.181       1165        640:  75%|███████▍  | 76/102 [34:59<11:54, 27.46s/it]
       8/50      20.4G       1.09     0.8693      1.181       1165        640:  75%|███████▌  | 77/102 [34:59<11:18, 27.15s/it]
       8/50      20.4G       1.09     0.8694      1.182       1082        640:  75%|███████▌  | 77/102 [35:28<11:18, 27.15s/it]
       8/50      20.4G       1.09     0.8694      1.182       1082        640:  76%|███████▋  | 78/102 [35:28<11:02, 27.62s/it]
       8/50      20.4G      1.091     0.8699      1.182       1053        640:  76%|███████▋  | 78/102 [35:57<11:02, 27.62s/it]
       8/50      20.4G      1.091     0.8699      1.182       1053        640:  77%|███████▋  | 79/102 [35:57<10:46, 28.11s/it]
       8/50      20.4G      1.091     0.8705      1.182        955        640:  77%|███████▋  | 79/102 [36:28<10:46, 28.11s/it]
       8/50      20.4G      1.091     0.8705      1.182        955        640:  78%|███████▊  | 80/102 [36:28<10:33, 28.78s/it]
       8/50      20.4G      1.091     0.8702      1.182        948        640:  78%|███████▊  | 80/102 [36:53<10:33, 28.78s/it]
       8/50      20.4G      1.091     0.8702      1.182        948        640:  79%|███████▉  | 81/102 [36:53<09:41, 27.68s/it]
       8/50      20.4G       1.09     0.8698      1.181       1166        640:  79%|███████▉  | 81/102 [37:19<09:41, 27.68s/it]
       8/50      20.4G       1.09     0.8698      1.181       1166        640:  80%|████████  | 82/102 [37:19<09:08, 27.42s/it]
       8/50      20.4G       1.09     0.8695      1.182        903        640:  80%|████████  | 82/102 [37:48<09:08, 27.42s/it]
       8/50      20.4G       1.09     0.8695      1.182        903        640:  81%|████████▏ | 83/102 [37:48<08:49, 27.87s/it]
       8/50      20.4G       1.09     0.8697      1.182        987        640:  81%|████████▏ | 83/102 [38:13<08:49, 27.87s/it]
       8/50      20.4G       1.09     0.8697      1.182        987        640:  82%|████████▏ | 84/102 [38:13<08:03, 26.89s/it]
       8/50      20.4G       1.09     0.8705      1.182        998        640:  82%|████████▏ | 84/102 [38:41<08:03, 26.89s/it]
       8/50      20.4G       1.09     0.8705      1.182        998        640:  83%|████████▎ | 85/102 [38:41<07:44, 27.33s/it]
       8/50      20.4G      1.091     0.8717      1.182       1012        640:  83%|████████▎ | 85/102 [39:09<07:44, 27.33s/it]
       8/50      20.4G      1.091     0.8717      1.182       1012        640:  84%|████████▍ | 86/102 [39:09<07:18, 27.38s/it]
       8/50      20.4G      1.091     0.8719      1.182       1245        640:  84%|████████▍ | 86/102 [39:36<07:18, 27.38s/it]
       8/50      20.4G      1.091     0.8719      1.182       1245        640:  85%|████████▌ | 87/102 [39:36<06:50, 27.35s/it]
       8/50      20.4G      1.091      0.872      1.182       1014        640:  85%|████████▌ | 87/102 [40:03<06:50, 27.35s/it]
       8/50      20.4G      1.091      0.872      1.182       1014        640:  86%|████████▋ | 88/102 [40:03<06:19, 27.11s/it]
       8/50      20.4G      1.091     0.8723      1.182       1020        640:  86%|████████▋ | 88/102 [40:30<06:19, 27.11s/it]
       8/50      20.4G      1.091     0.8723      1.182       1020        640:  87%|████████▋ | 89/102 [40:30<05:54, 27.27s/it]
       8/50      20.4G      1.091     0.8724      1.182       1342        640:  87%|████████▋ | 89/102 [40:57<05:54, 27.27s/it]
       8/50      20.4G      1.091     0.8724      1.182       1342        640:  88%|████████▊ | 90/102 [40:57<05:23, 26.97s/it]
       8/50      20.4G      1.091     0.8722      1.182       1184        640:  88%|████████▊ | 90/102 [41:24<05:23, 26.97s/it]
       8/50      20.4G      1.091     0.8722      1.182       1184        640:  89%|████████▉ | 91/102 [41:24<04:57, 27.00s/it]
       8/50      20.4G      1.091     0.8724      1.182       1199        640:  89%|████████▉ | 91/102 [41:48<04:57, 27.00s/it]
       8/50      20.4G      1.091     0.8724      1.182       1199        640:  90%|█████████ | 92/102 [41:48<04:21, 26.14s/it]
       8/50      20.4G       1.09     0.8728      1.182        970        640:  90%|█████████ | 92/102 [42:15<04:21, 26.14s/it]
       8/50      20.4G       1.09     0.8728      1.182        970        640:  91%|█████████ | 93/102 [42:15<03:57, 26.39s/it]
       8/50      20.4G       1.09     0.8726      1.181       1251        640:  91%|█████████ | 93/102 [42:43<03:57, 26.39s/it]
       8/50      20.4G       1.09     0.8726      1.181       1251        640:  92%|█████████▏| 94/102 [42:43<03:36, 27.03s/it]
       8/50      20.4G       1.09     0.8735      1.182       1047        640:  92%|█████████▏| 94/102 [43:11<03:36, 27.03s/it]
       8/50      20.4G       1.09     0.8735      1.182       1047        640:  93%|█████████▎| 95/102 [43:11<03:11, 27.38s/it]
       8/50      20.4G       1.09     0.8734      1.182       1093        640:  93%|█████████▎| 95/102 [43:38<03:11, 27.38s/it]
       8/50      20.4G       1.09     0.8734      1.182       1093        640:  94%|█████████▍| 96/102 [43:38<02:43, 27.27s/it]
       8/50      20.4G      1.089     0.8726      1.181       1036        640:  94%|█████████▍| 96/102 [44:05<02:43, 27.27s/it]
       8/50      20.4G      1.089     0.8726      1.181       1036        640:  95%|█████████▌| 97/102 [44:05<02:15, 27.05s/it]
       8/50      20.4G      1.089     0.8724      1.181        944        640:  95%|█████████▌| 97/102 [44:31<02:15, 27.05s/it]
       8/50      20.4G      1.089     0.8724      1.181        944        640:  96%|█████████▌| 98/102 [44:31<01:46, 26.69s/it]
       8/50      20.4G      1.089     0.8721      1.181       1037        640:  96%|█████████▌| 98/102 [44:59<01:46, 26.69s/it]
       8/50      20.4G      1.089     0.8721      1.181       1037        640:  97%|█████████▋| 99/102 [44:59<01:21, 27.07s/it]
       8/50      20.4G      1.088     0.8718      1.181        921        640:  97%|█████████▋| 99/102 [45:26<01:21, 27.07s/it]
       8/50      20.4G      1.088     0.8718      1.181        921        640:  98%|█████████▊| 100/102 [45:26<00:54, 27.16s/it]
       8/50      20.4G      1.088     0.8718      1.181       1051        640:  98%|█████████▊| 100/102 [45:56<00:54, 27.16s/it]
       8/50      20.4G      1.088     0.8718      1.181       1051        640:  99%|█████████▉| 101/102 [45:56<00:27, 27.91s/it]
       8/50      20.4G      1.088      0.873      1.182        195        640:  99%|█████████▉| 101/102 [46:02<00:27, 27.91s/it]
       8/50      20.4G      1.088      0.873      1.182        195        640: 100%|██████████| 102/102 [46:02<00:00, 21.40s/it]
       8/50      20.4G      1.088      0.873      1.182        195        640: 100%|██████████| 102/102 [46:02<00:00, 27.08s/it]

                 Class     Images  Instances      Box(P          R      mAP50  mAP50-95):   0%|          | 0/13 [00:00<?, ?it/s]
                 Class     Images  Instances      Box(P          R      mAP50  mAP50-95):   8%|▊         | 1/13 [00:00<00:03,  3.25it/s]
                 Class     Images  Instances      Box(P          R      mAP50  mAP50-95):  15%|█▌        | 2/13 [00:00<00:03,  3.28it/s]
                 Class     Images  Instances      Box(P          R      mAP50  mAP50-95):  23%|██▎       | 3/13 [00:00<00:02,  3.37it/s]
                 Class     Images  Instances      Box(P          R      mAP50  mAP50-95):  31%|███       | 4/13 [00:01<00:02,  3.48it/s]
                 Class     Images  Instances      Box(P          R      mAP50  mAP50-95):  38%|███▊      | 5/13 [02:29<07:08, 53.57s/it]
                 Class     Images  Instances      Box(P          R      mAP50  mAP50-95):  46%|████▌     | 6/13 [02:29<04:08, 35.45s/it]
                 Class     Images  Instances      Box(P          R      mAP50  mAP50-95):  54%|█████▍    | 7/13 [04:02<05:26, 54.34s/it]
                 Class     Images  Instances      Box(P          R      mAP50  mAP50-95):  62%|██████▏   | 8/13 [04:03<03:05, 37.14s/it]
                 Class     Images  Instances      Box(P          R      mAP50  mAP50-95):  69%|██████▉   | 9/13 [05:41<03:45, 56.33s/it]
                 Class     Images  Instances      Box(P          R      mAP50  mAP50-95):  77%|███████▋  | 10/13 [05:41<01:57, 39.02s/it]
                 Class     Images  Instances      Box(P          R      mAP50  mAP50-95):  85%|████████▍ | 11/13 [07:19<01:53, 56.92s/it]
                 Class     Images  Instances      Box(P          R      mAP50  mAP50-95):  92%|█████████▏| 12/13 [07:19<00:39, 39.69s/it]
                 Class     Images  Instances      Box(P          R      mAP50  mAP50-95): 100%|██████████| 13/13 [07:53<00:00, 37.92s/it]
                 Class     Images  Instances      Box(P          R      mAP50  mAP50-95): 100%|██████████| 13/13 [07:53<00:00, 36.42s/it]
                   all       1620      15401      0.525      0.389      0.406      0.246

      Epoch    GPU_mem   box_loss   cls_loss   dfl_loss  Instances       Size

  0%|          | 0/102 [00:00<?, ?it/s]
       9/50      15.9G      1.131      0.915      1.211       1101        640:   0%|          | 0/102 [00:00<?, ?it/s]
       9/50      15.9G      1.131      0.915      1.211       1101        640:   1%|          | 1/102 [00:00<00:17,  5.71it/s]
       9/50      16.4G      1.079      0.882       1.19        912        640:   1%|          | 1/102 [00:00<00:17,  5.71it/s]
       9/50      16.4G      1.079      0.882       1.19        912        640:   2%|▏         | 2/102 [00:00<00:16,  5.91it/s]
       9/50      16.4G      1.067      0.872      1.188        925        640:   2%|▏         | 2/102 [01:01<00:16,  5.91it/s]
       9/50      16.4G      1.067      0.872      1.188        925        640:   3%|▎         | 3/102 [01:01<45:58, 27.86s/it]
       9/50      16.4G       1.07     0.8912      1.193       1061        640:   3%|▎         | 3/102 [02:01<45:58, 27.86s/it]
       9/50      16.4G       1.07     0.8912      1.193       1061        640:   4%|▍         | 4/102 [02:01<1:06:17, 40.59s/it]
       9/50      17.3G      1.079     0.8879       1.19       1261        640:   4%|▍         | 4/102 [02:53<1:06:17, 40.59s/it]
       9/50      17.3G      1.079     0.8879       1.19       1261        640:   5%|▍         | 5/102 [02:53<1:12:27, 44.82s/it]
       9/50      17.3G       1.08     0.8844      1.188       1083        640:   5%|▍         | 5/102 [03:41<1:12:27, 44.82s/it]
       9/50      17.3G       1.08     0.8844      1.188       1083        640:   6%|▌         | 6/102 [03:41<1:13:07, 45.71s/it]
       9/50      17.3G      1.076     0.8755      1.182       1184        640:   6%|▌         | 6/102 [04:17<1:13:07, 45.71s/it]
       9/50      17.3G      1.076     0.8755      1.182       1184        640:   7%|▋         | 7/102 [04:17<1:07:25, 42.59s/it]
       9/50      17.3G      1.074     0.8734       1.18       1320        640:   7%|▋         | 7/102 [04:42<1:07:25, 42.59s/it]
       9/50      17.3G      1.074     0.8734       1.18       1320        640:   8%|▊         | 8/102 [04:42<57:52, 36.95s/it]
       9/50      17.3G      1.076     0.8659       1.18       1060        640:   8%|▊         | 8/102 [05:03<57:52, 36.95s/it]
       9/50      17.3G      1.076     0.8659       1.18       1060        640:   9%|▉         | 9/102 [05:03<49:44, 32.09s/it]
       9/50      17.3G      1.078     0.8642      1.178       1242        640:   9%|▉         | 9/102 [05:27<49:44, 32.09s/it]
       9/50      17.3G      1.078     0.8642      1.178       1242        640:  10%|▉         | 10/102 [05:27<45:13, 29.49s/it]
       9/50      17.3G      1.083     0.8686      1.179       1153        640:  10%|▉         | 10/102 [05:50<45:13, 29.49s/it]
       9/50      17.3G      1.083     0.8686      1.179       1153        640:  11%|█         | 11/102 [05:50<42:01, 27.71s/it]
       9/50      18.4G      1.083     0.8637      1.175       1336        640:  11%|█         | 11/102 [06:15<42:01, 27.71s/it]
       9/50      18.4G      1.083     0.8637      1.175       1336        640:  12%|█▏        | 12/102 [06:15<40:13, 26.82s/it]
       9/50      18.4G      1.078     0.8588      1.172       1154        640:  12%|█▏        | 12/102 [06:39<40:13, 26.82s/it]
       9/50      18.4G      1.078     0.8588      1.172       1154        640:  13%|█▎        | 13/102 [06:39<38:19, 25.84s/it]
       9/50      18.4G       1.08     0.8615       1.17       1373        640:  13%|█▎        | 13/102 [07:02<38:19, 25.84s/it]
       9/50      18.4G       1.08     0.8615       1.17       1373        640:  14%|█▎        | 14/102 [07:02<36:57, 25.19s/it]
       9/50      18.4G      1.076     0.8574      1.168       1182        640:  14%|█▎        | 14/102 [07:26<36:57, 25.19s/it]
       9/50      18.4G      1.076     0.8574      1.168       1182        640:  15%|█▍        | 15/102 [07:26<36:02, 24.85s/it]
       9/50      18.4G      1.075     0.8573      1.167        977        640:  15%|█▍        | 15/102 [07:51<36:02, 24.85s/it]
       9/50      18.4G      1.075     0.8573      1.167        977        640:  16%|█▌        | 16/102 [07:51<35:22, 24.68s/it]
       9/50      18.4G      1.074     0.8554      1.166        995        640:  16%|█▌        | 16/102 [08:14<35:22, 24.68s/it]
       9/50      18.4G      1.074     0.8554      1.166        995        640:  17%|█▋        | 17/102 [08:14<34:22, 24.26s/it]
       9/50      18.4G      1.075     0.8607      1.168        970        640:  17%|█▋        | 17/102 [08:37<34:22, 24.26s/it]
       9/50      18.4G      1.075     0.8607      1.168        970        640:  18%|█▊        | 18/102 [08:37<33:34, 23.98s/it]
       9/50      18.4G      1.075     0.8589      1.168       1173        640:  18%|█▊        | 18/102 [09:01<33:34, 23.98s/it]
       9/50      18.4G      1.075     0.8589      1.168       1173        640:  19%|█▊        | 19/102 [09:01<32:59, 23.85s/it]
       9/50      18.4G      1.075      0.859      1.168        980        640:  19%|█▊        | 19/102 [09:24<32:59, 23.85s/it]
       9/50      18.4G      1.075      0.859      1.168        980        640:  20%|█▉        | 20/102 [09:24<32:26, 23.74s/it]
       9/50      18.4G      1.075     0.8583      1.168       1267        640:  20%|█▉        | 20/102 [09:47<32:26, 23.74s/it]
       9/50      18.4G      1.075     0.8583      1.168       1267        640:  21%|██        | 21/102 [09:47<31:39, 23.45s/it]
       9/50      18.4G      1.075      0.857      1.166       1389        640:  21%|██        | 21/102 [10:10<31:39, 23.45s/it]
       9/50      18.4G      1.075      0.857      1.166       1389        640:  22%|██▏       | 22/102 [10:10<31:11, 23.40s/it]
       9/50      18.4G      1.076     0.8597      1.167       1039        640:  22%|██▏       | 22/102 [10:34<31:11, 23.40s/it]
       9/50      18.4G      1.076     0.8597      1.167       1039        640:  23%|██▎       | 23/102 [10:34<31:02, 23.57s/it]
       9/50      18.4G      1.077     0.8596      1.167       1018        640:  23%|██▎       | 23/102 [10:59<31:02, 23.57s/it]
       9/50      18.4G      1.077     0.8596      1.167       1018        640:  24%|██▎       | 24/102 [10:59<30:54, 23.77s/it]
       9/50      18.4G      1.078     0.8604      1.167       1091        640:  24%|██▎       | 24/102 [11:21<30:54, 23.77s/it]
       9/50      18.4G      1.078     0.8604      1.167       1091        640:  25%|██▍       | 25/102 [11:21<30:07, 23.47s/it]
       9/50      18.4G      1.076      0.859      1.166       1157        640:  25%|██▍       | 25/102 [11:44<30:07, 23.47s/it]
       9/50      18.4G      1.076      0.859      1.166       1157        640:  25%|██▌       | 26/102 [11:44<29:24, 23.21s/it]
       9/50      18.4G      1.077     0.8584      1.166       1366        640:  25%|██▌       | 26/102 [12:07<29:24, 23.21s/it]
       9/50      18.4G      1.077     0.8584      1.166       1366        640:  26%|██▋       | 27/102 [12:07<29:02, 23.23s/it]
       9/50      18.4G      1.076     0.8584      1.165       1202        640:  26%|██▋       | 27/102 [12:31<29:02, 23.23s/it]
       9/50      18.4G      1.076     0.8584      1.165       1202        640:  27%|██▋       | 28/102 [12:31<28:54, 23.43s/it]
       9/50      18.4G      1.074     0.8585      1.165        879        640:  27%|██▋       | 28/102 [12:54<28:54, 23.43s/it]
       9/50      18.4G      1.074     0.8585      1.165        879        640:  28%|██▊       | 29/102 [12:54<28:24, 23.35s/it]
       9/50      18.4G      1.074     0.8577      1.165       1068        640:  28%|██▊       | 29/102 [13:20<28:24, 23.35s/it]
       9/50      18.4G      1.074     0.8577      1.165       1068        640:  29%|██▉       | 30/102 [13:20<28:46, 23.98s/it]
       9/50      18.4G      1.074     0.8581      1.166       1008        640:  29%|██▉       | 30/102 [13:45<28:46, 23.98s/it]
       9/50      18.4G      1.074     0.8581      1.166       1008        640:  30%|███       | 31/102 [13:45<28:39, 24.22s/it]
       9/50      18.4G      1.074     0.8579      1.167        943        640:  30%|███       | 31/102 [14:07<28:39, 24.22s/it]
       9/50      18.4G      1.074     0.8579      1.167        943        640:  31%|███▏      | 32/102 [14:07<27:37, 23.67s/it]
       9/50      18.4G      1.073     0.8577      1.167       1067        640:  31%|███▏      | 32/102 [14:33<27:37, 23.67s/it]
       9/50      18.4G      1.073     0.8577      1.167       1067        640:  32%|███▏      | 33/102 [14:33<27:58, 24.33s/it]
       9/50      18.4G      1.073     0.8571      1.167       1281        640:  32%|███▏      | 33/102 [14:56<27:58, 24.33s/it]
       9/50      18.4G      1.073     0.8571      1.167       1281        640:  33%|███▎      | 34/102 [14:56<27:04, 23.88s/it]
       9/50      18.4G      1.073     0.8571      1.167        950        640:  33%|███▎      | 34/102 [15:20<27:04, 23.88s/it]
       9/50      18.4G      1.073     0.8571      1.167        950        640:  34%|███▍      | 35/102 [15:20<26:57, 24.14s/it]
       9/50      18.4G      1.073     0.8575      1.168        920        640:  34%|███▍      | 35/102 [15:45<26:57, 24.14s/it]
       9/50      18.4G      1.073     0.8575      1.168        920        640:  35%|███▌      | 36/102 [15:45<26:45, 24.33s/it]
       9/50      18.4G      1.073     0.8584      1.169        933        640:  35%|███▌      | 36/102 [16:08<26:45, 24.33s/it]
       9/50      18.4G      1.073     0.8584      1.169        933        640:  36%|███▋      | 37/102 [16:08<25:49, 23.84s/it]
       9/50      18.4G      1.074     0.8595       1.17       1141        640:  36%|███▋      | 37/102 [16:31<25:49, 23.84s/it]
       9/50      18.4G      1.074     0.8595       1.17       1141        640:  37%|███▋      | 38/102 [16:31<25:02, 23.47s/it]
       9/50      18.4G      1.075     0.8598       1.17       1193        640:  37%|███▋      | 38/102 [16:56<25:02, 23.47s/it]
       9/50      18.4G      1.075     0.8598       1.17       1193        640:  38%|███▊      | 39/102 [16:56<25:16, 24.08s/it]
       9/50      18.4G      1.075     0.8593       1.17       1004        640:  38%|███▊      | 39/102 [17:19<25:16, 24.08s/it]
       9/50      18.4G      1.075     0.8593       1.17       1004        640:  39%|███▉      | 40/102 [17:19<24:34, 23.79s/it]
       9/50      18.4G      1.075     0.8583       1.17       1295        640:  39%|███▉      | 40/102 [17:43<24:34, 23.79s/it]
       9/50      18.4G      1.075     0.8583       1.17       1295        640:  40%|████      | 41/102 [17:43<24:14, 23.85s/it]
       9/50      18.4G      1.074     0.8588       1.17       1044        640:  40%|████      | 41/102 [18:06<24:14, 23.85s/it]
       9/50      18.4G      1.074     0.8588       1.17       1044        640:  41%|████      | 42/102 [18:06<23:34, 23.58s/it]
       9/50      18.4G      1.074     0.8595       1.17       1033        640:  41%|████      | 42/102 [18:32<23:34, 23.58s/it]
       9/50      18.4G      1.074     0.8595       1.17       1033        640:  42%|████▏     | 43/102 [18:32<23:51, 24.26s/it]
       9/50      18.4G      1.075     0.8602      1.171        898        640:  42%|████▏     | 43/102 [18:56<23:51, 24.26s/it]
       9/50      18.4G      1.075     0.8602      1.171        898        640:  43%|████▎     | 44/102 [18:56<23:24, 24.21s/it]
       9/50      18.4G      1.076     0.8617      1.172       1080        640:  43%|████▎     | 44/102 [19:20<23:24, 24.21s/it]
       9/50      18.4G      1.076     0.8617      1.172       1080        640:  44%|████▍     | 45/102 [19:20<23:00, 24.21s/it]
       9/50      18.4G      1.076     0.8618      1.172       1041        640:  44%|████▍     | 45/102 [19:46<23:00, 24.21s/it]
       9/50      18.4G      1.076     0.8618      1.172       1041        640:  45%|████▌     | 46/102 [19:46<22:59, 24.64s/it]
       9/50      18.4G      1.077     0.8622      1.172       1079        640:  45%|████▌     | 46/102 [20:09<22:59, 24.64s/it]
       9/50      18.4G      1.077     0.8622      1.172       1079        640:  46%|████▌     | 47/102 [20:09<22:10, 24.20s/it]
       9/50      18.4G      1.078     0.8625      1.173       1155        640:  46%|████▌     | 47/102 [20:32<22:10, 24.20s/it]
       9/50      18.4G      1.078     0.8625      1.173       1155        640:  47%|████▋     | 48/102 [20:32<21:22, 23.76s/it]
       9/50      18.4G      1.079     0.8631      1.173       1095        640:  47%|████▋     | 48/102 [20:55<21:22, 23.76s/it]
       9/50      18.4G      1.079     0.8631      1.173       1095        640:  48%|████▊     | 49/102 [20:55<20:57, 23.73s/it]
       9/50      18.4G      1.079     0.8633      1.174       1023        640:  48%|████▊     | 49/102 [21:19<20:57, 23.73s/it]
       9/50      18.4G      1.079     0.8633      1.174       1023        640:  49%|████▉     | 50/102 [21:19<20:36, 23.77s/it]
       9/50      18.4G       1.08     0.8645      1.174       1123        640:  49%|████▉     | 50/102 [21:45<20:36, 23.77s/it]
       9/50      18.4G       1.08     0.8645      1.174       1123        640:  50%|█████     | 51/102 [21:45<20:36, 24.24s/it]
       9/50      18.4G       1.08     0.8638      1.173       1223        640:  50%|█████     | 51/102 [22:07<20:36, 24.24s/it]
       9/50      18.4G       1.08     0.8638      1.173       1223        640:  51%|█████     | 52/102 [22:07<19:51, 23.82s/it]
       9/50      18.4G      1.079     0.8631      1.173       1121        640:  51%|█████     | 52/102 [22:31<19:51, 23.82s/it]
       9/50      18.4G      1.079     0.8631      1.173       1121        640:  52%|█████▏    | 53/102 [22:31<19:22, 23.73s/it]
       9/50      18.4G      1.079     0.8631      1.173       1118        640:  52%|█████▏    | 53/102 [22:56<19:22, 23.73s/it]
       9/50      18.4G      1.079     0.8631      1.173       1118        640:  53%|█████▎    | 54/102 [22:56<19:13, 24.03s/it]
       9/50      18.4G      1.079     0.8621      1.173       1195        640:  53%|█████▎    | 54/102 [23:19<19:13, 24.03s/it]
       9/50      18.4G      1.079     0.8621      1.173       1195        640:  54%|█████▍    | 55/102 [23:19<18:43, 23.90s/it]
       9/50      18.4G      1.079     0.8625      1.173       1098        640:  54%|█████▍    | 55/102 [23:45<18:43, 23.90s/it]
       9/50      18.4G      1.079     0.8625      1.173       1098        640:  55%|█████▍    | 56/102 [23:45<18:40, 24.35s/it]
       9/50      18.4G      1.079     0.8611      1.172       1127        640:  55%|█████▍    | 56/102 [24:06<18:40, 24.35s/it]
       9/50      18.4G      1.079     0.8611      1.172       1127        640:  56%|█████▌    | 57/102 [24:06<17:38, 23.52s/it]
       9/50      18.4G      1.078      0.861      1.172       1096        640:  56%|█████▌    | 57/102 [24:30<17:38, 23.52s/it]
       9/50      18.4G      1.078      0.861      1.172       1096        640:  57%|█████▋    | 58/102 [24:30<17:22, 23.70s/it]
       9/50      18.4G      1.079     0.8614      1.173        883        640:  57%|█████▋    | 58/102 [24:56<17:22, 23.70s/it]
       9/50      18.4G      1.079     0.8614      1.173        883        640:  58%|█████▊    | 59/102 [24:56<17:28, 24.38s/it]
       9/50      18.4G      1.078     0.8611      1.173       1023        640:  58%|█████▊    | 59/102 [25:20<17:28, 24.38s/it]
       9/50      18.4G      1.078     0.8611      1.173       1023        640:  59%|█████▉    | 60/102 [25:20<16:56, 24.20s/it]
       9/50      18.4G      1.079     0.8608      1.173       1208        640:  59%|█████▉    | 60/102 [25:43<16:56, 24.20s/it]
       9/50      18.4G      1.079     0.8608      1.173       1208        640:  60%|█████▉    | 61/102 [25:43<16:21, 23.94s/it]
       9/50      18.4G      1.078     0.8607      1.173       1089        640:  60%|█████▉    | 61/102 [26:07<16:21, 23.94s/it]
       9/50      18.4G      1.078     0.8607      1.173       1089        640:  61%|██████    | 62/102 [26:07<15:51, 23.79s/it]
       9/50      18.4G      1.079     0.8614      1.174       1135        640:  61%|██████    | 62/102 [26:31<15:51, 23.79s/it]
       9/50      18.4G      1.079     0.8614      1.174       1135        640:  62%|██████▏   | 63/102 [26:31<15:33, 23.94s/it]
       9/50      18.4G       1.08     0.8617      1.174       1122        640:  62%|██████▏   | 63/102 [26:54<15:33, 23.94s/it]
       9/50      18.4G       1.08     0.8617      1.174       1122        640:  63%|██████▎   | 64/102 [26:54<14:55, 23.57s/it]
       9/50      18.4G       1.08     0.8621      1.175        897        640:  63%|██████▎   | 64/102 [27:17<14:55, 23.57s/it]
       9/50      18.4G       1.08     0.8621      1.175        897        640:  64%|██████▎   | 65/102 [27:17<14:24, 23.38s/it]
       9/50      18.4G      1.079     0.8623      1.175       1093        640:  64%|██████▎   | 65/102 [27:42<14:24, 23.38s/it]
       9/50      18.4G      1.079     0.8623      1.175       1093        640:  65%|██████▍   | 66/102 [27:42<14:18, 23.84s/it]
       9/50      18.4G      1.079     0.8626      1.175       1006        640:  65%|██████▍   | 66/102 [28:06<14:18, 23.84s/it]
       9/50      18.4G      1.079     0.8626      1.175       1006        640:  66%|██████▌   | 67/102 [28:06<13:59, 23.97s/it]
       9/50      18.4G      1.079     0.8628      1.175        850        640:  66%|██████▌   | 67/102 [28:27<13:59, 23.97s/it]
       9/50      18.4G      1.079     0.8628      1.175        850        640:  67%|██████▋   | 68/102 [28:27<13:01, 22.99s/it]
       9/50      18.4G       1.08     0.8633      1.176       1038        640:  67%|██████▋   | 68/102 [28:51<13:01, 22.99s/it]
       9/50      18.4G       1.08     0.8633      1.176       1038        640:  68%|██████▊   | 69/102 [28:51<12:48, 23.28s/it]
       9/50      18.4G      1.079     0.8633      1.176        890        640:  68%|██████▊   | 69/102 [29:15<12:48, 23.28s/it]
       9/50      18.4G      1.079     0.8633      1.176        890        640:  69%|██████▊   | 70/102 [29:15<12:34, 23.56s/it]
       9/50      18.4G       1.08     0.8641      1.176       1061        640:  69%|██████▊   | 70/102 [29:41<12:34, 23.56s/it]
       9/50      18.4G       1.08     0.8641      1.176       1061        640:  70%|██████▉   | 71/102 [29:41<12:30, 24.21s/it]
       9/50      18.4G       1.08      0.864      1.176       1119        640:  70%|██████▉   | 71/102 [30:06<12:30, 24.21s/it]
       9/50      18.4G       1.08      0.864      1.176       1119        640:  71%|███████   | 72/102 [30:06<12:14, 24.48s/it]
       9/50      18.4G       1.08     0.8633      1.176        955        640:  71%|███████   | 72/102 [30:30<12:14, 24.48s/it]
       9/50      18.4G       1.08     0.8633      1.176        955        640:  72%|███████▏  | 73/102 [30:30<11:44, 24.31s/it]
       9/50      18.4G       1.08     0.8626      1.175       1437        640:  72%|███████▏  | 73/102 [30:52<11:44, 24.31s/it]
       9/50      18.4G       1.08     0.8626      1.175       1437        640:  73%|███████▎  | 74/102 [30:52<11:04, 23.73s/it]
       9/50      18.4G       1.08     0.8621      1.175        970        640:  73%|███████▎  | 74/102 [31:14<11:04, 23.73s/it]
       9/50      18.4G       1.08     0.8621      1.175        970        640:  74%|███████▎  | 75/102 [31:14<10:29, 23.32s/it]
       9/50      18.4G       1.08     0.8613      1.175       1010        640:  74%|███████▎  | 75/102 [31:37<10:29, 23.32s/it]
       9/50      18.4G       1.08     0.8613      1.175       1010        640:  75%|███████▍  | 76/102 [31:37<10:01, 23.15s/it]
       9/50      18.4G       1.08     0.8607      1.175       1241        640:  75%|███████▍  | 76/102 [32:03<10:01, 23.15s/it]
       9/50      18.4G       1.08     0.8607      1.175       1241        640:  75%|███████▌  | 77/102 [32:03<09:57, 23.90s/it]
       9/50      18.4G       1.08     0.8612      1.176       1130        640:  75%|███████▌  | 77/102 [32:28<09:57, 23.90s/it]
       9/50      18.4G       1.08     0.8612      1.176       1130        640:  76%|███████▋  | 78/102 [32:28<09:44, 24.35s/it]
       9/50      18.4G       1.08     0.8605      1.175       1074        640:  76%|███████▋  | 78/102 [32:53<09:44, 24.35s/it]
       9/50      18.4G       1.08     0.8605      1.175       1074        640:  77%|███████▋  | 79/102 [32:53<09:23, 24.51s/it]
       9/50      18.4G       1.08     0.8598      1.175       1227        640:  77%|███████▋  | 79/102 [33:19<09:23, 24.51s/it]
       9/50      18.4G       1.08     0.8598      1.175       1227        640:  78%|███████▊  | 80/102 [33:19<09:11, 25.07s/it]
       9/50      18.4G       1.08     0.8595      1.175       1176        640:  78%|███████▊  | 80/102 [33:45<09:11, 25.07s/it]
       9/50      18.4G       1.08     0.8595      1.175       1176        640:  79%|███████▉  | 81/102 [33:45<08:49, 25.23s/it]
       9/50      18.4G      1.079     0.8592      1.175        999        640:  79%|███████▉  | 81/102 [34:09<08:49, 25.23s/it]
       9/50      18.4G      1.079     0.8592      1.175        999        640:  80%|████████  | 82/102 [34:09<08:17, 24.89s/it]
       9/50      18.4G      1.079     0.8592      1.175        861        640:  80%|████████  | 82/102 [34:34<08:17, 24.89s/it]
       9/50      18.4G      1.079     0.8592      1.175        861        640:  81%|████████▏ | 83/102 [34:34<07:54, 24.99s/it]
       9/50      18.4G      1.079     0.8589      1.175       1141        640:  81%|████████▏ | 83/102 [34:58<07:54, 24.99s/it]
       9/50      18.4G      1.079     0.8589      1.175       1141        640:  82%|████████▏ | 84/102 [34:58<07:23, 24.63s/it]
       9/50      18.4G      1.078     0.8586      1.175       1061        640:  82%|████████▏ | 84/102 [35:22<07:23, 24.63s/it]
       9/50      18.4G      1.078     0.8586      1.175       1061        640:  83%|████████▎ | 85/102 [35:22<06:55, 24.42s/it]
       9/50      18.4G      1.078     0.8585      1.174       1007        640:  83%|████████▎ | 85/102 [35:45<06:55, 24.42s/it]
       9/50      18.4G      1.078     0.8585      1.174       1007        640:  84%|████████▍ | 86/102 [35:45<06:23, 23.94s/it]
       9/50      18.4G      1.077     0.8579      1.174       1054        640:  84%|████████▍ | 86/102 [36:10<06:23, 23.94s/it]
       9/50      18.4G      1.077     0.8579      1.174       1054        640:  85%|████████▌ | 87/102 [36:10<06:04, 24.31s/it]
       9/50      18.4G      1.078     0.8585      1.174       1047        640:  85%|████████▌ | 87/102 [36:31<06:04, 24.31s/it]
       9/50      18.4G      1.078     0.8585      1.174       1047        640:  86%|████████▋ | 88/102 [36:31<05:24, 23.21s/it]
       9/50      18.4G      1.077     0.8579      1.174        968        640:  86%|████████▋ | 88/102 [36:53<05:24, 23.21s/it]
       9/50      18.4G      1.077     0.8579      1.174        968        640:  87%|████████▋ | 89/102 [36:53<04:59, 23.05s/it]
       9/50      18.4G      1.077     0.8574      1.173       1087        640:  87%|████████▋ | 89/102 [37:17<04:59, 23.05s/it]
       9/50      18.4G      1.077     0.8574      1.173       1087        640:  88%|████████▊ | 90/102 [37:17<04:37, 23.11s/it]
       9/50      18.4G      1.077      0.857      1.173       1009        640:  88%|████████▊ | 90/102 [37:41<04:37, 23.11s/it]
       9/50      18.4G      1.077      0.857      1.173       1009        640:  89%|████████▉ | 91/102 [37:41<04:17, 23.40s/it]
       9/50      18.4G      1.076     0.8564      1.173       1121        640:  89%|████████▉ | 91/102 [38:06<04:17, 23.40s/it]
       9/50      18.4G      1.076     0.8564      1.173       1121        640:  90%|█████████ | 92/102 [38:06<04:00, 24.08s/it]
       9/50      18.4G      1.076     0.8557      1.172       1234        640:  90%|█████████ | 92/102 [38:30<04:00, 24.08s/it]
       9/50      18.4G      1.076     0.8557      1.172       1234        640:  91%|█████████ | 93/102 [38:30<03:36, 24.05s/it]
       9/50      18.4G      1.076     0.8556      1.172       1218        640:  91%|█████████ | 93/102 [38:55<03:36, 24.05s/it]
       9/50      18.4G      1.076     0.8556      1.172       1218        640:  92%|█████████▏| 94/102 [38:55<03:12, 24.12s/it]
       9/50      18.4G      1.076     0.8557      1.172       1241        640:  92%|█████████▏| 94/102 [39:21<03:12, 24.12s/it]
       9/50      18.4G      1.076     0.8557      1.172       1241        640:  93%|█████████▎| 95/102 [39:21<02:53, 24.82s/it]
       9/50      18.4G      1.077     0.8557      1.172       1056        640:  93%|█████████▎| 95/102 [39:45<02:53, 24.82s/it]
       9/50      18.4G      1.077     0.8557      1.172       1056        640:  94%|█████████▍| 96/102 [39:45<02:27, 24.61s/it]
       9/50      18.4G      1.077     0.8558      1.172        984        640:  94%|█████████▍| 96/102 [40:09<02:27, 24.61s/it]
       9/50      18.4G      1.077     0.8558      1.172        984        640:  95%|█████████▌| 97/102 [40:09<02:01, 24.28s/it]
       9/50      18.4G      1.077     0.8557      1.172       1097        640:  95%|█████████▌| 97/102 [40:33<02:01, 24.28s/it]
       9/50      18.4G      1.077     0.8557      1.172       1097        640:  96%|█████████▌| 98/102 [40:33<01:37, 24.38s/it]
       9/50      18.4G      1.077     0.8549      1.172       1182        640:  96%|█████████▌| 98/102 [40:58<01:37, 24.38s/it]
       9/50      18.4G      1.077     0.8549      1.172       1182        640:  97%|█████████▋| 99/102 [40:58<01:13, 24.38s/it]
       9/50      18.4G      1.076     0.8547      1.172        965        640:  97%|█████████▋| 99/102 [41:22<01:13, 24.38s/it]
       9/50      18.4G      1.076     0.8547      1.172        965        640:  98%|█████████▊| 100/102 [41:22<00:48, 24.31s/it]
       9/50      18.4G      1.076     0.8544      1.171       1206        640:  98%|█████████▊| 100/102 [41:46<00:48, 24.31s/it]
       9/50      18.4G      1.076     0.8544      1.171       1206        640:  99%|█████████▉| 101/102 [41:46<00:24, 24.22s/it]
       9/50      18.4G      1.075     0.8548      1.172        248        640:  99%|█████████▉| 101/102 [41:51<00:24, 24.22s/it]
       9/50      18.4G      1.075     0.8548      1.172        248        640: 100%|██████████| 102/102 [41:51<00:00, 18.59s/it]
       9/50      18.4G      1.075     0.8548      1.172        248        640: 100%|██████████| 102/102 [41:51<00:00, 24.63s/it]

                 Class     Images  Instances      Box(P          R      mAP50  mAP50-95):   0%|          | 0/13 [00:00<?, ?it/s]
                 Class     Images  Instances      Box(P          R      mAP50  mAP50-95):   8%|▊         | 1/13 [00:00<00:03,  3.29it/s]
                 Class     Images  Instances      Box(P          R      mAP50  mAP50-95):  15%|█▌        | 2/13 [00:00<00:03,  3.23it/s]
                 Class     Images  Instances      Box(P          R      mAP50  mAP50-95):  23%|██▎       | 3/13 [00:00<00:03,  3.33it/s]
                 Class     Images  Instances      Box(P          R      mAP50  mAP50-95):  31%|███       | 4/13 [00:01<00:02,  3.44it/s]
                 Class     Images  Instances      Box(P          R      mAP50  mAP50-95):  38%|███▊      | 5/13 [02:27<07:02, 52.80s/it]
                 Class     Images  Instances      Box(P          R      mAP50  mAP50-95):  46%|████▌     | 6/13 [02:27<04:04, 34.95s/it]
                 Class     Images  Instances      Box(P          R      mAP50  mAP50-95):  54%|█████▍    | 7/13 [03:57<05:17, 52.97s/it]
                 Class     Images  Instances      Box(P          R      mAP50  mAP50-95):  62%|██████▏   | 8/13 [03:57<03:01, 36.21s/it]
                 Class     Images  Instances      Box(P          R      mAP50  mAP50-95):  69%|██████▉   | 9/13 [05:36<03:43, 55.77s/it]
                 Class     Images  Instances      Box(P          R      mAP50  mAP50-95):  77%|███████▋  | 10/13 [05:36<01:55, 38.64s/it]
                 Class     Images  Instances      Box(P          R      mAP50  mAP50-95):  85%|████████▍ | 11/13 [07:14<01:53, 56.66s/it]
                 Class     Images  Instances      Box(P          R      mAP50  mAP50-95):  92%|█████████▏| 12/13 [07:14<00:39, 39.51s/it]
                 Class     Images  Instances      Box(P          R      mAP50  mAP50-95): 100%|██████████| 13/13 [07:47<00:00, 37.64s/it]
                 Class     Images  Instances      Box(P          R      mAP50  mAP50-95): 100%|██████████| 13/13 [07:47<00:00, 36.00s/it]
                   all       1620      15401      0.682      0.397      0.443      0.262

      Epoch    GPU_mem   box_loss   cls_loss   dfl_loss  Instances       Size

  0%|          | 0/102 [00:00<?, ?it/s]
      10/50      16.4G      1.056      0.865        1.2        992        640:   0%|          | 0/102 [00:00<?, ?it/s]
      10/50      16.4G      1.056      0.865        1.2        992        640:   1%|          | 1/102 [00:00<00:17,  5.68it/s]
      10/50      16.4G       1.08     0.9206      1.201       1026        640:   1%|          | 1/102 [00:00<00:17,  5.68it/s]
      10/50      16.4G       1.08     0.9206      1.201       1026        640:   2%|▏         | 2/102 [00:00<00:16,  5.89it/s]
      10/50      17.5G      1.065     0.9029      1.188       1232        640:   2%|▏         | 2/102 [00:57<00:16,  5.89it/s]
      10/50      17.5G      1.065     0.9029      1.188       1232        640:   3%|▎         | 3/102 [00:57<43:07, 26.13s/it]
      10/50      17.5G      1.073     0.8912       1.18       1032        640:   3%|▎         | 3/102 [02:06<43:07, 26.13s/it]
      10/50      17.5G      1.073     0.8912       1.18       1032        640:   4%|▍         | 4/102 [02:06<1:10:32, 43.19s/it]
      10/50      17.5G      1.072     0.8819      1.179       1156        640:   4%|▍         | 4/102 [02:56<1:10:32, 43.19s/it]
      10/50      17.5G      1.072     0.8819      1.179       1156        640:   5%|▍         | 5/102 [02:56<1:13:32, 45.49s/it]
      10/50      17.5G      1.078     0.8883      1.179       1178        640:   5%|▍         | 5/102 [03:43<1:13:32, 45.49s/it]
      10/50      17.5G      1.078     0.8883      1.179       1178        640:   6%|▌         | 6/102 [03:43<1:13:36, 46.01s/it]
      10/50      17.5G      1.081     0.8794      1.178       1093        640:   6%|▌         | 6/102 [04:18<1:13:36, 46.01s/it]
      10/50      17.5G      1.081     0.8794      1.178       1093        640:   7%|▋         | 7/102 [04:18<1:07:26, 42.59s/it]
      10/50      17.5G      1.081     0.8771      1.175       1201        640:   7%|▋         | 7/102 [04:42<1:07:26, 42.59s/it]
      10/50      17.5G      1.081     0.8771      1.175       1201        640:   8%|▊         | 8/102 [04:42<57:11, 36.50s/it]
      10/50      17.5G      1.077     0.8692      1.171       1136        640:   8%|▊         | 8/102 [05:04<57:11, 36.50s/it]
      10/50      17.5G      1.077     0.8692      1.171       1136        640:   9%|▉         | 9/102 [05:04<49:51, 32.16s/it]
      10/50      17.5G      1.079     0.8701      1.167       1176        640:   9%|▉         | 9/102 [05:28<49:51, 32.16s/it]
      10/50      17.5G      1.079     0.8701      1.167       1176        640:  10%|▉         | 10/102 [05:28<45:14, 29.50s/it]
      10/50      17.5G      1.081     0.8691      1.168       1142        640:  10%|▉         | 10/102 [05:52<45:14, 29.50s/it]
      10/50      17.5G      1.081     0.8691      1.168       1142        640:  11%|█         | 11/102 [05:52<42:15, 27.86s/it]
      10/50      17.5G      1.079     0.8638      1.164       1236        640:  11%|█         | 11/102 [06:15<42:15, 27.86s/it]
      10/50      17.5G      1.079     0.8638      1.164       1236        640:  12%|█▏        | 12/102 [06:15<39:26, 26.30s/it]
      10/50      17.5G      1.077     0.8652      1.163       1152        640:  12%|█▏        | 12/102 [06:44<39:26, 26.30s/it]
      10/50      17.5G      1.077     0.8652      1.163       1152        640:  13%|█▎        | 13/102 [06:44<40:24, 27.24s/it]
      10/50      17.5G      1.078     0.8616      1.162       1034        640:  13%|█▎        | 13/102 [07:12<40:24, 27.24s/it]
      10/50      17.5G      1.078     0.8616      1.162       1034        640:  14%|█▎        | 14/102 [07:12<40:02, 27.30s/it]
      10/50      17.5G      1.076     0.8606      1.161       1068        640:  14%|█▎        | 14/102 [07:41<40:02, 27.30s/it]
      10/50      17.5G      1.076     0.8606      1.161       1068        640:  15%|█▍        | 15/102 [07:41<40:39, 28.04s/it]
      10/50      17.5G      1.074     0.8559       1.16       1091        640:  15%|█▍        | 15/102 [08:07<40:39, 28.04s/it]
      10/50      17.5G      1.074     0.8559       1.16       1091        640:  16%|█▌        | 16/102 [08:07<39:14, 27.38s/it]
      10/50      17.5G      1.075     0.8587      1.161        995        640:  16%|█▌        | 16/102 [08:35<39:14, 27.38s/it]
      10/50      17.5G      1.075     0.8587      1.161        995        640:  17%|█▋        | 17/102 [08:35<38:48, 27.40s/it]
      10/50      17.5G      1.071     0.8559      1.161        863        640:  17%|█▋        | 17/102 [09:02<38:48, 27.40s/it]
      10/50      17.5G      1.071     0.8559      1.161        863        640:  18%|█▊        | 18/102 [09:02<38:17, 27.35s/it]
      10/50      17.5G      1.068      0.852      1.161       1065        640:  18%|█▊        | 18/102 [09:32<38:17, 27.35s/it]
      10/50      17.5G      1.068      0.852      1.161       1065        640:  19%|█▊        | 19/102 [09:32<38:55, 28.14s/it]
      10/50      17.5G      1.068     0.8515       1.16       1114        640:  19%|█▊        | 19/102 [10:01<38:55, 28.14s/it]
      10/50      17.5G      1.068     0.8515       1.16       1114        640:  20%|█▉        | 20/102 [10:01<38:47, 28.39s/it]
      10/50      17.5G      1.067     0.8504       1.16       1078        640:  20%|█▉        | 20/102 [10:34<38:47, 28.39s/it]
      10/50      17.5G      1.067     0.8504       1.16       1078        640:  21%|██        | 21/102 [10:34<40:04, 29.69s/it]
      10/50      18.4G      1.066     0.8487      1.161       1169        640:  21%|██        | 21/102 [10:57<40:04, 29.69s/it]
      10/50      18.4G      1.066     0.8487      1.161       1169        640:  22%|██▏       | 22/102 [10:57<36:55, 27.70s/it]
      10/50      18.4G      1.066     0.8482      1.161       1008        640:  22%|██▏       | 22/102 [11:20<36:55, 27.70s/it]
      10/50      18.4G      1.066     0.8482      1.161       1008        640:  23%|██▎       | 23/102 [11:20<34:45, 26.40s/it]
      10/50      18.4G      1.064      0.847       1.16       1081        640:  23%|██▎       | 23/102 [11:44<34:45, 26.40s/it]
      10/50      18.4G      1.064      0.847       1.16       1081        640:  24%|██▎       | 24/102 [11:44<33:13, 25.56s/it]
      10/50      18.4G      1.065     0.8479      1.161       1167        640:  24%|██▎       | 24/102 [12:08<33:13, 25.56s/it]
      10/50      18.4G      1.065     0.8479      1.161       1167        640:  25%|██▍       | 25/102 [12:08<32:13, 25.11s/it]
      10/50      18.4G      1.065      0.846      1.161       1132        640:  25%|██▍       | 25/102 [12:31<32:13, 25.11s/it]
      10/50      18.4G      1.065      0.846      1.161       1132        640:  25%|██▌       | 26/102 [12:31<31:06, 24.56s/it]
      10/50      18.4G      1.064     0.8455       1.16       1148        640:  25%|██▌       | 26/102 [12:55<31:06, 24.56s/it]
      10/50      18.4G      1.064     0.8455       1.16       1148        640:  26%|██▋       | 27/102 [12:55<30:21, 24.28s/it]
      10/50      18.4G      1.062     0.8435       1.16       1063        640:  26%|██▋       | 27/102 [13:18<30:21, 24.28s/it]
      10/50      18.4G      1.062     0.8435       1.16       1063        640:  27%|██▋       | 28/102 [13:18<29:39, 24.05s/it]
      10/50      18.4G      1.062     0.8419       1.16       1183        640:  27%|██▋       | 28/102 [13:42<29:39, 24.05s/it]
      10/50      18.4G      1.062     0.8419       1.16       1183        640:  28%|██▊       | 29/102 [13:42<29:17, 24.08s/it]
      10/50      18.4G      1.061     0.8425       1.16       1031        640:  28%|██▊       | 29/102 [14:06<29:17, 24.08s/it]
      10/50      18.4G      1.061     0.8425       1.16       1031        640:  29%|██▉       | 30/102 [14:06<28:44, 23.95s/it]
      10/50      18.4G      1.061     0.8432      1.161        979        640:  29%|██▉       | 30/102 [14:30<28:44, 23.95s/it]
      10/50      18.4G      1.061     0.8432      1.161        979        640:  30%|███       | 31/102 [14:30<28:23, 23.99s/it]
      10/50      18.4G      1.062     0.8436      1.162        982        640:  30%|███       | 31/102 [14:54<28:23, 23.99s/it]
      10/50      18.4G      1.062     0.8436      1.162        982        640:  31%|███▏      | 32/102 [14:54<27:50, 23.87s/it]
      10/50      18.4G      1.065     0.8446      1.163       1160        640:  31%|███▏      | 32/102 [15:17<27:50, 23.87s/it]
      10/50      18.4G      1.065     0.8446      1.163       1160        640:  32%|███▏      | 33/102 [15:17<27:19, 23.76s/it]
      10/50      18.4G      1.063     0.8435      1.162       1059        640:  32%|███▏      | 33/102 [15:40<27:19, 23.76s/it]
      10/50      18.4G      1.063     0.8435      1.162       1059        640:  33%|███▎      | 34/102 [15:40<26:45, 23.62s/it]
      10/50      18.4G      1.064     0.8427      1.162       1368        640:  33%|███▎      | 34/102 [16:03<26:45, 23.62s/it]
      10/50      18.4G      1.064     0.8427      1.162       1368        640:  34%|███▍      | 35/102 [16:03<25:57, 23.24s/it]
      10/50      18.4G      1.064     0.8434      1.162       1115        640:  34%|███▍      | 35/102 [16:27<25:57, 23.24s/it]
      10/50      18.4G      1.064     0.8434      1.162       1115        640:  35%|███▌      | 36/102 [16:27<25:47, 23.45s/it]
      10/50      18.4G      1.064     0.8437      1.162        997        640:  35%|███▌      | 36/102 [16:51<25:47, 23.45s/it]
      10/50      18.4G      1.064     0.8437      1.162        997        640:  36%|███▋      | 37/102 [16:51<25:41, 23.71s/it]
      10/50      18.4G      1.063     0.8427      1.161       1216        640:  36%|███▋      | 37/102 [17:14<25:41, 23.71s/it]
      10/50      18.4G      1.063     0.8427      1.161       1216        640:  37%|███▋      | 38/102 [17:14<24:56, 23.38s/it]
      10/50      18.4G      1.063     0.8417      1.161       1114        640:  37%|███▋      | 38/102 [17:38<24:56, 23.38s/it]
      10/50      18.4G      1.063     0.8417      1.161       1114        640:  38%|███▊      | 39/102 [17:38<24:51, 23.67s/it]
      10/50      18.4G      1.063      0.841      1.161       1244        640:  38%|███▊      | 39/102 [18:00<24:51, 23.67s/it]
      10/50      18.4G      1.063      0.841      1.161       1244        640:  39%|███▉      | 40/102 [18:00<24:04, 23.30s/it]
      10/50      18.4G      1.062       0.84       1.16       1052        640:  39%|███▉      | 40/102 [18:24<24:04, 23.30s/it]
      10/50      18.4G      1.062       0.84       1.16       1052        640:  40%|████      | 41/102 [18:24<23:54, 23.52s/it]
      10/50      18.4G      1.061      0.839       1.16        920        640:  40%|████      | 41/102 [18:48<23:54, 23.52s/it]
      10/50      18.4G      1.061      0.839       1.16        920        640:  41%|████      | 42/102 [18:48<23:38, 23.65s/it]
      10/50      18.4G      1.061     0.8395       1.16       1172        640:  41%|████      | 42/102 [19:13<23:38, 23.65s/it]
      10/50      18.4G      1.061     0.8395       1.16       1172        640:  42%|████▏     | 43/102 [19:13<23:28, 23.87s/it]
      10/50      18.4G      1.062     0.8397      1.161       1137        640:  42%|████▏     | 43/102 [19:39<23:28, 23.87s/it]
      10/50      18.4G      1.062     0.8397      1.161       1137        640:  43%|████▎     | 44/102 [19:39<23:36, 24.43s/it]
      10/50      18.4G      1.061      0.839      1.161       1122        640:  43%|████▎     | 44/102 [20:03<23:36, 24.43s/it]
      10/50      18.4G      1.061      0.839      1.161       1122        640:  44%|████▍     | 45/102 [20:03<23:21, 24.59s/it]
      10/50      18.4G       1.06     0.8382       1.16       1142        640:  44%|████▍     | 45/102 [20:29<23:21, 24.59s/it]
      10/50      18.4G       1.06     0.8382       1.16       1142        640:  45%|████▌     | 46/102 [20:29<23:12, 24.86s/it]
      10/50      18.4G       1.06     0.8373       1.16       1179        640:  45%|████▌     | 46/102 [20:52<23:12, 24.86s/it]
      10/50      18.4G       1.06     0.8373       1.16       1179        640:  46%|████▌     | 47/102 [20:52<22:19, 24.36s/it]
      10/50      18.4G       1.06      0.837       1.16       1120        640:  46%|████▌     | 47/102 [21:16<22:19, 24.36s/it]
      10/50      18.4G       1.06      0.837       1.16       1120        640:  47%|████▋     | 48/102 [21:16<21:39, 24.07s/it]
      10/50      18.4G      1.058     0.8359      1.159       1122        640:  47%|████▋     | 48/102 [21:40<21:39, 24.07s/it]
      10/50      18.4G      1.058     0.8359      1.159       1122        640:  48%|████▊     | 49/102 [21:40<21:16, 24.09s/it]
      10/50      18.4G      1.058     0.8353      1.159       1005        640:  48%|████▊     | 49/102 [22:03<21:16, 24.09s/it]
      10/50      18.4G      1.058     0.8353      1.159       1005        640:  49%|████▉     | 50/102 [22:03<20:45, 23.96s/it]
      10/50      18.4G      1.058     0.8349      1.159       1182        640:  49%|████▉     | 50/102 [22:29<20:45, 23.96s/it]
      10/50      18.4G      1.058     0.8349      1.159       1182        640:  50%|█████     | 51/102 [22:29<20:42, 24.36s/it]
      10/50      18.4G      1.059     0.8354       1.16        976        640:  50%|█████     | 51/102 [22:50<20:42, 24.36s/it]
      10/50      18.4G      1.059     0.8354       1.16        976        640:  51%|█████     | 52/102 [22:50<19:33, 23.46s/it]
      10/50      18.4G      1.061     0.8361       1.16       1132        640:  51%|█████     | 52/102 [23:14<19:33, 23.46s/it]
      10/50      18.4G      1.061     0.8361       1.16       1132        640:  52%|█████▏    | 53/102 [23:14<19:16, 23.61s/it]
      10/50      18.4G      1.061     0.8355       1.16       1030        640:  52%|█████▏    | 53/102 [23:38<19:16, 23.61s/it]
      10/50      18.4G      1.061     0.8355       1.16       1030        640:  53%|█████▎    | 54/102 [23:38<19:04, 23.84s/it]
      10/50      18.4G      1.062     0.8357       1.16       1067        640:  53%|█████▎    | 54/102 [24:03<19:04, 23.84s/it]
      10/50      18.4G      1.062     0.8357       1.16       1067        640:  54%|█████▍    | 55/102 [24:03<18:48, 24.02s/it]
      10/50      18.4G      1.062     0.8356       1.16       1041        640:  54%|█████▍    | 55/102 [24:26<18:48, 24.02s/it]
      10/50      18.4G      1.062     0.8356       1.16       1041        640:  55%|█████▍    | 56/102 [24:26<18:12, 23.75s/it]
      10/50      18.4G      1.061     0.8367       1.16       1015        640:  55%|█████▍    | 56/102 [24:51<18:12, 23.75s/it]
      10/50      18.4G      1.061     0.8367       1.16       1015        640:  56%|█████▌    | 57/102 [24:51<18:06, 24.14s/it]
      10/50      18.4G      1.062     0.8371      1.161        940        640:  56%|█████▌    | 57/102 [25:16<18:06, 24.14s/it]
      10/50      18.4G      1.062     0.8371      1.161        940        640:  57%|█████▋    | 58/102 [25:16<17:49, 24.31s/it]
      10/50      18.4G      1.062     0.8375      1.161        991        640:  57%|█████▋    | 58/102 [25:38<17:49, 24.31s/it]
      10/50      18.4G      1.062     0.8375      1.161        991        640:  58%|█████▊    | 59/102 [25:38<17:03, 23.79s/it]
      10/50      18.4G      1.062     0.8378      1.162       1032        640:  58%|█████▊    | 59/102 [26:01<17:03, 23.79s/it]
      10/50      18.4G      1.062     0.8378      1.162       1032        640:  59%|█████▉    | 60/102 [26:01<16:24, 23.44s/it]
      10/50      18.4G      1.062     0.8377      1.162       1148        640:  59%|█████▉    | 60/102 [26:25<16:24, 23.44s/it]
      10/50      18.4G      1.062     0.8377      1.162       1148        640:  60%|█████▉    | 61/102 [26:25<16:10, 23.66s/it]
      10/50      18.4G      1.062     0.8373      1.162       1048        640:  60%|█████▉    | 61/102 [26:49<16:10, 23.66s/it]
      10/50      18.4G      1.062     0.8373      1.162       1048        640:  61%|██████    | 62/102 [26:49<15:48, 23.70s/it]
      10/50      18.4G      1.063     0.8382      1.162       1117        640:  61%|██████    | 62/102 [27:14<15:48, 23.70s/it]
      10/50      18.4G      1.063     0.8382      1.162       1117        640:  62%|██████▏   | 63/102 [27:14<15:36, 24.01s/it]
      10/50      18.4G      1.062      0.838      1.162        975        640:  62%|██████▏   | 63/102 [27:39<15:36, 24.01s/it]
      10/50      18.4G      1.062      0.838      1.162        975        640:  63%|██████▎   | 64/102 [27:39<15:23, 24.31s/it]
      10/50      18.4G      1.062     0.8376      1.162       1216        640:  63%|██████▎   | 64/102 [28:01<15:23, 24.31s/it]
      10/50      18.4G      1.062     0.8376      1.162       1216        640:  64%|██████▎   | 65/102 [28:01<14:41, 23.83s/it]
      10/50      18.4G      1.062     0.8371      1.161       1037        640:  64%|██████▎   | 65/102 [28:25<14:41, 23.83s/it]
      10/50      18.4G      1.062     0.8371      1.161       1037        640:  65%|██████▍   | 66/102 [28:25<14:15, 23.77s/it]
      10/50      18.4G      1.062      0.837      1.161       1109        640:  65%|██████▍   | 66/102 [28:49<14:15, 23.77s/it]
      10/50      18.4G      1.062      0.837      1.161       1109        640:  66%|██████▌   | 67/102 [28:49<13:50, 23.72s/it]
      10/50      18.4G      1.063     0.8378      1.162       1084        640:  66%|██████▌   | 67/102 [29:13<13:50, 23.72s/it]
      10/50      18.4G      1.063     0.8378      1.162       1084        640:  67%|██████▋   | 68/102 [29:13<13:29, 23.81s/it]
      10/50      18.4G      1.063     0.8379      1.161       1304        640:  67%|██████▋   | 68/102 [29:37<13:29, 23.81s/it]
      10/50      18.4G      1.063     0.8379      1.161       1304        640:  68%|██████▊   | 69/102 [29:37<13:07, 23.86s/it]
      10/50      18.4G      1.063     0.8374      1.161       1193        640:  68%|██████▊   | 69/102 [30:01<13:07, 23.86s/it]
      10/50      18.4G      1.063     0.8374      1.161       1193        640:  69%|██████▊   | 70/102 [30:01<12:48, 24.02s/it]
      10/50      18.4G      1.063     0.8369      1.161       1150        640:  69%|██████▊   | 70/102 [30:23<12:48, 24.02s/it]
      10/50      18.4G      1.063     0.8369      1.161       1150        640:  70%|██████▉   | 71/102 [30:23<12:07, 23.46s/it]
      10/50      18.4G      1.063      0.836       1.16       1316        640:  70%|██████▉   | 71/102 [30:46<12:07, 23.46s/it]
      10/50      18.4G      1.063      0.836       1.16       1316        640:  71%|███████   | 72/102 [30:46<11:42, 23.42s/it]
      10/50      18.4G      1.062     0.8349       1.16       1097        640:  71%|███████   | 72/102 [31:13<11:42, 23.42s/it]
      10/50      18.4G      1.062     0.8349       1.16       1097        640:  72%|███████▏  | 73/102 [31:13<11:47, 24.39s/it]
      10/50      18.4G      1.061     0.8345       1.16        849        640:  72%|███████▏  | 73/102 [31:35<11:47, 24.39s/it]
      10/50      18.4G      1.061     0.8345       1.16        849        640:  73%|███████▎  | 74/102 [31:35<11:05, 23.79s/it]
      10/50      18.4G      1.061     0.8338       1.16        991        640:  73%|███████▎  | 74/102 [31:59<11:05, 23.79s/it]
      10/50      18.4G      1.061     0.8338       1.16        991        640:  74%|███████▎  | 75/102 [31:59<10:38, 23.66s/it]
      10/50      18.4G      1.061      0.833       1.16       1246        640:  74%|███████▎  | 75/102 [32:22<10:38, 23.66s/it]
      10/50      18.4G      1.061      0.833       1.16       1246        640:  75%|███████▍  | 76/102 [32:22<10:14, 23.63s/it]
      10/50      18.4G      1.061     0.8329       1.16       1156        640:  75%|███████▍  | 76/102 [32:46<10:14, 23.63s/it]
      10/50      18.4G      1.061     0.8329       1.16       1156        640:  75%|███████▌  | 77/102 [32:46<09:49, 23.59s/it]
      10/50      18.4G      1.062     0.8324       1.16       1300        640:  75%|███████▌  | 77/102 [33:12<09:49, 23.59s/it]
      10/50      18.4G      1.062     0.8324       1.16       1300        640:  76%|███████▋  | 78/102 [33:12<09:42, 24.29s/it]
      10/50      18.4G      1.061     0.8321       1.16       1176        640:  76%|███████▋  | 78/102 [33:35<09:42, 24.29s/it]
      10/50      18.4G      1.061     0.8321       1.16       1176        640:  77%|███████▋  | 79/102 [33:35<09:13, 24.08s/it]
      10/50      19.6G      1.061     0.8325       1.16       1196        640:  77%|███████▋  | 79/102 [34:00<09:13, 24.08s/it]
      10/50      19.6G      1.061     0.8325       1.16       1196        640:  78%|███████▊  | 80/102 [34:00<08:56, 24.38s/it]
      10/50      19.6G      1.061     0.8323       1.16       1087        640:  78%|███████▊  | 80/102 [34:26<08:56, 24.38s/it]
      10/50      19.6G      1.061     0.8323       1.16       1087        640:  79%|███████▉  | 81/102 [34:26<08:38, 24.68s/it]
      10/50      19.6G      1.061     0.8321      1.161       1174        640:  79%|███████▉  | 81/102 [34:50<08:38, 24.68s/it]
      10/50      19.6G      1.061     0.8321      1.161       1174        640:  80%|████████  | 82/102 [34:50<08:09, 24.46s/it]
      10/50      19.6G      1.061      0.832      1.161       1004        640:  80%|████████  | 82/102 [35:15<08:09, 24.46s/it]
      10/50      19.6G      1.061      0.832      1.161       1004        640:  81%|████████▏ | 83/102 [35:15<07:50, 24.78s/it]
      10/50      19.6G      1.062     0.8319      1.161       1110        640:  81%|████████▏ | 83/102 [35:39<07:50, 24.78s/it]
      10/50      19.6G      1.062     0.8319      1.161       1110        640:  82%|████████▏ | 84/102 [35:39<07:18, 24.36s/it]
      10/50      19.6G      1.062     0.8318      1.161       1088        640:  82%|████████▏ | 84/102 [36:03<07:18, 24.36s/it]
      10/50      19.6G      1.062     0.8318      1.161       1088        640:  83%|████████▎ | 85/102 [36:03<06:55, 24.45s/it]
      10/50      19.6G      1.063     0.8326      1.161       1204        640:  83%|████████▎ | 85/102 [36:28<06:55, 24.45s/it]
      10/50      19.6G      1.063     0.8326      1.161       1204        640:  84%|████████▍ | 86/102 [36:28<06:30, 24.38s/it]
      10/50      19.6G      1.063      0.833      1.162        963        640:  84%|████████▍ | 86/102 [36:52<06:30, 24.38s/it]
      10/50      19.6G      1.063      0.833      1.162        963        640:  85%|████████▌ | 87/102 [36:52<06:05, 24.39s/it]
      10/50      19.6G      1.064     0.8331      1.162       1163        640:  85%|████████▌ | 87/102 [37:15<06:05, 24.39s/it]
      10/50      19.6G      1.064     0.8331      1.162       1163        640:  86%|████████▋ | 88/102 [37:15<05:36, 24.07s/it]
      10/50      19.6G      1.064     0.8334      1.162        952        640:  86%|████████▋ | 88/102 [37:38<05:36, 24.07s/it]
      10/50      19.6G      1.064     0.8334      1.162        952        640:  87%|████████▋ | 89/102 [37:38<05:07, 23.65s/it]
      10/50      19.6G      1.063     0.8336      1.163        783        640:  87%|████████▋ | 89/102 [38:03<05:07, 23.65s/it]
      10/50      19.6G      1.063     0.8336      1.163        783        640:  88%|████████▊ | 90/102 [38:03<04:48, 24.01s/it]
      10/50      19.6G      1.064     0.8331      1.163       1014        640:  88%|████████▊ | 90/102 [38:26<04:48, 24.01s/it]
      10/50      19.6G      1.064     0.8331      1.163       1014        640:  89%|████████▉ | 91/102 [38:26<04:22, 23.88s/it]
      10/50      19.6G      1.064     0.8334      1.163       1148        640:  89%|████████▉ | 91/102 [38:50<04:22, 23.88s/it]
      10/50      19.6G      1.064     0.8334      1.163       1148        640:  90%|█████████ | 92/102 [38:50<03:58, 23.88s/it]
      10/50      19.6G      1.064     0.8334      1.163        997        640:  90%|█████████ | 92/102 [39:16<03:58, 23.88s/it]
      10/50      19.6G      1.064     0.8334      1.163        997        640:  91%|█████████ | 93/102 [39:16<03:38, 24.30s/it]
      10/50      19.6G      1.064     0.8335      1.163       1027        640:  91%|█████████ | 93/102 [39:39<03:38, 24.30s/it]
      10/50      19.6G      1.064     0.8335      1.163       1027        640:  92%|█████████▏| 94/102 [39:39<03:12, 24.09s/it]
      10/50      19.6G      1.063     0.8332      1.163       1066        640:  92%|█████████▏| 94/102 [40:04<03:12, 24.09s/it]
      10/50      19.6G      1.063     0.8332      1.163       1066        640:  93%|█████████▎| 95/102 [40:04<02:50, 24.41s/it]
      10/50      19.6G      1.064     0.8333      1.163       1181        640:  93%|█████████▎| 95/102 [40:29<02:50, 24.41s/it]
      10/50      19.6G      1.064     0.8333      1.163       1181        640:  94%|█████████▍| 96/102 [40:29<02:26, 24.48s/it]
      10/50      19.6G      1.064     0.8331      1.164        830        640:  94%|█████████▍| 96/102 [40:53<02:26, 24.48s/it]
      10/50      19.6G      1.064     0.8331      1.164        830        640:  95%|█████████▌| 97/102 [40:53<02:01, 24.25s/it]
      10/50      19.6G      1.064     0.8325      1.164       1173        640:  95%|█████████▌| 97/102 [41:19<02:01, 24.25s/it]
      10/50      19.6G      1.064     0.8325      1.164       1173        640:  96%|█████████▌| 98/102 [41:19<01:39, 24.87s/it]
      10/50      19.6G      1.064     0.8323      1.164        978        640:  96%|█████████▌| 98/102 [41:42<01:39, 24.87s/it]
      10/50      19.6G      1.064     0.8323      1.164        978        640:  97%|█████████▋| 99/102 [41:42<01:12, 24.33s/it]
      10/50      19.6G      1.064     0.8322      1.164       1182        640:  97%|█████████▋| 99/102 [42:06<01:12, 24.33s/it]
      10/50      19.6G      1.064     0.8322      1.164       1182        640:  98%|█████████▊| 100/102 [42:06<00:48, 24.13s/it]
      10/50      19.6G      1.064     0.8321      1.164       1081        640:  98%|█████████▊| 100/102 [42:29<00:48, 24.13s/it]
      10/50      19.6G      1.064     0.8321      1.164       1081        640:  99%|█████████▉| 101/102 [42:29<00:24, 24.01s/it]
      10/50      19.6G      1.063     0.8309      1.164        182        640:  99%|█████████▉| 101/102 [42:35<00:24, 24.01s/it]
      10/50      19.6G      1.063     0.8309      1.164        182        640: 100%|██████████| 102/102 [42:35<00:00, 18.37s/it]
      10/50      19.6G      1.063     0.8309      1.164        182        640: 100%|██████████| 102/102 [42:35<00:00, 25.05s/it]

                 Class     Images  Instances      Box(P          R      mAP50  mAP50-95):   0%|          | 0/13 [00:00<?, ?it/s]
                 Class     Images  Instances      Box(P          R      mAP50  mAP50-95):   8%|▊         | 1/13 [00:00<00:03,  3.25it/s]
                 Class     Images  Instances      Box(P          R      mAP50  mAP50-95):  15%|█▌        | 2/13 [00:00<00:03,  3.22it/s]
                 Class     Images  Instances      Box(P          R      mAP50  mAP50-95):  23%|██▎       | 3/13 [00:00<00:02,  3.39it/s]
                 Class     Images  Instances      Box(P          R      mAP50  mAP50-95):  31%|███       | 4/13 [00:01<00:02,  3.48it/s]
                 Class     Images  Instances      Box(P          R      mAP50  mAP50-95):  38%|███▊      | 5/13 [02:29<07:09, 53.71s/it]
                 Class     Images  Instances      Box(P          R      mAP50  mAP50-95):  46%|████▌     | 6/13 [02:29<04:08, 35.54s/it]
                 Class     Images  Instances      Box(P          R      mAP50  mAP50-95):  54%|█████▍    | 7/13 [04:00<05:20, 53.42s/it]
                 Class     Images  Instances      Box(P          R      mAP50  mAP50-95):  62%|██████▏   | 8/13 [04:00<03:02, 36.51s/it]
                 Class     Images  Instances      Box(P          R      mAP50  mAP50-95):  69%|██████▉   | 9/13 [05:40<03:44, 56.24s/it]
                 Class     Images  Instances      Box(P          R      mAP50  mAP50-95):  77%|███████▋  | 10/13 [05:40<01:56, 38.96s/it]
                 Class     Images  Instances      Box(P          R      mAP50  mAP50-95):  85%|████████▍ | 11/13 [07:19<01:54, 57.26s/it]
                 Class     Images  Instances      Box(P          R      mAP50  mAP50-95):  92%|█████████▏| 12/13 [07:19<00:39, 39.93s/it]
                 Class     Images  Instances      Box(P          R      mAP50  mAP50-95): 100%|██████████| 13/13 [07:53<00:00, 38.10s/it]
                 Class     Images  Instances      Box(P          R      mAP50  mAP50-95): 100%|██████████| 13/13 [07:53<00:00, 36.40s/it]
                   all       1620      15401      0.702      0.409      0.453      0.274

      Epoch    GPU_mem   box_loss   cls_loss   dfl_loss  Instances       Size

  0%|          | 0/102 [00:00<?, ?it/s]
      11/50      15.7G      1.073     0.7714      1.127       1229        640:   0%|          | 0/102 [00:00<?, ?it/s]
      11/50      15.7G      1.073     0.7714      1.127       1229        640:   1%|          | 1/102 [00:00<00:17,  5.85it/s]
      11/50      16.6G      1.064     0.7987      1.121       1185        640:   1%|          | 1/102 [00:00<00:17,  5.85it/s]
      11/50      16.6G      1.064     0.7987      1.121       1185        640:   2%|▏         | 2/102 [00:00<00:16,  5.93it/s]
      11/50      17.3G      1.076      0.814      1.141       1107        640:   2%|▏         | 2/102 [00:56<00:16,  5.93it/s]
      11/50      17.3G      1.076      0.814      1.141       1107        640:   3%|▎         | 3/102 [00:56<42:17, 25.63s/it]
      11/50      17.3G      1.085     0.8262      1.151       1068        640:   3%|▎         | 3/102 [01:57<42:17, 25.63s/it]
      11/50      17.3G      1.085     0.8262      1.151       1068        640:   4%|▍         | 4/102 [01:57<1:04:35, 39.54s/it]
      11/50      17.3G       1.08     0.8236      1.149       1148        640:   4%|▍         | 4/102 [02:50<1:04:35, 39.54s/it]
      11/50      17.3G       1.08     0.8236      1.149       1148        640:   5%|▍         | 5/102 [02:50<1:11:54, 44.48s/it]
      11/50      17.3G      1.072     0.8196      1.148        924        640:   5%|▍         | 5/102 [03:40<1:11:54, 44.48s/it]
      11/50      17.3G      1.072     0.8196      1.148        924        640:   6%|▌         | 6/102 [03:40<1:14:14, 46.40s/it]
      11/50      17.3G      1.071     0.8136      1.152       1134        640:   6%|▌         | 6/102 [04:29<1:14:14, 46.40s/it]
      11/50      17.3G      1.071     0.8136      1.152       1134        640:   7%|▋         | 7/102 [04:29<1:14:51, 47.28s/it]
      11/50      17.3G      1.075     0.8152      1.153       1351        640:   7%|▋         | 7/102 [04:58<1:14:51, 47.28s/it]
      11/50      17.3G      1.075     0.8152      1.153       1351        640:   8%|▊         | 8/102 [04:58<1:05:06, 41.56s/it]
      11/50      17.3G      1.073     0.8117       1.15       1220        640:   8%|▊         | 8/102 [05:39<1:05:06, 41.56s/it]
      11/50      17.3G      1.073     0.8117       1.15       1220        640:   9%|▉         | 9/102 [05:39<1:03:45, 41.14s/it]
      11/50      17.3G      1.072     0.8109      1.151       1085        640:   9%|▉         | 9/102 [06:09<1:03:45, 41.14s/it]
      11/50      17.3G      1.072     0.8109      1.151       1085        640:  10%|▉         | 10/102 [06:09<58:06, 37.90s/it]
      11/50      17.3G      1.071     0.8145      1.152       1077        640:  10%|▉         | 10/102 [06:34<58:06, 37.90s/it]
      11/50      17.3G      1.071     0.8145      1.152       1077        640:  11%|█         | 11/102 [06:34<51:28, 33.94s/it]
      11/50      17.3G      1.073     0.8155      1.151       1256        640:  11%|█         | 11/102 [07:08<51:28, 33.94s/it]
      11/50      17.3G      1.073     0.8155      1.151       1256        640:  12%|█▏        | 12/102 [07:08<50:51, 33.91s/it]
      11/50      17.3G      1.074     0.8146      1.153       1127        640:  12%|█▏        | 12/102 [07:34<50:51, 33.91s/it]
      11/50      17.3G      1.074     0.8146      1.153       1127        640:  13%|█▎        | 13/102 [07:34<46:34, 31.39s/it]
      11/50      17.3G      1.072     0.8153      1.152       1156        640:  13%|█▎        | 13/102 [08:03<46:34, 31.39s/it]
      11/50      17.3G      1.072     0.8153      1.152       1156        640:  14%|█▎        | 14/102 [08:03<45:11, 30.81s/it]
      11/50      17.3G      1.072     0.8155      1.153       1289        640:  14%|█▎        | 14/102 [08:36<45:11, 30.81s/it]
      11/50      17.3G      1.072     0.8155      1.153       1289        640:  15%|█▍        | 15/102 [08:36<45:23, 31.30s/it]
      11/50      17.3G      1.072     0.8135      1.154       1148        640:  15%|█▍        | 15/102 [09:02<45:23, 31.30s/it]
      11/50      17.3G      1.072     0.8135      1.154       1148        640:  16%|█▌        | 16/102 [09:02<42:52, 29.91s/it]
      11/50      17.3G      1.071     0.8112      1.153       1188        640:  16%|█▌        | 16/102 [09:34<42:52, 29.91s/it]
      11/50      17.3G      1.071     0.8112      1.153       1188        640:  17%|█▋        | 17/102 [09:34<43:16, 30.55s/it]
      11/50      17.3G      1.072     0.8098      1.152       1218        640:  17%|█▋        | 17/102 [09:59<43:16, 30.55s/it]
      11/50      17.3G      1.072     0.8098      1.152       1218        640:  18%|█▊        | 18/102 [09:59<40:21, 28.83s/it]
      11/50      17.3G      1.071     0.8082      1.151       1248        640:  18%|█▊        | 18/102 [10:29<40:21, 28.83s/it]
      11/50      17.3G      1.071     0.8082      1.151       1248        640:  19%|█▊        | 19/102 [10:29<40:30, 29.28s/it]
      11/50      17.3G      1.069     0.8069       1.15       1139        640:  19%|█▊        | 19/102 [11:03<40:30, 29.28s/it]
      11/50      17.3G      1.069     0.8069       1.15       1139        640:  20%|█▉        | 20/102 [11:03<41:46, 30.57s/it]
      11/50      17.3G      1.067     0.8045      1.147       1319        640:  20%|█▉        | 20/102 [11:33<41:46, 30.57s/it]
      11/50      17.3G      1.067     0.8045      1.147       1319        640:  21%|██        | 21/102 [11:33<41:07, 30.47s/it]
      11/50      17.3G      1.067     0.8074      1.149       1039        640:  21%|██        | 21/102 [12:15<41:07, 30.47s/it]
      11/50      17.3G      1.067     0.8074      1.149       1039        640:  22%|██▏       | 22/102 [12:15<45:16, 33.95s/it]
      11/50      17.3G      1.068     0.8102       1.15       1145        640:  22%|██▏       | 22/102 [12:54<45:16, 33.95s/it]
      11/50      17.3G      1.068     0.8102       1.15       1145        640:  23%|██▎       | 23/102 [12:54<46:24, 35.25s/it]
      11/50      17.3G      1.068     0.8114      1.151        877        640:  23%|██▎       | 23/102 [13:21<46:24, 35.25s/it]
      11/50      17.3G      1.068     0.8114      1.151        877        640:  24%|██▎       | 24/102 [13:21<42:54, 33.01s/it]
      11/50      17.3G      1.066     0.8097      1.152       1076        640:  24%|██▎       | 24/102 [13:52<42:54, 33.01s/it]
      11/50      17.3G      1.066     0.8097      1.152       1076        640:  25%|██▍       | 25/102 [13:52<41:31, 32.35s/it]
      11/50      17.3G      1.064     0.8081      1.152        958        640:  25%|██▍       | 25/102 [14:31<41:31, 32.35s/it]
      11/50      17.3G      1.064     0.8081      1.152        958        640:  25%|██▌       | 26/102 [14:31<43:18, 34.19s/it]
      11/50      17.3G      1.065     0.8095      1.152       1138        640:  25%|██▌       | 26/102 [15:02<43:18, 34.19s/it]
      11/50      17.3G      1.065     0.8095      1.152       1138        640:  26%|██▋       | 27/102 [15:02<41:47, 33.44s/it]
      11/50      17.3G      1.061     0.8086      1.152        976        640:  26%|██▋       | 27/102 [15:33<41:47, 33.44s/it]
      11/50      17.3G      1.061     0.8086      1.152        976        640:  27%|██▋       | 28/102 [15:33<40:08, 32.55s/it]
      11/50      17.3G      1.061     0.8094      1.152       1111        640:  27%|██▋       | 28/102 [16:10<40:08, 32.55s/it]
      11/50      17.3G      1.061     0.8094      1.152       1111        640:  28%|██▊       | 29/102 [16:10<41:08, 33.81s/it]
      11/50      17.3G      1.059     0.8096      1.152       1161        640:  28%|██▊       | 29/102 [16:44<41:08, 33.81s/it]
      11/50      17.3G      1.059     0.8096      1.152       1161        640:  29%|██▉       | 30/102 [16:44<40:39, 33.89s/it]
      11/50      17.3G      1.058     0.8093      1.151       1092        640:  29%|██▉       | 30/102 [17:19<40:39, 33.89s/it]
      11/50      17.3G      1.058     0.8093      1.151       1092        640:  30%|███       | 31/102 [17:19<40:31, 34.24s/it]
      11/50      17.3G      1.058     0.8094      1.151       1041        640:  30%|███       | 31/102 [17:49<40:31, 34.24s/it]
      11/50      17.3G      1.058     0.8094      1.151       1041        640:  31%|███▏      | 32/102 [17:49<38:40, 33.15s/it]
      11/50      17.3G      1.058     0.8098      1.152       1166        640:  31%|███▏      | 32/102 [18:23<38:40, 33.15s/it]
      11/50      17.3G      1.058     0.8098      1.152       1166        640:  32%|███▏      | 33/102 [18:23<38:11, 33.21s/it]
      11/50      17.3G      1.058     0.8111      1.153        820        640:  32%|███▏      | 33/102 [18:59<38:11, 33.21s/it]
      11/50      17.3G      1.058     0.8111      1.153        820        640:  33%|███▎      | 34/102 [18:59<38:44, 34.18s/it]
      11/50      17.3G      1.057     0.8102      1.153        973        640:  33%|███▎      | 34/102 [19:32<38:44, 34.18s/it]
      11/50      17.3G      1.057     0.8102      1.153        973        640:  34%|███▍      | 35/102 [19:32<37:38, 33.70s/it]
      11/50      17.3G      1.057     0.8087      1.152       1103        640:  34%|███▍      | 35/102 [20:01<37:38, 33.70s/it]
      11/50      17.3G      1.057     0.8087      1.152       1103        640:  35%|███▌      | 36/102 [20:01<35:42, 32.47s/it]
      11/50      17.3G      1.057     0.8087      1.154        950        640:  35%|███▌      | 36/102 [20:39<35:42, 32.47s/it]
      11/50      17.3G      1.057     0.8087      1.154        950        640:  36%|███▋      | 37/102 [20:39<36:52, 34.04s/it]
      11/50      17.3G      1.055     0.8088      1.153        983        640:  36%|███▋      | 37/102 [21:06<36:52, 34.04s/it]
      11/50      17.3G      1.055     0.8088      1.153        983        640:  37%|███▋      | 38/102 [21:06<34:04, 31.95s/it]
      11/50      17.3G      1.055      0.808      1.153       1039        640:  37%|███▋      | 38/102 [21:42<34:04, 31.95s/it]
      11/50      17.3G      1.055      0.808      1.153       1039        640:  38%|███▊      | 39/102 [21:42<34:42, 33.06s/it]
      11/50      17.3G      1.055     0.8095      1.154       1286        640:  38%|███▊      | 39/102 [22:07<34:42, 33.06s/it]
      11/50      17.3G      1.055     0.8095      1.154       1286        640:  39%|███▉      | 40/102 [22:07<31:44, 30.72s/it]
      11/50      17.3G      1.055     0.8081      1.153       1050        640:  39%|███▉      | 40/102 [22:33<31:44, 30.72s/it]
      11/50      17.3G      1.055     0.8081      1.153       1050        640:  40%|████      | 41/102 [22:33<29:46, 29.28s/it]
      11/50      17.3G      1.054     0.8079      1.153       1001        640:  40%|████      | 41/102 [23:02<29:46, 29.28s/it]
      11/50      17.3G      1.054     0.8079      1.153       1001        640:  41%|████      | 42/102 [23:02<29:18, 29.32s/it]
      11/50      17.3G      1.053     0.8071      1.153       1063        640:  41%|████      | 42/102 [23:38<29:18, 29.32s/it]
      11/50      17.3G      1.053     0.8071      1.153       1063        640:  42%|████▏     | 43/102 [23:38<30:35, 31.11s/it]
      11/50      17.3G      1.053      0.808      1.153       1033        640:  42%|████▏     | 43/102 [24:04<30:35, 31.11s/it]
      11/50      17.3G      1.053      0.808      1.153       1033        640:  43%|████▎     | 44/102 [24:04<28:34, 29.55s/it]
      11/50      17.3G      1.053     0.8088      1.153        978        640:  43%|████▎     | 44/102 [24:38<28:34, 29.55s/it]
      11/50      17.3G      1.053     0.8088      1.153        978        640:  44%|████▍     | 45/102 [24:38<29:32, 31.09s/it]
      11/50      17.3G      1.054     0.8084      1.154       1174        640:  44%|████▍     | 45/102 [25:06<29:32, 31.09s/it]
      11/50      17.3G      1.054     0.8084      1.154       1174        640:  45%|████▌     | 46/102 [25:06<28:00, 30.01s/it]
      11/50      18.4G      1.055     0.8096      1.155       1115        640:  45%|████▌     | 46/102 [25:42<28:00, 30.01s/it]
      11/50      18.4G      1.055     0.8096      1.155       1115        640:  46%|████▌     | 47/102 [25:42<29:16, 31.94s/it]
      11/50      18.4G      1.056     0.8099      1.155       1129        640:  46%|████▌     | 47/102 [26:14<29:16, 31.94s/it]
      11/50      18.4G      1.056     0.8099      1.155       1129        640:  47%|████▋     | 48/102 [26:14<28:49, 32.03s/it]
      11/50      19.7G      1.056     0.8102      1.155       1146        640:  47%|████▋     | 48/102 [26:44<28:49, 32.03s/it]
      11/50      19.7G      1.056     0.8102      1.155       1146        640:  48%|████▊     | 49/102 [26:44<27:39, 31.32s/it]
      11/50      19.7G      1.057     0.8102      1.155       1112        640:  48%|████▊     | 49/102 [27:16<27:39, 31.32s/it]
      11/50      19.7G      1.057     0.8102      1.155       1112        640:  49%|████▉     | 50/102 [27:16<27:21, 31.56s/it]
      11/50      19.7G      1.057     0.8106      1.156       1163        640:  49%|████▉     | 50/102 [27:45<27:21, 31.56s/it]
      11/50      19.7G      1.057     0.8106      1.156       1163        640:  50%|█████     | 51/102 [27:45<26:09, 30.78s/it]
      11/50      19.7G      1.057     0.8119      1.156        925        640:  50%|█████     | 51/102 [28:14<26:09, 30.78s/it]
      11/50      19.7G      1.057     0.8119      1.156        925        640:  51%|█████     | 52/102 [28:14<25:17, 30.35s/it]
      11/50      19.7G      1.056     0.8118      1.156       1026        640:  51%|█████     | 52/102 [28:49<25:17, 30.35s/it]
      11/50      19.7G      1.056     0.8118      1.156       1026        640:  52%|█████▏    | 53/102 [28:49<25:46, 31.56s/it]
      11/50      19.7G      1.057     0.8124      1.156       1289        640:  52%|█████▏    | 53/102 [29:24<25:46, 31.56s/it]
      11/50      19.7G      1.057     0.8124      1.156       1289        640:  53%|█████▎    | 54/102 [29:24<26:11, 32.74s/it]
      11/50      19.7G      1.057     0.8131      1.155       1300        640:  53%|█████▎    | 54/102 [29:54<26:11, 32.74s/it]
      11/50      19.7G      1.057     0.8131      1.155       1300        640:  54%|█████▍    | 55/102 [29:54<24:53, 31.78s/it]
      11/50      19.7G      1.058     0.8136      1.155       1137        640:  54%|█████▍    | 55/102 [30:24<24:53, 31.78s/it]
      11/50      19.7G      1.058     0.8136      1.155       1137        640:  55%|█████▍    | 56/102 [30:24<23:58, 31.26s/it]
      11/50      19.7G      1.058     0.8138      1.155       1164        640:  55%|█████▍    | 56/102 [30:55<23:58, 31.26s/it]
      11/50      19.7G      1.058     0.8138      1.155       1164        640:  56%|█████▌    | 57/102 [30:55<23:19, 31.10s/it]
      11/50      19.7G      1.057     0.8136      1.156       1101        640:  56%|█████▌    | 57/102 [31:24<23:19, 31.10s/it]
      11/50      19.7G      1.057     0.8136      1.156       1101        640:  57%|█████▋    | 58/102 [31:24<22:22, 30.52s/it]
      11/50      19.7G      1.057     0.8142      1.156        995        640:  57%|█████▋    | 58/102 [31:55<22:22, 30.52s/it]
      11/50      19.7G      1.057     0.8142      1.156        995        640:  58%|█████▊    | 59/102 [31:55<21:54, 30.57s/it]
      11/50      19.7G      1.057     0.8131      1.155       1254        640:  58%|█████▊    | 59/102 [32:25<21:54, 30.57s/it]
      11/50      19.7G      1.057     0.8131      1.155       1254        640:  59%|█████▉    | 60/102 [32:25<21:24, 30.59s/it]
      11/50      19.7G      1.056     0.8124      1.155       1144        640:  59%|█████▉    | 60/102 [32:59<21:24, 30.59s/it]
      11/50      19.7G      1.056     0.8124      1.155       1144        640:  60%|█████▉    | 61/102 [32:59<21:35, 31.59s/it]
      11/50      19.7G      1.056     0.8123      1.155        958        640:  60%|█████▉    | 61/102 [33:25<21:35, 31.59s/it]
      11/50      19.7G      1.056     0.8123      1.155        958        640:  61%|██████    | 62/102 [33:25<19:53, 29.84s/it]
      11/50      19.7G      1.056     0.8127      1.155       1051        640:  61%|██████    | 62/102 [34:07<19:53, 29.84s/it]
      11/50      19.7G      1.056     0.8127      1.155       1051        640:  62%|██████▏   | 63/102 [34:07<21:52, 33.64s/it]
      11/50      19.7G      1.056     0.8131      1.155       1009        640:  62%|██████▏   | 63/102 [34:46<21:52, 33.64s/it]
      11/50      19.7G      1.056     0.8131      1.155       1009        640:  63%|██████▎   | 64/102 [34:46<22:17, 35.21s/it]
      11/50      19.7G      1.056     0.8128      1.155       1032        640:  63%|██████▎   | 64/102 [35:12<22:17, 35.21s/it]
      11/50      19.7G      1.056     0.8128      1.155       1032        640:  64%|██████▎   | 65/102 [35:12<20:02, 32.51s/it]
      11/50      19.7G      1.056     0.8134      1.155       1211        640:  64%|██████▎   | 65/102 [35:46<20:02, 32.51s/it]
      11/50      19.7G      1.056     0.8134      1.155       1211        640:  65%|██████▍   | 66/102 [35:46<19:44, 32.90s/it]
      11/50      19.7G      1.055     0.8126      1.155       1108        640:  65%|██████▍   | 66/102 [36:17<19:44, 32.90s/it]
      11/50      19.7G      1.055     0.8126      1.155       1108        640:  66%|██████▌   | 67/102 [36:17<18:45, 32.16s/it]
      11/50      19.7G      1.056      0.813      1.154       1230        640:  66%|██████▌   | 67/102 [36:50<18:45, 32.16s/it]
      11/50      19.7G      1.056      0.813      1.154       1230        640:  67%|██████▋   | 68/102 [36:50<18:25, 32.52s/it]
      11/50      19.7G      1.055     0.8126      1.154        997        640:  67%|██████▋   | 68/102 [37:21<18:25, 32.52s/it]
      11/50      19.7G      1.055     0.8126      1.154        997        640:  68%|██████▊   | 69/102 [37:21<17:40, 32.15s/it]
      11/50      19.7G      1.055     0.8127      1.154        933        640:  68%|██████▊   | 69/102 [37:50<17:40, 32.15s/it]
      11/50      19.7G      1.055     0.8127      1.154        933        640:  69%|██████▊   | 70/102 [37:50<16:30, 30.97s/it]
      11/50      19.7G      1.055     0.8132      1.155        806        640:  69%|██████▊   | 70/102 [38:20<16:30, 30.97s/it]
      11/50      19.7G      1.055     0.8132      1.155        806        640:  70%|██████▉   | 71/102 [38:20<15:53, 30.76s/it]
      11/50      19.7G      1.055     0.8136      1.155       1027        640:  70%|██████▉   | 71/102 [38:51<15:53, 30.76s/it]
      11/50      19.7G      1.055     0.8136      1.155       1027        640:  71%|███████   | 72/102 [38:51<15:26, 30.90s/it]
      11/50      19.7G      1.055     0.8132      1.155       1022        640:  71%|███████   | 72/102 [39:25<15:26, 30.90s/it]
      11/50      19.7G      1.055     0.8132      1.155       1022        640:  72%|███████▏  | 73/102 [39:25<15:26, 31.94s/it]
      11/50      19.7G      1.054     0.8132      1.155        974        640:  72%|███████▏  | 73/102 [39:51<15:26, 31.94s/it]
      11/50      19.7G      1.054     0.8132      1.155        974        640:  73%|███████▎  | 74/102 [39:51<14:01, 30.04s/it]
      11/50      19.7G      1.054     0.8129      1.155        929        640:  73%|███████▎  | 74/102 [40:27<14:01, 30.04s/it]
      11/50      19.7G      1.054     0.8129      1.155        929        640:  74%|███████▎  | 75/102 [40:27<14:20, 31.86s/it]
      11/50      19.7G      1.053     0.8127      1.155        936        640:  74%|███████▎  | 75/102 [40:57<14:20, 31.86s/it]
      11/50      19.7G      1.053     0.8127      1.155        936        640:  75%|███████▍  | 76/102 [40:57<13:32, 31.27s/it]
      11/50      19.7G      1.053     0.8132      1.155       1189        640:  75%|███████▍  | 76/102 [41:30<13:32, 31.27s/it]
      11/50      19.7G      1.053     0.8132      1.155       1189        640:  75%|███████▌  | 77/102 [41:30<13:14, 31.78s/it]
      11/50      19.7G      1.053     0.8144      1.156        975        640:  75%|███████▌  | 77/102 [41:55<13:14, 31.78s/it]
      11/50      19.7G      1.053     0.8144      1.156        975        640:  76%|███████▋  | 78/102 [41:55<11:53, 29.71s/it]
      11/50      19.7G      1.054     0.8143      1.156       1064        640:  76%|███████▋  | 78/102 [42:36<11:53, 29.71s/it]
      11/50      19.7G      1.054     0.8143      1.156       1064        640:  77%|███████▋  | 79/102 [42:36<12:39, 33.02s/it]
      11/50      19.7G      1.054      0.814      1.157       1059        640:  77%|███████▋  | 79/102 [43:04<12:39, 33.02s/it]
      11/50      19.7G      1.054      0.814      1.157       1059        640:  78%|███████▊  | 80/102 [43:04<11:38, 31.76s/it]
      11/50      19.7G      1.053     0.8142      1.156        964        640:  78%|███████▊  | 80/102 [43:36<11:38, 31.76s/it]
      11/50      19.7G      1.053     0.8142      1.156        964        640:  79%|███████▉  | 81/102 [43:36<11:06, 31.74s/it]
      11/50      19.7G      1.053     0.8143      1.156       1085        640:  79%|███████▉  | 81/102 [44:08<11:06, 31.74s/it]
      11/50      19.7G      1.053     0.8143      1.156       1085        640:  80%|████████  | 82/102 [44:08<10:35, 31.77s/it]
      11/50      19.7G      1.053     0.8151      1.156        968        640:  80%|████████  | 82/102 [44:41<10:35, 31.77s/it]
      11/50      19.7G      1.053     0.8151      1.156        968        640:  81%|████████▏ | 83/102 [44:41<10:13, 32.30s/it]
      11/50      19.7G      1.054     0.8154      1.156       1069        640:  81%|████████▏ | 83/102 [45:10<10:13, 32.30s/it]
      11/50      19.7G      1.054     0.8154      1.156       1069        640:  82%|████████▏ | 84/102 [45:10<09:19, 31.10s/it]
      11/50      19.7G      1.053     0.8157      1.156        944        640:  82%|████████▏ | 84/102 [45:40<09:19, 31.10s/it]
      11/50      19.7G      1.053     0.8157      1.156        944        640:  83%|████████▎ | 85/102 [45:40<08:45, 30.94s/it]
      11/50      19.7G      1.053     0.8168      1.157       1005        640:  83%|████████▎ | 85/102 [46:10<08:45, 30.94s/it]
      11/50      19.7G      1.053     0.8168      1.157       1005        640:  84%|████████▍ | 86/102 [46:10<08:09, 30.60s/it]
      11/50      19.7G      1.054     0.8178      1.157        984        640:  84%|████████▍ | 86/102 [46:40<08:09, 30.60s/it]
      11/50      19.7G      1.054     0.8178      1.157        984        640:  85%|████████▌ | 87/102 [46:40<07:34, 30.29s/it]
      11/50      19.7G      1.054     0.8183      1.157       1145        640:  85%|████████▌ | 87/102 [47:08<07:34, 30.29s/it]
      11/50      19.7G      1.054     0.8183      1.157       1145        640:  86%|████████▋ | 88/102 [47:08<06:56, 29.73s/it]
      11/50      19.7G      1.054     0.8183      1.157        995        640:  86%|████████▋ | 88/102 [47:40<06:56, 29.73s/it]
      11/50      19.7G      1.054     0.8183      1.157        995        640:  87%|████████▋ | 89/102 [47:40<06:33, 30.30s/it]
      11/50      19.7G      1.054     0.8186      1.157       1007        640:  87%|████████▋ | 89/102 [48:03<06:33, 30.30s/it]
      11/50      19.7G      1.054     0.8186      1.157       1007        640:  88%|████████▊ | 90/102 [48:03<05:39, 28.26s/it]
      11/50      19.7G      1.054     0.8192      1.157       1089        640:  88%|████████▊ | 90/102 [48:34<05:39, 28.26s/it]
      11/50      19.7G      1.054     0.8192      1.157       1089        640:  89%|████████▉ | 91/102 [48:34<05:20, 29.15s/it]
      11/50      19.7G      1.054     0.8193      1.157        913        640:  89%|████████▉ | 91/102 [49:04<05:20, 29.15s/it]
      11/50      19.7G      1.054     0.8193      1.157        913        640:  90%|█████████ | 92/102 [49:04<04:51, 29.19s/it]
      11/50      19.7G      1.054     0.8192      1.157       1038        640:  90%|█████████ | 92/102 [49:36<04:51, 29.19s/it]
      11/50      19.7G      1.054     0.8192      1.157       1038        640:  91%|█████████ | 93/102 [49:36<04:31, 30.13s/it]
      11/50      19.7G      1.054     0.8191      1.157       1037        640:  91%|█████████ | 93/102 [50:07<04:31, 30.13s/it]
      11/50      19.7G      1.054     0.8191      1.157       1037        640:  92%|█████████▏| 94/102 [50:07<04:02, 30.32s/it]
      11/50      19.7G      1.053     0.8184      1.157       1092        640:  92%|█████████▏| 94/102 [50:37<04:02, 30.32s/it]
      11/50      19.7G      1.053     0.8184      1.157       1092        640:  93%|█████████▎| 95/102 [50:37<03:31, 30.26s/it]
      11/50      19.7G      1.054     0.8186      1.157       1097        640:  93%|█████████▎| 95/102 [51:08<03:31, 30.26s/it]
      11/50      19.7G      1.054     0.8186      1.157       1097        640:  94%|█████████▍| 96/102 [51:08<03:02, 30.49s/it]
      11/50      19.7G      1.054     0.8185      1.157       1039        640:  94%|█████████▍| 96/102 [51:38<03:02, 30.49s/it]
      11/50      19.7G      1.054     0.8185      1.157       1039        640:  95%|█████████▌| 97/102 [51:38<02:32, 30.42s/it]
      11/50      19.7G      1.054     0.8181      1.157       1074        640:  95%|█████████▌| 97/102 [52:06<02:32, 30.42s/it]
      11/50      19.7G      1.054     0.8181      1.157       1074        640:  96%|█████████▌| 98/102 [52:06<01:58, 29.66s/it]
      11/50      19.7G      1.053      0.818      1.157       1030        640:  96%|█████████▌| 98/102 [52:36<01:58, 29.66s/it]
      11/50      19.7G      1.053      0.818      1.157       1030        640:  97%|█████████▋| 99/102 [52:36<01:28, 29.57s/it]
      11/50      19.7G      1.054     0.8185      1.157       1099        640:  97%|█████████▋| 99/102 [53:04<01:28, 29.57s/it]
      11/50      19.7G      1.054     0.8185      1.157       1099        640:  98%|█████████▊| 100/102 [53:04<00:58, 29.12s/it]
      11/50      19.7G      1.054     0.8192      1.158       1144        640:  98%|█████████▊| 100/102 [53:35<00:58, 29.12s/it]
      11/50      19.7G      1.054     0.8192      1.158       1144        640:  99%|█████████▉| 101/102 [53:35<00:29, 29.94s/it]
      11/50      19.7G      1.054     0.8186      1.158        255        640:  99%|█████████▉| 101/102 [53:41<00:29, 29.94s/it]
      11/50      19.7G      1.054     0.8186      1.158        255        640: 100%|██████████| 102/102 [53:41<00:00, 22.57s/it]
      11/50      19.7G      1.054     0.8186      1.158        255        640: 100%|██████████| 102/102 [53:41<00:00, 31.58s/it]

                 Class     Images  Instances      Box(P          R      mAP50  mAP50-95):   0%|          | 0/13 [00:00<?, ?it/s]
                 Class     Images  Instances      Box(P          R      mAP50  mAP50-95):   8%|▊         | 1/13 [00:00<00:03,  3.09it/s]
                 Class     Images  Instances      Box(P          R      mAP50  mAP50-95):  15%|█▌        | 2/13 [00:00<00:03,  3.06it/s]
                 Class     Images  Instances      Box(P          R      mAP50  mAP50-95):  23%|██▎       | 3/13 [00:00<00:03,  3.23it/s]
                 Class     Images  Instances      Box(P          R      mAP50  mAP50-95):  31%|███       | 4/13 [00:01<00:02,  3.25it/s]
                 Class     Images  Instances      Box(P          R      mAP50  mAP50-95):  38%|███▊      | 5/13 [02:40<07:40, 57.51s/it]
                 Class     Images  Instances      Box(P          R      mAP50  mAP50-95):  46%|████▌     | 6/13 [02:40<04:26, 38.06s/it]
                 Class     Images  Instances      Box(P          R      mAP50  mAP50-95):  54%|█████▍    | 7/13 [04:26<06:01, 60.19s/it]
                 Class     Images  Instances      Box(P          R      mAP50  mAP50-95):  62%|██████▏   | 8/13 [04:26<03:25, 41.13s/it]
                 Class     Images  Instances      Box(P          R      mAP50  mAP50-95):  69%|██████▉   | 9/13 [06:20<04:15, 63.93s/it]
                 Class     Images  Instances      Box(P          R      mAP50  mAP50-95):  77%|███████▋  | 10/13 [06:20<02:12, 44.28s/it]
                 Class     Images  Instances      Box(P          R      mAP50  mAP50-95):  85%|████████▍ | 11/13 [08:16<02:12, 66.17s/it]
                 Class     Images  Instances      Box(P          R      mAP50  mAP50-95):  92%|█████████▏| 12/13 [08:16<00:46, 46.13s/it]
                 Class     Images  Instances      Box(P          R      mAP50  mAP50-95): 100%|██████████| 13/13 [08:58<00:00, 44.63s/it]
                 Class     Images  Instances      Box(P          R      mAP50  mAP50-95): 100%|██████████| 13/13 [08:58<00:00, 41.40s/it]
                   all       1620      15401       0.61      0.422      0.453      0.269

      Epoch    GPU_mem   box_loss   cls_loss   dfl_loss  Instances       Size

  0%|          | 0/102 [00:00<?, ?it/s]
      12/50      16.4G      1.115     0.8438      1.203        949        640:   0%|          | 0/102 [00:00<?, ?it/s]
      12/50      16.4G      1.115     0.8438      1.203        949        640:   1%|          | 1/102 [00:00<00:17,  5.83it/s]
      12/50      17.1G      1.086     0.8358      1.176       1257        640:   1%|          | 1/102 [00:00<00:17,  5.83it/s]
      12/50      17.1G      1.086     0.8358      1.176       1257        640:   2%|▏         | 2/102 [00:00<00:16,  5.95it/s]
      12/50      17.1G      1.097     0.8531       1.18       1207        640:   2%|▏         | 2/102 [01:14<00:16,  5.95it/s]
      12/50      17.1G      1.097     0.8531       1.18       1207        640:   3%|▎         | 3/102 [01:14<56:08, 34.02s/it]
      12/50      17.1G      1.082     0.8462      1.186        945        640:   3%|▎         | 3/102 [02:22<56:08, 34.02s/it]
      12/50      17.1G      1.082     0.8462      1.186        945        640:   4%|▍         | 4/102 [02:22<1:17:37, 47.52s/it]
      12/50      17.1G      1.077     0.8485      1.179       1205        640:   4%|▍         | 4/102 [03:24<1:17:37, 47.52s/it]
      12/50      17.1G      1.077     0.8485      1.179       1205        640:   5%|▍         | 5/102 [03:24<1:25:15, 52.73s/it]
      12/50      17.1G      1.073     0.8454      1.178       1087        640:   5%|▍         | 5/102 [04:17<1:25:15, 52.73s/it]
      12/50      17.1G      1.073     0.8454      1.178       1087        640:   6%|▌         | 6/102 [04:17<1:24:36, 52.88s/it]
      12/50      17.1G      1.069     0.8433      1.176       1135        640:   6%|▌         | 6/102 [04:57<1:24:36, 52.88s/it]
      12/50      17.1G      1.069     0.8433      1.176       1135        640:   7%|▋         | 7/102 [04:57<1:16:59, 48.63s/it]
      12/50      17.1G      1.062     0.8368      1.171       1085        640:   7%|▋         | 7/102 [05:31<1:16:59, 48.63s/it]
      12/50      17.1G      1.062     0.8368      1.171       1085        640:   8%|▊         | 8/102 [05:31<1:08:55, 44.00s/it]
      12/50      17.1G      1.061     0.8367      1.168       1146        640:   8%|▊         | 8/102 [06:01<1:08:55, 44.00s/it]
      12/50      17.1G      1.061     0.8367      1.168       1146        640:   9%|▉         | 9/102 [06:01<1:01:19, 39.57s/it]
      12/50      17.1G      1.055     0.8302      1.163       1047        640:   9%|▉         | 9/102 [06:33<1:01:19, 39.57s/it]
      12/50      17.1G      1.055     0.8302      1.163       1047        640:  10%|▉         | 10/102 [06:33<57:06, 37.24s/it]
      12/50      17.1G      1.056     0.8273      1.164       1111        640:  10%|▉         | 10/102 [07:05<57:06, 37.24s/it]
      12/50      17.1G      1.056     0.8273      1.164       1111        640:  11%|█         | 11/102 [07:05<54:02, 35.63s/it]
      12/50      17.1G      1.055     0.8268      1.165       1061        640:  11%|█         | 11/102 [07:38<54:02, 35.63s/it]
      12/50      17.1G      1.055     0.8268      1.165       1061        640:  12%|█▏        | 12/102 [07:38<52:01, 34.68s/it]
      12/50      17.1G      1.054     0.8267      1.165        987        640:  12%|█▏        | 12/102 [08:10<52:01, 34.68s/it]
      12/50      17.1G      1.054     0.8267      1.165        987        640:  13%|█▎        | 13/102 [08:10<50:22, 33.96s/it]
      12/50      17.1G      1.053     0.8264      1.163       1228        640:  13%|█▎        | 13/102 [08:41<50:22, 33.96s/it]
      12/50      17.1G      1.053     0.8264      1.163       1228        640:  14%|█▎        | 14/102 [08:41<48:30, 33.07s/it]
      12/50        18G      1.057     0.8259      1.163       1167        640:  14%|█▎        | 14/102 [09:17<48:30, 33.07s/it]
      12/50        18G      1.057     0.8259      1.163       1167        640:  15%|█▍        | 15/102 [09:17<49:22, 34.05s/it]
      12/50        18G      1.055     0.8267      1.163        904        640:  15%|█▍        | 15/102 [09:53<49:22, 34.05s/it]
      12/50        18G      1.055     0.8267      1.163        904        640:  16%|█▌        | 16/102 [09:53<49:39, 34.65s/it]
      12/50        18G      1.052     0.8234      1.161       1089        640:  16%|█▌        | 16/102 [10:24<49:39, 34.65s/it]
      12/50        18G      1.052     0.8234      1.161       1089        640:  17%|█▋        | 17/102 [10:24<47:11, 33.31s/it]
      12/50        18G      1.052      0.819       1.16       1164        640:  17%|█▋        | 17/102 [10:54<47:11, 33.31s/it]
      12/50        18G      1.052      0.819       1.16       1164        640:  18%|█▊        | 18/102 [10:54<45:15, 32.33s/it]
      12/50        18G      1.053     0.8179      1.159       1071        640:  18%|█▊        | 18/102 [11:24<45:15, 32.33s/it]
      12/50        18G      1.053     0.8179      1.159       1071        640:  19%|█▊        | 19/102 [11:24<43:43, 31.61s/it]
      12/50        18G      1.051     0.8151      1.158       1204        640:  19%|█▊        | 19/102 [11:55<43:43, 31.61s/it]
      12/50        18G      1.051     0.8151      1.158       1204        640:  20%|█▉        | 20/102 [11:55<42:56, 31.42s/it]
      12/50        18G      1.049     0.8135      1.157       1112        640:  20%|█▉        | 20/102 [12:24<42:56, 31.42s/it]
      12/50        18G      1.049     0.8135      1.157       1112        640:  21%|██        | 21/102 [12:24<41:34, 30.80s/it]
      12/50        18G      1.048     0.8121      1.156       1134        640:  21%|██        | 21/102 [12:56<41:34, 30.80s/it]
      12/50        18G      1.048     0.8121      1.156       1134        640:  22%|██▏       | 22/102 [12:56<41:32, 31.16s/it]
      12/50        18G      1.049      0.813      1.157        942        640:  22%|██▏       | 22/102 [13:28<41:32, 31.16s/it]
      12/50        18G      1.049      0.813      1.157        942        640:  23%|██▎       | 23/102 [13:28<41:13, 31.31s/it]
      12/50        18G      1.047     0.8113      1.154       1173        640:  23%|██▎       | 23/102 [14:00<41:13, 31.31s/it]
      12/50        18G      1.047     0.8113      1.154       1173        640:  24%|██▎       | 24/102 [14:00<41:03, 31.59s/it]
      12/50        18G      1.045     0.8109      1.154       1134        640:  24%|██▎       | 24/102 [14:30<41:03, 31.59s/it]
      12/50        18G      1.045     0.8109      1.154       1134        640:  25%|██▍       | 25/102 [14:30<39:59, 31.17s/it]
      12/50        18G      1.046     0.8106      1.154       1190        640:  25%|██▍       | 25/102 [14:55<39:59, 31.17s/it]
      12/50        18G      1.046     0.8106      1.154       1190        640:  25%|██▌       | 26/102 [14:55<37:04, 29.27s/it]
      12/50        18G      1.043      0.808      1.153       1057        640:  25%|██▌       | 26/102 [15:24<37:04, 29.27s/it]
      12/50        18G      1.043      0.808      1.153       1057        640:  26%|██▋       | 27/102 [15:24<36:32, 29.23s/it]
      12/50        18G      1.042     0.8085      1.152       1189        640:  26%|██▋       | 27/102 [15:54<36:32, 29.23s/it]
      12/50        18G      1.042     0.8085      1.152       1189        640:  27%|██▋       | 28/102 [15:54<36:27, 29.56s/it]
      12/50        18G      1.042     0.8056      1.152       1113        640:  27%|██▋       | 28/102 [16:24<36:27, 29.56s/it]
      12/50        18G      1.042     0.8056      1.152       1113        640:  28%|██▊       | 29/102 [16:24<35:50, 29.47s/it]
      12/50        18G      1.041     0.8041      1.151        947        640:  28%|██▊       | 29/102 [16:52<35:50, 29.47s/it]
      12/50        18G      1.041     0.8041      1.151        947        640:  29%|██▉       | 30/102 [16:52<34:52, 29.07s/it]
      12/50        18G      1.038     0.8036      1.151        962        640:  29%|██▉       | 30/102 [17:21<34:52, 29.07s/it]
      12/50        18G      1.038     0.8036      1.151        962        640:  30%|███       | 31/102 [17:21<34:33, 29.21s/it]
      12/50        18G       1.04     0.8055      1.151       1122        640:  30%|███       | 31/102 [17:50<34:33, 29.21s/it]
      12/50        18G       1.04     0.8055      1.151       1122        640:  31%|███▏      | 32/102 [17:50<33:52, 29.03s/it]
      12/50        18G       1.04     0.8048      1.151       1044        640:  31%|███▏      | 32/102 [18:19<33:52, 29.03s/it]
      12/50        18G       1.04     0.8048      1.151       1044        640:  32%|███▏      | 33/102 [18:19<33:17, 28.94s/it]
      12/50        18G       1.04     0.8052      1.151       1111        640:  32%|███▏      | 33/102 [18:44<33:17, 28.94s/it]
      12/50        18G       1.04     0.8052      1.151       1111        640:  33%|███▎      | 34/102 [18:44<31:41, 27.96s/it]
      12/50        18G       1.04     0.8061      1.151       1062        640:  33%|███▎      | 34/102 [19:14<31:41, 27.96s/it]
      12/50        18G       1.04     0.8061      1.151       1062        640:  34%|███▍      | 35/102 [19:14<31:38, 28.34s/it]
      12/50        19G      1.042     0.8093      1.153       1229        640:  34%|███▍      | 35/102 [19:43<31:38, 28.34s/it]
      12/50        19G      1.042     0.8093      1.153       1229        640:  35%|███▌      | 36/102 [19:43<31:27, 28.60s/it]
      12/50        19G       1.04     0.8088      1.153        989        640:  35%|███▌      | 36/102 [20:12<31:27, 28.60s/it]
      12/50        19G       1.04     0.8088      1.153        989        640:  36%|███▋      | 37/102 [20:12<31:16, 28.87s/it]
      12/50        19G       1.04     0.8085      1.153       1197        640:  36%|███▋      | 37/102 [20:43<31:16, 28.87s/it]
      12/50        19G       1.04     0.8085      1.153       1197        640:  37%|███▋      | 38/102 [20:43<31:30, 29.53s/it]
      12/50        19G      1.039     0.8061      1.152       1000        640:  37%|███▋      | 38/102 [21:12<31:30, 29.53s/it]
      12/50        19G      1.039     0.8061      1.152       1000        640:  38%|███▊      | 39/102 [21:12<30:51, 29.39s/it]
      12/50        19G       1.04      0.806      1.151       1252        640:  38%|███▊      | 39/102 [21:45<30:51, 29.39s/it]
      12/50        19G       1.04      0.806      1.151       1252        640:  39%|███▉      | 40/102 [21:45<31:20, 30.32s/it]
      12/50        19G      1.041     0.8055      1.152       1171        640:  39%|███▉      | 40/102 [22:17<31:20, 30.32s/it]
      12/50        19G      1.041     0.8055      1.152       1171        640:  40%|████      | 41/102 [22:17<31:25, 30.91s/it]
      12/50        19G      1.041     0.8048      1.152       1227        640:  40%|████      | 41/102 [22:47<31:25, 30.91s/it]
      12/50        19G      1.041     0.8048      1.152       1227        640:  41%|████      | 42/102 [22:47<30:34, 30.58s/it]
      12/50        19G      1.042      0.806      1.152       1114        640:  41%|████      | 42/102 [23:11<30:34, 30.58s/it]
      12/50        19G      1.042      0.806      1.152       1114        640:  42%|████▏     | 43/102 [23:11<28:03, 28.54s/it]
      12/50        19G      1.042     0.8051      1.152       1131        640:  42%|████▏     | 43/102 [23:38<28:03, 28.54s/it]
      12/50        19G      1.042     0.8051      1.152       1131        640:  43%|████▎     | 44/102 [23:38<27:10, 28.12s/it]
      12/50        19G      1.043     0.8041      1.151       1176        640:  43%|████▎     | 44/102 [24:10<27:10, 28.12s/it]
      12/50        19G      1.043     0.8041      1.151       1176        640:  44%|████▍     | 45/102 [24:10<27:45, 29.22s/it]
      12/50        19G      1.042     0.8043      1.151       1081        640:  44%|████▍     | 45/102 [24:33<27:45, 29.22s/it]
      12/50        19G      1.042     0.8043      1.151       1081        640:  45%|████▌     | 46/102 [24:33<25:34, 27.41s/it]
      12/50        19G      1.043     0.8038      1.151       1330        640:  45%|████▌     | 46/102 [24:56<25:34, 27.41s/it]
      12/50        19G      1.043     0.8038      1.151       1330        640:  46%|████▌     | 47/102 [24:56<23:51, 26.03s/it]
      12/50        19G      1.042     0.8026       1.15       1061        640:  46%|████▌     | 47/102 [25:31<23:51, 26.03s/it]
      12/50        19G      1.042     0.8026       1.15       1061        640:  47%|████▋     | 48/102 [25:31<25:53, 28.77s/it]
      12/50        19G      1.042     0.8038      1.152        864        640:  47%|████▋     | 48/102 [25:56<25:53, 28.77s/it]
      12/50        19G      1.042     0.8038      1.152        864        640:  48%|████▊     | 49/102 [25:56<24:33, 27.81s/it]
      12/50        19G      1.041     0.8034      1.151        963        640:  48%|████▊     | 49/102 [26:24<24:33, 27.81s/it]
      12/50        19G      1.041     0.8034      1.151        963        640:  49%|████▉     | 50/102 [26:24<23:57, 27.65s/it]
      12/50        19G       1.04     0.8027      1.151       1166        640:  49%|████▉     | 50/102 [26:52<23:57, 27.65s/it]
      12/50        19G       1.04     0.8027      1.151       1166        640:  50%|█████     | 51/102 [26:52<23:47, 27.98s/it]
      12/50        19G       1.04     0.8025      1.151        993        640:  50%|█████     | 51/102 [27:21<23:47, 27.98s/it]
      12/50        19G       1.04     0.8025      1.151        993        640:  51%|█████     | 52/102 [27:21<23:30, 28.20s/it]
      12/50        19G      1.041     0.8032      1.151       1324        640:  51%|█████     | 52/102 [27:50<23:30, 28.20s/it]
      12/50        19G      1.041     0.8032      1.151       1324        640:  52%|█████▏    | 53/102 [27:50<23:15, 28.48s/it]
      12/50        19G       1.04     0.8035      1.151       1043        640:  52%|█████▏    | 53/102 [28:20<23:15, 28.48s/it]
      12/50        19G       1.04     0.8035      1.151       1043        640:  53%|█████▎    | 54/102 [28:20<23:03, 28.83s/it]
      12/50        19G       1.04     0.8034      1.151       1104        640:  53%|█████▎    | 54/102 [28:48<23:03, 28.83s/it]
      12/50        19G       1.04     0.8034      1.151       1104        640:  54%|█████▍    | 55/102 [28:48<22:31, 28.75s/it]
      12/50        19G      1.039     0.8019       1.15       1039        640:  54%|█████▍    | 55/102 [29:18<22:31, 28.75s/it]
      12/50        19G      1.039     0.8019       1.15       1039        640:  55%|█████▍    | 56/102 [29:18<22:14, 29.02s/it]
      12/50        19G      1.038     0.8015       1.15       1157        640:  55%|█████▍    | 56/102 [29:48<22:14, 29.02s/it]
      12/50        19G      1.038     0.8015       1.15       1157        640:  56%|█████▌    | 57/102 [29:48<21:50, 29.13s/it]
      12/50        19G      1.038      0.802       1.15       1189        640:  56%|█████▌    | 57/102 [30:17<21:50, 29.13s/it]
      12/50        19G      1.038      0.802       1.15       1189        640:  57%|█████▋    | 58/102 [30:17<21:29, 29.31s/it]
      12/50        19G      1.039      0.802      1.149       1157        640:  57%|█████▋    | 58/102 [30:48<21:29, 29.31s/it]
      12/50        19G      1.039      0.802      1.149       1157        640:  58%|█████▊    | 59/102 [30:48<21:15, 29.67s/it]
      12/50        19G      1.039      0.801      1.149       1207        640:  58%|█████▊    | 59/102 [31:12<21:15, 29.67s/it]
      12/50        19G      1.039      0.801      1.149       1207        640:  59%|█████▉    | 60/102 [31:12<19:40, 28.10s/it]
      12/50        19G      1.039     0.8015      1.148       1004        640:  59%|█████▉    | 60/102 [31:44<19:40, 28.10s/it]
      12/50        19G      1.039     0.8015      1.148       1004        640:  60%|█████▉    | 61/102 [31:44<19:54, 29.15s/it]
      12/50        19G      1.038     0.8013      1.148        974        640:  60%|█████▉    | 61/102 [32:17<19:54, 29.15s/it]
      12/50        19G      1.038     0.8013      1.148        974        640:  61%|██████    | 62/102 [32:17<20:16, 30.41s/it]
      12/50        19G      1.038     0.8012      1.147       1269        640:  61%|██████    | 62/102 [32:43<20:16, 30.41s/it]
      12/50        19G      1.038     0.8012      1.147       1269        640:  62%|██████▏   | 63/102 [32:43<18:54, 29.09s/it]
      12/50        19G      1.038     0.8007      1.147        978        640:  62%|██████▏   | 63/102 [33:16<18:54, 29.09s/it]
      12/50        19G      1.038     0.8007      1.147        978        640:  63%|██████▎   | 64/102 [33:16<19:10, 30.28s/it]
      12/50        19G      1.038     0.8013      1.147       1025        640:  63%|██████▎   | 64/102 [33:44<19:10, 30.28s/it]
      12/50        19G      1.038     0.8013      1.147       1025        640:  64%|██████▎   | 65/102 [33:44<18:10, 29.48s/it]
      12/50        19G      1.038     0.8017      1.147       1016        640:  64%|██████▎   | 65/102 [34:13<18:10, 29.48s/it]
      12/50        19G      1.038     0.8017      1.147       1016        640:  65%|██████▍   | 66/102 [34:13<17:36, 29.35s/it]
      12/50        19G      1.039     0.8017      1.147       1073        640:  65%|██████▍   | 66/102 [34:42<17:36, 29.35s/it]
      12/50        19G      1.039     0.8017      1.147       1073        640:  66%|██████▌   | 67/102 [34:42<17:06, 29.31s/it]
      12/50        19G      1.038     0.8008      1.147       1013        640:  66%|██████▌   | 67/102 [35:13<17:06, 29.31s/it]
      12/50        19G      1.038     0.8008      1.147       1013        640:  67%|██████▋   | 68/102 [35:13<16:48, 29.65s/it]
      12/50        19G      1.039     0.8014      1.148       1123        640:  67%|██████▋   | 68/102 [35:42<16:48, 29.65s/it]
      12/50        19G      1.039     0.8014      1.148       1123        640:  68%|██████▊   | 69/102 [35:42<16:18, 29.66s/it]
      12/50        19G      1.039     0.8024      1.148       1126        640:  68%|██████▊   | 69/102 [36:10<16:18, 29.66s/it]
      12/50        19G      1.039     0.8024      1.148       1126        640:  69%|██████▊   | 70/102 [36:10<15:30, 29.07s/it]
      12/50        19G       1.04     0.8028      1.148       1082        640:  69%|██████▊   | 70/102 [36:38<15:30, 29.07s/it]
      12/50        19G       1.04     0.8028      1.148       1082        640:  70%|██████▉   | 71/102 [36:38<14:52, 28.80s/it]
      12/50        19G       1.04     0.8024      1.148        963        640:  70%|██████▉   | 71/102 [37:07<14:52, 28.80s/it]
      12/50        19G       1.04     0.8024      1.148        963        640:  71%|███████   | 72/102 [37:07<14:25, 28.83s/it]
      12/50        19G      1.039     0.8017      1.148       1091        640:  71%|███████   | 72/102 [37:36<14:25, 28.83s/it]
      12/50        19G      1.039     0.8017      1.148       1091        640:  72%|███████▏  | 73/102 [37:36<13:54, 28.79s/it]
      12/50        19G      1.039     0.8012      1.148       1096        640:  72%|███████▏  | 73/102 [38:06<13:54, 28.79s/it]
      12/50        19G      1.039     0.8012      1.148       1096        640:  73%|███████▎  | 74/102 [38:06<13:36, 29.15s/it]
      12/50        19G      1.039     0.8013      1.148       1036        640:  73%|███████▎  | 74/102 [38:37<13:36, 29.15s/it]
      12/50        19G      1.039     0.8013      1.148       1036        640:  74%|███████▎  | 75/102 [38:37<13:20, 29.66s/it]
      12/50        19G      1.039     0.8015      1.148       1042        640:  74%|███████▎  | 75/102 [39:05<13:20, 29.66s/it]
      12/50        19G      1.039     0.8015      1.148       1042        640:  75%|███████▍  | 76/102 [39:05<12:42, 29.32s/it]
      12/50        19G      1.039     0.8014      1.148       1089        640:  75%|███████▍  | 76/102 [39:37<12:42, 29.32s/it]
      12/50        19G      1.039     0.8014      1.148       1089        640:  75%|███████▌  | 77/102 [39:37<12:35, 30.20s/it]
      12/50        19G      1.039     0.8013      1.148       1091        640:  75%|███████▌  | 77/102 [40:06<12:35, 30.20s/it]
      12/50        19G      1.039     0.8013      1.148       1091        640:  76%|███████▋  | 78/102 [40:06<11:53, 29.74s/it]
      12/50        19G       1.04     0.8018      1.148        922        640:  76%|███████▋  | 78/102 [40:37<11:53, 29.74s/it]
      12/50        19G       1.04     0.8018      1.148        922        640:  77%|███████▋  | 79/102 [40:37<11:35, 30.26s/it]
      12/50        19G       1.04     0.8018      1.148       1050        640:  77%|███████▋  | 79/102 [41:03<11:35, 30.26s/it]
      12/50        19G       1.04     0.8018      1.148       1050        640:  78%|███████▊  | 80/102 [41:03<10:37, 28.97s/it]
      12/50        19G      1.039     0.8013      1.148       1152        640:  78%|███████▊  | 80/102 [41:35<10:37, 28.97s/it]
      12/50        19G      1.039     0.8013      1.148       1152        640:  79%|███████▉  | 81/102 [41:35<10:26, 29.81s/it]
      12/50        19G      1.038     0.8008      1.148       1008        640:  79%|███████▉  | 81/102 [42:03<10:26, 29.81s/it]
      12/50        19G      1.038     0.8008      1.148       1008        640:  80%|████████  | 82/102 [42:03<09:45, 29.27s/it]
      12/50        19G      1.038     0.8014      1.148       1280        640:  80%|████████  | 82/102 [42:35<09:45, 29.27s/it]
      12/50        19G      1.038     0.8014      1.148       1280        640:  81%|████████▏ | 83/102 [42:35<09:30, 30.03s/it]
      12/50        19G      1.038     0.8022      1.148        962        640:  81%|████████▏ | 83/102 [43:03<09:30, 30.03s/it]
      12/50        19G      1.038     0.8022      1.148        962        640:  82%|████████▏ | 84/102 [43:03<08:48, 29.34s/it]
      12/50        19G      1.038     0.8019      1.148        996        640:  82%|████████▏ | 84/102 [43:36<08:48, 29.34s/it]
      12/50        19G      1.038     0.8019      1.148        996        640:  83%|████████▎ | 85/102 [43:36<08:38, 30.51s/it]
      12/50        19G      1.038     0.8014      1.148       1101        640:  83%|████████▎ | 85/102 [44:04<08:38, 30.51s/it]
      12/50        19G      1.038     0.8014      1.148       1101        640:  84%|████████▍ | 86/102 [44:04<07:55, 29.72s/it]
      12/50        19G      1.038     0.8012      1.148        974        640:  84%|████████▍ | 86/102 [44:28<07:55, 29.72s/it]
      12/50        19G      1.038     0.8012      1.148        974        640:  85%|████████▌ | 87/102 [44:28<07:01, 28.07s/it]
      12/50        19G      1.037     0.8013      1.148        991        640:  85%|████████▌ | 87/102 [45:01<07:01, 28.07s/it]
      12/50        19G      1.037     0.8013      1.148        991        640:  86%|████████▋ | 88/102 [45:01<06:52, 29.46s/it]
      12/50        19G      1.038     0.8012      1.148       1003        640:  86%|████████▋ | 88/102 [45:29<06:52, 29.46s/it]
      12/50        19G      1.038     0.8012      1.148       1003        640:  87%|████████▋ | 89/102 [45:29<06:16, 28.97s/it]
      12/50        19G      1.037     0.8009      1.148        984        640:  87%|████████▋ | 89/102 [45:57<06:16, 28.97s/it]
      12/50        19G      1.037     0.8009      1.148        984        640:  88%|████████▊ | 90/102 [45:57<05:46, 28.90s/it]
      12/50        19G      1.037     0.8005      1.148       1220        640:  88%|████████▊ | 90/102 [46:27<05:46, 28.90s/it]
      12/50        19G      1.037     0.8005      1.148       1220        640:  89%|████████▉ | 91/102 [46:27<05:19, 29.02s/it]
      12/50        19G      1.037     0.8003      1.148       1198        640:  89%|████████▉ | 91/102 [46:59<05:19, 29.02s/it]
      12/50        19G      1.037     0.8003      1.148       1198        640:  90%|█████████ | 92/102 [46:59<04:59, 29.96s/it]
      12/50        19G      1.037     0.8005      1.148       1004        640:  90%|█████████ | 92/102 [47:25<04:59, 29.96s/it]
      12/50        19G      1.037     0.8005      1.148       1004        640:  91%|█████████ | 93/102 [47:25<04:18, 28.73s/it]
      12/50        19G      1.037     0.8004      1.148       1197        640:  91%|█████████ | 93/102 [47:53<04:18, 28.73s/it]
      12/50        19G      1.037     0.8004      1.148       1197        640:  92%|█████████▏| 94/102 [47:53<03:49, 28.64s/it]
      12/50        19G      1.038     0.8012      1.148       1103        640:  92%|█████████▏| 94/102 [48:20<03:49, 28.64s/it]
      12/50        19G      1.038     0.8012      1.148       1103        640:  93%|█████████▎| 95/102 [48:20<03:17, 28.23s/it]
      12/50        19G      1.037     0.8011      1.148        910        640:  93%|█████████▎| 95/102 [48:52<03:17, 28.23s/it]
      12/50        19G      1.037     0.8011      1.148        910        640:  94%|█████████▍| 96/102 [48:52<02:55, 29.18s/it]
      12/50        19G      1.038     0.8015      1.148       1014        640:  94%|█████████▍| 96/102 [49:18<02:55, 29.18s/it]
      12/50        19G      1.038     0.8015      1.148       1014        640:  95%|█████████▌| 97/102 [49:18<02:21, 28.24s/it]
      12/50        19G      1.037     0.8015      1.148        938        640:  95%|█████████▌| 97/102 [49:48<02:21, 28.24s/it]
      12/50        19G      1.037     0.8015      1.148        938        640:  96%|█████████▌| 98/102 [49:48<01:55, 28.84s/it]
      12/50        19G      1.038     0.8019      1.149       1048        640:  96%|█████████▌| 98/102 [50:19<01:55, 28.84s/it]
      12/50        19G      1.038     0.8019      1.149       1048        640:  97%|█████████▋| 99/102 [50:19<01:28, 29.46s/it]
      12/50        19G      1.039     0.8025      1.149       1124        640:  97%|█████████▋| 99/102 [50:48<01:28, 29.46s/it]
      12/50        19G      1.039     0.8025      1.149       1124        640:  98%|█████████▊| 100/102 [50:48<00:58, 29.29s/it]
      12/50        19G      1.039     0.8028      1.149       1075        640:  98%|█████████▊| 100/102 [51:20<00:58, 29.29s/it]
      12/50        19G      1.039     0.8028      1.149       1075        640:  99%|█████████▉| 101/102 [51:20<00:30, 30.17s/it]
      12/50        19G      1.039     0.8032      1.149        269        640:  99%|█████████▉| 101/102 [51:27<00:30, 30.17s/it]
      12/50        19G      1.039     0.8032      1.149        269        640: 100%|██████████| 102/102 [51:27<00:00, 23.06s/it]
      12/50        19G      1.039     0.8032      1.149        269        640: 100%|██████████| 102/102 [51:27<00:00, 30.26s/it]

                 Class     Images  Instances      Box(P          R      mAP50  mAP50-95):   0%|          | 0/13 [00:00<?, ?it/s]
                 Class     Images  Instances      Box(P          R      mAP50  mAP50-95):   8%|▊         | 1/13 [00:00<00:03,  3.26it/s]
                 Class     Images  Instances      Box(P          R      mAP50  mAP50-95):  15%|█▌        | 2/13 [00:00<00:03,  3.24it/s]
                 Class     Images  Instances      Box(P          R      mAP50  mAP50-95):  23%|██▎       | 3/13 [00:00<00:02,  3.34it/s]
                 Class     Images  Instances      Box(P          R      mAP50  mAP50-95):  31%|███       | 4/13 [00:01<00:02,  3.48it/s]
                 Class     Images  Instances      Box(P          R      mAP50  mAP50-95):  38%|███▊      | 5/13 [02:40<07:41, 57.65s/it]
                 Class     Images  Instances      Box(P          R      mAP50  mAP50-95):  46%|████▌     | 6/13 [02:40<04:26, 38.14s/it]
                 Class     Images  Instances      Box(P          R      mAP50  mAP50-95):  54%|█████▍    | 7/13 [04:22<05:53, 58.95s/it]
                 Class     Images  Instances      Box(P          R      mAP50  mAP50-95):  62%|██████▏   | 8/13 [04:22<03:21, 40.28s/it]
                 Class     Images  Instances      Box(P          R      mAP50  mAP50-95):  69%|██████▉   | 9/13 [06:10<04:05, 61.34s/it]
                 Class     Images  Instances      Box(P          R      mAP50  mAP50-95):  77%|███████▋  | 10/13 [06:10<02:07, 42.48s/it]
                 Class     Images  Instances      Box(P          R      mAP50  mAP50-95):  85%|████████▍ | 11/13 [08:05<02:08, 64.48s/it]
                 Class     Images  Instances      Box(P          R      mAP50  mAP50-95):  92%|█████████▏| 12/13 [08:05<00:44, 44.95s/it]
                 Class     Images  Instances      Box(P          R      mAP50  mAP50-95): 100%|██████████| 13/13 [08:42<00:00, 42.56s/it]
                 Class     Images  Instances      Box(P          R      mAP50  mAP50-95): 100%|██████████| 13/13 [08:42<00:00, 40.19s/it]
                   all       1620      15401      0.618      0.436      0.476       0.29

      Epoch    GPU_mem   box_loss   cls_loss   dfl_loss  Instances       Size

  0%|          | 0/102 [00:00<?, ?it/s]
      13/50      16.2G      1.005     0.7844       1.15       1048        640:   0%|          | 0/102 [00:00<?, ?it/s]
      13/50      16.2G      1.005     0.7844       1.15       1048        640:   1%|          | 1/102 [00:00<00:18,  5.48it/s]
      13/50      16.2G      1.026     0.7927      1.164        991        640:   1%|          | 1/102 [00:00<00:18,  5.48it/s]
      13/50      16.2G      1.026     0.7927      1.164        991        640:   2%|▏         | 2/102 [00:00<00:17,  5.83it/s]
      13/50      16.2G      1.026     0.8021       1.16       1006        640:   2%|▏         | 2/102 [00:59<00:17,  5.83it/s]
      13/50      16.2G      1.026     0.8021       1.16       1006        640:   3%|▎         | 3/102 [00:59<44:54, 27.22s/it]
      13/50      17.6G       1.02     0.7965      1.145       1369        640:   3%|▎         | 3/102 [02:08<44:54, 27.22s/it]
      13/50      17.6G       1.02     0.7965      1.145       1369        640:   4%|▍         | 4/102 [02:08<1:11:16, 43.64s/it]
      13/50      17.6G       1.02     0.7936      1.142       1111        640:   4%|▍         | 4/102 [03:01<1:11:16, 43.64s/it]
      13/50      17.6G       1.02     0.7936      1.142       1111        640:   5%|▍         | 5/102 [03:01<1:16:01, 47.02s/it]
      13/50      17.6G      1.026     0.7992      1.146       1123        640:   5%|▍         | 5/102 [03:50<1:16:01, 47.02s/it]
      13/50      17.6G      1.026     0.7992      1.146       1123        640:   6%|▌         | 6/102 [03:50<1:16:01, 47.52s/it]
      13/50      18.6G      1.026     0.8014      1.141       1135        640:   6%|▌         | 6/102 [04:35<1:16:01, 47.52s/it]
      13/50      18.6G      1.026     0.8014      1.141       1135        640:   7%|▋         | 7/102 [04:35<1:14:12, 46.87s/it]
      13/50      18.6G      1.028     0.8006      1.144       1221        640:   7%|▋         | 7/102 [05:03<1:14:12, 46.87s/it]
      13/50      18.6G      1.028     0.8006      1.144       1221        640:   8%|▊         | 8/102 [05:03<1:03:58, 40.83s/it]
      13/50      18.6G      1.027     0.8017      1.144       1158        640:   8%|▊         | 8/102 [05:29<1:03:58, 40.83s/it]
      13/50      18.6G      1.027     0.8017      1.144       1158        640:   9%|▉         | 9/102 [05:29<56:01, 36.15s/it]
      13/50      18.6G       1.03     0.8057      1.143       1135        640:   9%|▉         | 9/102 [05:59<56:01, 36.15s/it]
      13/50      18.6G       1.03     0.8057      1.143       1135        640:  10%|▉         | 10/102 [05:59<52:31, 34.25s/it]
      13/50      18.6G      1.028     0.8002      1.144       1162        640:  10%|▉         | 10/102 [06:26<52:31, 34.25s/it]
      13/50      18.6G      1.028     0.8002      1.144       1162        640:  11%|█         | 11/102 [06:26<48:51, 32.22s/it]
      13/50      18.6G      1.033     0.8002      1.145       1022        640:  11%|█         | 11/102 [06:55<48:51, 32.22s/it]
      13/50      18.6G      1.033     0.8002      1.145       1022        640:  12%|█▏        | 12/102 [06:55<46:28, 30.98s/it]
      13/50      18.6G      1.033     0.8007      1.146       1026        640:  12%|█▏        | 12/102 [07:23<46:28, 30.98s/it]
      13/50      18.6G      1.033     0.8007      1.146       1026        640:  13%|█▎        | 13/102 [07:23<44:39, 30.11s/it]
      13/50      18.6G      1.028     0.7981      1.143       1186        640:  13%|█▎        | 13/102 [07:47<44:39, 30.11s/it]
      13/50      18.6G      1.028     0.7981      1.143       1186        640:  14%|█▎        | 14/102 [07:47<41:38, 28.39s/it]
      13/50      18.6G      1.031     0.7994      1.144       1024        640:  14%|█▎        | 14/102 [08:17<41:38, 28.39s/it]
      13/50      18.6G      1.031     0.7994      1.144       1024        640:  15%|█▍        | 15/102 [08:17<41:58, 28.94s/it]
      13/50      18.6G      1.028     0.7975      1.143        930        640:  15%|█▍        | 15/102 [08:47<41:58, 28.94s/it]
      13/50      18.6G      1.028     0.7975      1.143        930        640:  16%|█▌        | 16/102 [08:47<41:44, 29.12s/it]
      13/50      18.6G       1.03     0.7971      1.142       1188        640:  16%|█▌        | 16/102 [09:17<41:44, 29.12s/it]
      13/50      18.6G       1.03     0.7971      1.142       1188        640:  17%|█▋        | 17/102 [09:17<41:40, 29.42s/it]
      13/50      18.6G       1.03     0.7964      1.143       1028        640:  17%|█▋        | 17/102 [09:43<41:40, 29.42s/it]
      13/50      18.6G       1.03     0.7964      1.143       1028        640:  18%|█▊        | 18/102 [09:43<39:49, 28.44s/it]
      13/50      18.6G      1.029     0.7967      1.144       1037        640:  18%|█▊        | 18/102 [10:12<39:49, 28.44s/it]
      13/50      18.6G      1.029     0.7967      1.144       1037        640:  19%|█▊        | 19/102 [10:12<39:21, 28.45s/it]
      13/50      18.6G      1.028      0.795      1.143       1091        640:  19%|█▊        | 19/102 [10:42<39:21, 28.45s/it]
      13/50      18.6G      1.028      0.795      1.143       1091        640:  20%|█▉        | 20/102 [10:42<39:29, 28.90s/it]
      13/50      18.6G      1.025     0.7909      1.141       1085        640:  20%|█▉        | 20/102 [11:11<39:29, 28.90s/it]
      13/50      18.6G      1.025     0.7909      1.141       1085        640:  21%|██        | 21/102 [11:11<39:03, 28.93s/it]
      13/50      18.6G      1.025     0.7903       1.14       1079        640:  21%|██        | 21/102 [11:42<39:03, 28.93s/it]
      13/50      18.6G      1.025     0.7903       1.14       1079        640:  22%|██▏       | 22/102 [11:42<39:30, 29.64s/it]
      13/50      18.6G      1.025     0.7888      1.141       1043        640:  22%|██▏       | 22/102 [12:13<39:30, 29.64s/it]
      13/50      18.6G      1.025     0.7888      1.141       1043        640:  23%|██▎       | 23/102 [12:13<39:34, 30.06s/it]
      13/50      18.6G      1.025     0.7877      1.141        989        640:  23%|██▎       | 23/102 [12:41<39:34, 30.06s/it]
      13/50      18.6G      1.025     0.7877      1.141        989        640:  24%|██▎       | 24/102 [12:41<38:11, 29.38s/it]
      13/50      18.6G      1.025     0.7876      1.141       1035        640:  24%|██▎       | 24/102 [13:09<38:11, 29.38s/it]
      13/50      18.6G      1.025     0.7876      1.141       1035        640:  25%|██▍       | 25/102 [13:09<37:23, 29.14s/it]
      13/50      18.6G      1.026     0.7872      1.141       1258        640:  25%|██▍       | 25/102 [13:38<37:23, 29.14s/it]
      13/50      18.6G      1.026     0.7872      1.141       1258        640:  25%|██▌       | 26/102 [13:38<36:47, 29.05s/it]
      13/50      18.6G      1.026     0.7846      1.139       1219        640:  25%|██▌       | 26/102 [14:07<36:47, 29.05s/it]
      13/50      18.6G      1.026     0.7846      1.139       1219        640:  26%|██▋       | 27/102 [14:07<36:08, 28.91s/it]
      13/50      18.6G      1.026     0.7836      1.139       1174        640:  26%|██▋       | 27/102 [14:37<36:08, 28.91s/it]
      13/50      18.6G      1.026     0.7836      1.139       1174        640:  27%|██▋       | 28/102 [14:37<36:07, 29.29s/it]
      13/50      18.6G      1.027     0.7835       1.14       1071        640:  27%|██▋       | 28/102 [15:05<36:07, 29.29s/it]
      13/50      18.6G      1.027     0.7835       1.14       1071        640:  28%|██▊       | 29/102 [15:05<35:02, 28.80s/it]
      13/50      18.6G      1.025     0.7825       1.14       1124        640:  28%|██▊       | 29/102 [15:33<35:02, 28.80s/it]
      13/50      18.6G      1.025     0.7825       1.14       1124        640:  29%|██▉       | 30/102 [15:33<34:34, 28.81s/it]
      13/50      18.6G      1.026     0.7822       1.14       1101        640:  29%|██▉       | 30/102 [16:03<34:34, 28.81s/it]
      13/50      18.6G      1.026     0.7822       1.14       1101        640:  30%|███       | 31/102 [16:03<34:14, 28.93s/it]
      13/50      18.6G      1.027     0.7827       1.14       1382        640:  30%|███       | 31/102 [16:33<34:14, 28.93s/it]
      13/50      18.6G      1.027     0.7827       1.14       1382        640:  31%|███▏      | 32/102 [16:33<34:09, 29.28s/it]
      13/50      18.6G      1.029     0.7841       1.14       1089        640:  31%|███▏      | 32/102 [17:01<34:09, 29.28s/it]
      13/50      18.6G      1.029     0.7841       1.14       1089        640:  32%|███▏      | 33/102 [17:01<33:21, 29.01s/it]
      13/50      18.6G      1.029      0.785       1.14       1344        640:  32%|███▏      | 33/102 [17:27<33:21, 29.01s/it]
      13/50      18.6G      1.029      0.785       1.14       1344        640:  33%|███▎      | 34/102 [17:27<31:50, 28.10s/it]
      13/50      18.6G      1.029     0.7839      1.139       1122        640:  33%|███▎      | 34/102 [17:56<31:50, 28.10s/it]
      13/50      18.6G      1.029     0.7839      1.139       1122        640:  34%|███▍      | 35/102 [17:56<31:38, 28.33s/it]
      13/50      18.6G      1.031     0.7859       1.14       1049        640:  34%|███▍      | 35/102 [18:25<31:38, 28.33s/it]
      13/50      18.6G      1.031     0.7859       1.14       1049        640:  35%|███▌      | 36/102 [18:25<31:16, 28.43s/it]
      13/50      18.6G      1.032     0.7854       1.14       1258        640:  35%|███▌      | 36/102 [18:52<31:16, 28.43s/it]
      13/50      18.6G      1.032     0.7854       1.14       1258        640:  36%|███▋      | 37/102 [18:52<30:24, 28.06s/it]
      13/50      18.6G      1.032     0.7859       1.14       1127        640:  36%|███▋      | 37/102 [19:20<30:24, 28.06s/it]
      13/50      18.6G      1.032     0.7859       1.14       1127        640:  37%|███▋      | 38/102 [19:20<30:05, 28.21s/it]
      13/50      18.6G      1.032     0.7856       1.14       1057        640:  37%|███▋      | 38/102 [19:50<30:05, 28.21s/it]
      13/50      18.6G      1.032     0.7856       1.14       1057        640:  38%|███▊      | 39/102 [19:50<30:02, 28.62s/it]
      13/50      18.6G      1.033     0.7881      1.141       1155        640:  38%|███▊      | 39/102 [20:20<30:02, 28.62s/it]
      13/50      18.6G      1.033     0.7881      1.141       1155        640:  39%|███▉      | 40/102 [20:20<29:55, 28.96s/it]
      13/50      18.6G      1.034     0.7891      1.141        992        640:  39%|███▉      | 40/102 [20:47<29:55, 28.96s/it]
      13/50      18.6G      1.034     0.7891      1.141        992        640:  40%|████      | 41/102 [20:47<28:58, 28.50s/it]
      13/50      18.6G      1.033      0.788      1.141        950        640:  40%|████      | 41/102 [21:16<28:58, 28.50s/it]
      13/50      18.6G      1.033      0.788      1.141        950        640:  41%|████      | 42/102 [21:16<28:32, 28.54s/it]
      13/50      18.6G      1.033     0.7885      1.141       1213        640:  41%|████      | 42/102 [21:45<28:32, 28.54s/it]
      13/50      18.6G      1.033     0.7885      1.141       1213        640:  42%|████▏     | 43/102 [21:45<28:23, 28.87s/it]
      13/50      18.6G      1.034     0.7899      1.141       1157        640:  42%|████▏     | 43/102 [22:16<28:23, 28.87s/it]
      13/50      18.6G      1.034     0.7899      1.141       1157        640:  43%|████▎     | 44/102 [22:16<28:21, 29.34s/it]
      13/50      18.6G      1.034     0.7906      1.142        913        640:  43%|████▎     | 44/102 [22:45<28:21, 29.34s/it]
      13/50      18.6G      1.034     0.7906      1.142        913        640:  44%|████▍     | 45/102 [22:45<27:56, 29.41s/it]
      13/50      18.6G      1.034     0.7908      1.142       1051        640:  44%|████▍     | 45/102 [23:15<27:56, 29.41s/it]
      13/50      18.6G      1.034     0.7908      1.142       1051        640:  45%|████▌     | 46/102 [23:15<27:31, 29.49s/it]
      13/50      18.6G      1.033     0.7888      1.141       1165        640:  45%|████▌     | 46/102 [23:42<27:31, 29.49s/it]
      13/50      18.6G      1.033     0.7888      1.141       1165        640:  46%|████▌     | 47/102 [23:42<26:23, 28.79s/it]
      13/50      18.6G      1.033     0.7892      1.142        963        640:  46%|████▌     | 47/102 [24:07<26:23, 28.79s/it]
      13/50      18.6G      1.033     0.7892      1.142        963        640:  47%|████▋     | 48/102 [24:07<24:54, 27.68s/it]
      13/50      18.6G      1.032     0.7881      1.142       1239        640:  47%|████▋     | 48/102 [24:35<24:54, 27.68s/it]
      13/50      18.6G      1.032     0.7881      1.142       1239        640:  48%|████▊     | 49/102 [24:35<24:34, 27.82s/it]
      13/50      18.6G      1.032     0.7866      1.142       1045        640:  48%|████▊     | 49/102 [25:06<24:34, 27.82s/it]
      13/50      18.6G      1.032     0.7866      1.142       1045        640:  49%|████▉     | 50/102 [25:06<24:49, 28.64s/it]
      13/50      18.6G      1.031     0.7859      1.142        948        640:  49%|████▉     | 50/102 [25:34<24:49, 28.64s/it]
      13/50      18.6G      1.031     0.7859      1.142        948        640:  50%|█████     | 51/102 [25:34<24:13, 28.49s/it]
      13/50      18.6G      1.031     0.7855      1.142        919        640:  50%|█████     | 51/102 [26:02<24:13, 28.49s/it]
      13/50      18.6G      1.031     0.7855      1.142        919        640:  51%|█████     | 52/102 [26:02<23:35, 28.31s/it]
      13/50      18.6G      1.031     0.7855      1.142       1123        640:  51%|█████     | 52/102 [26:27<23:35, 28.31s/it]
      13/50      18.6G      1.031     0.7855      1.142       1123        640:  52%|█████▏    | 53/102 [26:27<22:23, 27.42s/it]
      13/50      18.6G      1.031     0.7857      1.143       1057        640:  52%|█████▏    | 53/102 [26:52<22:23, 27.42s/it]
      13/50      18.6G      1.031     0.7857      1.143       1057        640:  53%|█████▎    | 54/102 [26:52<21:10, 26.46s/it]
      13/50      18.6G      1.031     0.7854      1.143        998        640:  53%|█████▎    | 54/102 [27:21<21:10, 26.46s/it]
      13/50      18.6G      1.031     0.7854      1.143        998        640:  54%|█████▍    | 55/102 [27:21<21:30, 27.46s/it]
      13/50      18.6G      1.032     0.7869      1.143       1078        640:  54%|█████▍    | 55/102 [27:49<21:30, 27.46s/it]
      13/50      18.6G      1.032     0.7869      1.143       1078        640:  55%|█████▍    | 56/102 [27:49<21:10, 27.62s/it]
      13/50      18.6G      1.032     0.7869      1.143        954        640:  55%|█████▍    | 56/102 [28:18<21:10, 27.62s/it]
      13/50      18.6G      1.032     0.7869      1.143        954        640:  56%|█████▌    | 57/102 [28:18<21:01, 28.03s/it]
      13/50      18.6G      1.031     0.7866      1.143        971        640:  56%|█████▌    | 57/102 [28:46<21:01, 28.03s/it]
      13/50      18.6G      1.031     0.7866      1.143        971        640:  57%|█████▋    | 58/102 [28:46<20:24, 27.83s/it]
      13/50      19.7G      1.032     0.7872      1.143       1210        640:  57%|█████▋    | 58/102 [29:17<20:24, 27.83s/it]
      13/50      19.7G      1.032     0.7872      1.143       1210        640:  58%|█████▊    | 59/102 [29:17<20:44, 28.93s/it]
      13/50      19.7G      1.032     0.7874      1.143       1086        640:  58%|█████▊    | 59/102 [29:49<20:44, 28.93s/it]
      13/50      19.7G      1.032     0.7874      1.143       1086        640:  59%|█████▉    | 60/102 [29:49<20:54, 29.88s/it]
      13/50      19.7G      1.032     0.7882      1.143       1028        640:  59%|█████▉    | 60/102 [30:19<20:54, 29.88s/it]
      13/50      19.7G      1.032     0.7882      1.143       1028        640:  60%|█████▉    | 61/102 [30:19<20:20, 29.78s/it]
      13/50      19.7G      1.032     0.7877      1.143       1162        640:  60%|█████▉    | 61/102 [30:48<20:20, 29.78s/it]
      13/50      19.7G      1.032     0.7877      1.143       1162        640:  61%|██████    | 62/102 [30:48<19:37, 29.44s/it]
      13/50      19.7G      1.031      0.787      1.142       1223        640:  61%|██████    | 62/102 [31:21<19:37, 29.44s/it]
      13/50      19.7G      1.031      0.787      1.142       1223        640:  62%|██████▏   | 63/102 [31:21<19:53, 30.60s/it]
      13/50      19.7G      1.031     0.7872      1.142       1190        640:  62%|██████▏   | 63/102 [31:49<19:53, 30.60s/it]
      13/50      19.7G      1.031     0.7872      1.142       1190        640:  63%|██████▎   | 64/102 [31:49<18:53, 29.82s/it]
      13/50      19.7G       1.03     0.7862      1.141       1068        640:  63%|██████▎   | 64/102 [32:13<18:53, 29.82s/it]
      13/50      19.7G       1.03     0.7862      1.141       1068        640:  64%|██████▎   | 65/102 [32:13<17:18, 28.07s/it]
      13/50      19.7G       1.03     0.7867      1.141        925        640:  64%|██████▎   | 65/102 [32:43<17:18, 28.07s/it]
      13/50      19.7G       1.03     0.7867      1.141        925        640:  65%|██████▍   | 66/102 [32:43<17:09, 28.61s/it]
      13/50      19.7G       1.03     0.7866      1.141       1077        640:  65%|██████▍   | 66/102 [33:10<17:09, 28.61s/it]
      13/50      19.7G       1.03     0.7866      1.141       1077        640:  66%|██████▌   | 67/102 [33:10<16:26, 28.18s/it]
      13/50      19.7G      1.031     0.7874      1.141       1121        640:  66%|██████▌   | 67/102 [33:40<16:26, 28.18s/it]
      13/50      19.7G      1.031     0.7874      1.141       1121        640:  67%|██████▋   | 68/102 [33:40<16:20, 28.83s/it]
      13/50      19.7G      1.031     0.7882      1.142       1002        640:  67%|██████▋   | 68/102 [34:08<16:20, 28.83s/it]
      13/50      19.7G      1.031     0.7882      1.142       1002        640:  68%|██████▊   | 69/102 [34:08<15:39, 28.47s/it]
      13/50      19.7G      1.031     0.7882      1.142        917        640:  68%|██████▊   | 69/102 [34:35<15:39, 28.47s/it]
      13/50      19.7G      1.031     0.7882      1.142        917        640:  69%|██████▊   | 70/102 [34:35<14:55, 27.97s/it]
      13/50      19.7G      1.031      0.788      1.142       1172        640:  69%|██████▊   | 70/102 [34:56<14:55, 27.97s/it]
      13/50      19.7G      1.031      0.788      1.142       1172        640:  70%|██████▉   | 71/102 [34:56<13:29, 26.11s/it]
      13/50      19.7G       1.03     0.7869      1.141        940        640:  70%|██████▉   | 71/102 [35:25<13:29, 26.11s/it]
      13/50      19.7G       1.03     0.7869      1.141        940        640:  71%|███████   | 72/102 [35:25<13:26, 26.89s/it]
      13/50      19.7G       1.03     0.7871      1.142        900        640:  71%|███████   | 72/102 [35:55<13:26, 26.89s/it]
      13/50      19.7G       1.03     0.7871      1.142        900        640:  72%|███████▏  | 73/102 [35:55<13:21, 27.63s/it]
      13/50      19.7G      1.029     0.7865      1.142       1017        640:  72%|███████▏  | 73/102 [36:23<13:21, 27.63s/it]
      13/50      19.7G      1.029     0.7865      1.142       1017        640:  73%|███████▎  | 74/102 [36:23<13:03, 27.99s/it]
      13/50      19.7G      1.029     0.7861      1.142       1124        640:  73%|███████▎  | 74/102 [36:51<13:03, 27.99s/it]
      13/50      19.7G      1.029     0.7861      1.142       1124        640:  74%|███████▎  | 75/102 [36:51<12:34, 27.94s/it]
      13/50      19.7G      1.029     0.7859      1.142       1167        640:  74%|███████▎  | 75/102 [37:22<12:34, 27.94s/it]
      13/50      19.7G      1.029     0.7859      1.142       1167        640:  75%|███████▍  | 76/102 [37:22<12:29, 28.82s/it]
      13/50      19.7G      1.029     0.7861      1.142       1083        640:  75%|███████▍  | 76/102 [37:52<12:29, 28.82s/it]
      13/50      19.7G      1.029     0.7861      1.142       1083        640:  75%|███████▌  | 77/102 [37:52<12:08, 29.15s/it]
      13/50      19.7G       1.03     0.7859      1.142       1163        640:  75%|███████▌  | 77/102 [38:18<12:08, 29.15s/it]
      13/50      19.7G       1.03     0.7859      1.142       1163        640:  76%|███████▋  | 78/102 [38:18<11:17, 28.25s/it]
      13/50      19.7G       1.03     0.7854      1.142       1071        640:  76%|███████▋  | 78/102 [38:48<11:17, 28.25s/it]
      13/50      19.7G       1.03     0.7854      1.142       1071        640:  77%|███████▋  | 79/102 [38:48<11:03, 28.85s/it]
      13/50      19.7G       1.03      0.786      1.142       1029        640:  77%|███████▋  | 79/102 [39:20<11:03, 28.85s/it]
      13/50      19.7G       1.03      0.786      1.142       1029        640:  78%|███████▊  | 80/102 [39:20<10:50, 29.56s/it]
      13/50      19.7G       1.03     0.7852      1.142       1222        640:  78%|███████▊  | 80/102 [39:49<10:50, 29.56s/it]
      13/50      19.7G       1.03     0.7852      1.142       1222        640:  79%|███████▉  | 81/102 [39:49<10:18, 29.44s/it]
      13/50      19.7G       1.03     0.7851      1.142       1046        640:  79%|███████▉  | 81/102 [40:19<10:18, 29.44s/it]
      13/50      19.7G       1.03     0.7851      1.142       1046        640:  80%|████████  | 82/102 [40:19<09:53, 29.70s/it]
      13/50      20.9G      1.031     0.7856      1.142       1372        640:  80%|████████  | 82/102 [40:47<09:53, 29.70s/it]
      13/50      20.9G      1.031     0.7856      1.142       1372        640:  81%|████████▏ | 83/102 [40:47<09:14, 29.21s/it]
      13/50      20.9G      1.031     0.7856      1.142       1318        640:  81%|████████▏ | 83/102 [41:15<09:14, 29.21s/it]
      13/50      20.9G      1.031     0.7856      1.142       1318        640:  82%|████████▏ | 84/102 [41:15<08:41, 28.96s/it]
      13/50      20.9G      1.031      0.786      1.142       1157        640:  82%|████████▏ | 84/102 [41:42<08:41, 28.96s/it]
      13/50      20.9G      1.031      0.786      1.142       1157        640:  83%|████████▎ | 85/102 [41:42<08:02, 28.36s/it]
      13/50      20.9G      1.031     0.7865      1.142        951        640:  83%|████████▎ | 85/102 [42:10<08:02, 28.36s/it]
      13/50      20.9G      1.031     0.7865      1.142        951        640:  84%|████████▍ | 86/102 [42:10<07:27, 28.00s/it]
      13/50      20.9G      1.031     0.7862      1.142       1010        640:  84%|████████▍ | 86/102 [42:38<07:27, 28.00s/it]
      13/50      20.9G      1.031     0.7862      1.142       1010        640:  85%|████████▌ | 87/102 [42:38<07:01, 28.11s/it]
      13/50      20.9G      1.032     0.7864      1.142       1029        640:  85%|████████▌ | 87/102 [43:10<07:01, 28.11s/it]
      13/50      20.9G      1.032     0.7864      1.142       1029        640:  86%|████████▋ | 88/102 [43:10<06:50, 29.33s/it]
      13/50      20.9G      1.032     0.7871      1.143       1220        640:  86%|████████▋ | 88/102 [43:37<06:50, 29.33s/it]
      13/50      20.9G      1.032     0.7871      1.143       1220        640:  87%|████████▋ | 89/102 [43:37<06:10, 28.51s/it]
      13/50      20.9G      1.032     0.7872      1.143       1030        640:  87%|████████▋ | 89/102 [44:06<06:10, 28.51s/it]
      13/50      20.9G      1.032     0.7872      1.143       1030        640:  88%|████████▊ | 90/102 [44:06<05:45, 28.80s/it]
      13/50      20.9G      1.032     0.7876      1.143       1137        640:  88%|████████▊ | 90/102 [44:33<05:45, 28.80s/it]
      13/50      20.9G      1.032     0.7876      1.143       1137        640:  89%|████████▉ | 91/102 [44:33<05:10, 28.20s/it]
      13/50      20.9G      1.032     0.7879      1.143       1094        640:  89%|████████▉ | 91/102 [45:01<05:10, 28.20s/it]
      13/50      20.9G      1.032     0.7879      1.143       1094        640:  90%|█████████ | 92/102 [45:01<04:41, 28.16s/it]
      13/50      20.9G      1.032     0.7884      1.143       1029        640:  90%|█████████ | 92/102 [45:30<04:41, 28.16s/it]
      13/50      20.9G      1.032     0.7884      1.143       1029        640:  91%|█████████ | 93/102 [45:30<04:14, 28.27s/it]
      13/50      20.9G      1.032     0.7879      1.143       1088        640:  91%|█████████ | 93/102 [45:58<04:14, 28.27s/it]
      13/50      20.9G      1.032     0.7879      1.143       1088        640:  92%|█████████▏| 94/102 [45:58<03:46, 28.37s/it]
      13/50      20.9G      1.032      0.788      1.143       1118        640:  92%|█████████▏| 94/102 [46:26<03:46, 28.37s/it]
      13/50      20.9G      1.032      0.788      1.143       1118        640:  93%|█████████▎| 95/102 [46:26<03:16, 28.14s/it]
      13/50      20.9G      1.032     0.7877      1.143        872        640:  93%|█████████▎| 95/102 [46:54<03:16, 28.14s/it]
      13/50      20.9G      1.032     0.7877      1.143        872        640:  94%|█████████▍| 96/102 [46:54<02:48, 28.05s/it]
      13/50      20.9G      1.032     0.7885      1.144        829        640:  94%|█████████▍| 96/102 [47:23<02:48, 28.05s/it]
      13/50      20.9G      1.032     0.7885      1.144        829        640:  95%|█████████▌| 97/102 [47:23<02:22, 28.45s/it]
      13/50      20.9G      1.032     0.7885      1.143       1096        640:  95%|█████████▌| 97/102 [47:56<02:22, 28.45s/it]
      13/50      20.9G      1.032     0.7885      1.143       1096        640:  96%|█████████▌| 98/102 [47:56<01:59, 29.80s/it]
      13/50      20.9G      1.032     0.7887      1.144        821        640:  96%|█████████▌| 98/102 [48:26<01:59, 29.80s/it]
      13/50      20.9G      1.032     0.7887      1.144        821        640:  97%|█████████▋| 99/102 [48:26<01:29, 29.80s/it]
      13/50      20.9G      1.032     0.7891      1.144        974        640:  97%|█████████▋| 99/102 [48:54<01:29, 29.80s/it]
      13/50      20.9G      1.032     0.7891      1.144        974        640:  98%|█████████▊| 100/102 [48:54<00:58, 29.36s/it]
      13/50      20.9G      1.032     0.7887      1.144       1152        640:  98%|█████████▊| 100/102 [49:23<00:58, 29.36s/it]
      13/50      20.9G      1.032     0.7887      1.144       1152        640:  99%|█████████▉| 101/102 [49:23<00:29, 29.17s/it]
      13/50      20.9G      1.031     0.7888      1.143        201        640:  99%|█████████▉| 101/102 [49:28<00:29, 29.17s/it]
      13/50      20.9G      1.031     0.7888      1.143        201        640: 100%|██████████| 102/102 [49:28<00:00, 21.87s/it]
      13/50      20.9G      1.031     0.7888      1.143        201        640: 100%|██████████| 102/102 [49:28<00:00, 29.10s/it]

                 Class     Images  Instances      Box(P          R      mAP50  mAP50-95):   0%|          | 0/13 [00:00<?, ?it/s]
                 Class     Images  Instances      Box(P          R      mAP50  mAP50-95):   8%|▊         | 1/13 [00:00<00:03,  3.27it/s]
                 Class     Images  Instances      Box(P          R      mAP50  mAP50-95):  15%|█▌        | 2/13 [00:00<00:03,  3.24it/s]
                 Class     Images  Instances      Box(P          R      mAP50  mAP50-95):  23%|██▎       | 3/13 [00:00<00:02,  3.35it/s]
                 Class     Images  Instances      Box(P          R      mAP50  mAP50-95):  31%|███       | 4/13 [00:01<00:02,  3.43it/s]
                 Class     Images  Instances      Box(P          R      mAP50  mAP50-95):  38%|███▊      | 5/13 [02:36<07:29, 56.25s/it]
                 Class     Images  Instances      Box(P          R      mAP50  mAP50-95):  46%|████▌     | 6/13 [02:36<04:20, 37.22s/it]
                 Class     Images  Instances      Box(P          R      mAP50  mAP50-95):  54%|█████▍    | 7/13 [04:16<05:45, 57.61s/it]
                 Class     Images  Instances      Box(P          R      mAP50  mAP50-95):  62%|██████▏   | 8/13 [04:16<03:16, 39.37s/it]
                 Class     Images  Instances      Box(P          R      mAP50  mAP50-95):  69%|██████▉   | 9/13 [06:05<04:04, 61.03s/it]
                 Class     Images  Instances      Box(P          R      mAP50  mAP50-95):  77%|███████▋  | 10/13 [06:05<02:06, 42.27s/it]
                 Class     Images  Instances      Box(P          R      mAP50  mAP50-95):  85%|████████▍ | 11/13 [07:57<02:06, 63.48s/it]
                 Class     Images  Instances      Box(P          R      mAP50  mAP50-95):  92%|█████████▏| 12/13 [07:57<00:44, 44.25s/it]
                 Class     Images  Instances      Box(P          R      mAP50  mAP50-95): 100%|██████████| 13/13 [08:37<00:00, 43.05s/it]
                 Class     Images  Instances      Box(P          R      mAP50  mAP50-95): 100%|██████████| 13/13 [08:37<00:00, 39.84s/it]
                   all       1620      15401      0.539      0.471      0.471      0.288

      Epoch    GPU_mem   box_loss   cls_loss   dfl_loss  Instances       Size

  0%|          | 0/102 [00:00<?, ?it/s]
      14/50      15.7G      1.004     0.7692       1.11       1140        640:   0%|          | 0/102 [00:00<?, ?it/s]
      14/50      15.7G      1.004     0.7692       1.11       1140        640:   1%|          | 1/102 [00:00<00:17,  5.71it/s]
      14/50      16.2G      1.024     0.7809      1.133       1010        640:   1%|          | 1/102 [00:00<00:17,  5.71it/s]
      14/50      16.2G      1.024     0.7809      1.133       1010        640:   2%|▏         | 2/102 [00:00<00:16,  5.94it/s]
      14/50      16.2G      1.014     0.7677      1.128       1169        640:   2%|▏         | 2/102 [01:06<00:16,  5.94it/s]
      14/50      16.2G      1.014     0.7677      1.128       1169        640:   3%|▎         | 3/102 [01:06<49:38, 30.09s/it]
      14/50      16.6G      1.017     0.7754      1.134       1031        640:   3%|▎         | 3/102 [02:13<49:38, 30.09s/it]
      14/50      16.6G      1.017     0.7754      1.134       1031        640:   4%|▍         | 4/102 [02:13<1:13:24, 44.94s/it]
      14/50      16.6G      1.021     0.7773       1.13       1259        640:   4%|▍         | 4/102 [03:06<1:13:24, 44.94s/it]
      14/50      16.6G      1.021     0.7773       1.13       1259        640:   5%|▍         | 5/102 [03:06<1:17:08, 47.71s/it]
      14/50      16.6G      1.023      0.776       1.13       1231        640:   5%|▍         | 5/102 [03:54<1:17:08, 47.71s/it]
      14/50      16.6G      1.023      0.776       1.13       1231        640:   6%|▌         | 6/102 [03:54<1:16:37, 47.89s/it]
      14/50      16.6G      1.032     0.7798      1.139        984        640:   6%|▌         | 6/102 [04:34<1:16:37, 47.89s/it]
      14/50      16.6G      1.032     0.7798      1.139        984        640:   7%|▋         | 7/102 [04:34<1:11:40, 45.27s/it]
      14/50      16.6G      1.034     0.7741      1.136       1161        640:   7%|▋         | 7/102 [05:03<1:11:40, 45.27s/it]
      14/50      16.6G      1.034     0.7741      1.136       1161        640:   8%|▊         | 8/102 [05:03<1:03:02, 40.24s/it]
      14/50      16.6G      1.028     0.7685      1.132       1004        640:   8%|▊         | 8/102 [05:43<1:03:02, 40.24s/it]
      14/50      16.6G      1.028     0.7685      1.132       1004        640:   9%|▉         | 9/102 [05:43<1:02:16, 40.18s/it]
      14/50      16.6G      1.031     0.7703      1.135       1111        640:   9%|▉         | 9/102 [06:13<1:02:16, 40.18s/it]
      14/50      16.6G      1.031     0.7703      1.135       1111        640:  10%|▉         | 10/102 [06:13<56:33, 36.89s/it]
      14/50      17.3G      1.027     0.7663      1.133       1065        640:  10%|▉         | 10/102 [06:45<56:33, 36.89s/it]
      14/50      17.3G      1.027     0.7663      1.133       1065        640:  11%|█         | 11/102 [06:45<53:52, 35.52s/it]
      14/50      17.3G      1.026     0.7635      1.133       1013        640:  11%|█         | 11/102 [07:21<53:52, 35.52s/it]
      14/50      17.3G      1.026     0.7635      1.133       1013        640:  12%|█▏        | 12/102 [07:21<53:21, 35.57s/it]
      14/50      17.3G      1.025     0.7623      1.135       1101        640:  12%|█▏        | 12/102 [07:46<53:21, 35.57s/it]
      14/50      17.3G      1.025     0.7623      1.135       1101        640:  13%|█▎        | 13/102 [07:46<47:55, 32.31s/it]
      14/50      17.3G      1.024     0.7619      1.133       1256        640:  13%|█▎        | 13/102 [08:12<47:55, 32.31s/it]
      14/50      17.3G      1.024     0.7619      1.133       1256        640:  14%|█▎        | 14/102 [08:12<44:38, 30.43s/it]
      14/50      17.3G      1.024     0.7596      1.134       1022        640:  14%|█▎        | 14/102 [08:43<44:38, 30.43s/it]
      14/50      17.3G      1.024     0.7596      1.134       1022        640:  15%|█▍        | 15/102 [08:43<44:28, 30.67s/it]
      14/50      17.3G      1.021     0.7596      1.135       1015        640:  15%|█▍        | 15/102 [09:14<44:28, 30.67s/it]
      14/50      17.3G      1.021     0.7596      1.135       1015        640:  16%|█▌        | 16/102 [09:14<44:12, 30.85s/it]
      14/50      17.3G       1.02     0.7585      1.134       1133        640:  16%|█▌        | 16/102 [09:46<44:12, 30.85s/it]
      14/50      17.3G       1.02     0.7585      1.134       1133        640:  17%|█▋        | 17/102 [09:46<43:57, 31.03s/it]
      14/50      17.3G      1.018     0.7556      1.133       1178        640:  17%|█▋        | 17/102 [10:16<43:57, 31.03s/it]
      14/50      17.3G      1.018     0.7556      1.133       1178        640:  18%|█▊        | 18/102 [10:16<43:06, 30.80s/it]
      14/50      17.3G      1.019      0.755      1.134       1080        640:  18%|█▊        | 18/102 [10:45<43:06, 30.80s/it]
      14/50      17.3G      1.019      0.755      1.134       1080        640:  19%|█▊        | 19/102 [10:45<41:42, 30.14s/it]
      14/50      17.3G      1.018      0.753      1.133       1162        640:  19%|█▊        | 19/102 [11:17<41:42, 30.14s/it]
      14/50      17.3G      1.018      0.753      1.133       1162        640:  20%|█▉        | 20/102 [11:17<42:06, 30.82s/it]
      14/50      17.3G      1.019      0.754      1.134       1142        640:  20%|█▉        | 20/102 [11:49<42:06, 30.82s/it]
      14/50      17.3G      1.019      0.754      1.134       1142        640:  21%|██        | 21/102 [11:49<41:58, 31.09s/it]
      14/50      17.3G      1.019     0.7553      1.134        913        640:  21%|██        | 21/102 [12:21<41:58, 31.09s/it]
      14/50      17.3G      1.019     0.7553      1.134        913        640:  22%|██▏       | 22/102 [12:21<41:48, 31.36s/it]
      14/50      17.3G       1.02     0.7542      1.134       1270        640:  22%|██▏       | 22/102 [12:52<41:48, 31.36s/it]
      14/50      17.3G       1.02     0.7542      1.134       1270        640:  23%|██▎       | 23/102 [12:52<41:12, 31.30s/it]
      14/50      17.3G       1.02     0.7547      1.133       1256        640:  23%|██▎       | 23/102 [13:24<41:12, 31.30s/it]
      14/50      17.3G       1.02     0.7547      1.133       1256        640:  24%|██▎       | 24/102 [13:24<41:00, 31.55s/it]
      14/50      17.3G      1.019     0.7544      1.134       1000        640:  24%|██▎       | 24/102 [14:03<41:00, 31.55s/it]
      14/50      17.3G      1.019     0.7544      1.134       1000        640:  25%|██▍       | 25/102 [14:03<43:09, 33.63s/it]
      14/50      17.3G       1.02     0.7555      1.135       1055        640:  25%|██▍       | 25/102 [14:33<43:09, 33.63s/it]
      14/50      17.3G       1.02     0.7555      1.135       1055        640:  25%|██▌       | 26/102 [14:33<41:25, 32.70s/it]
      14/50      18.4G      1.021     0.7568      1.135       1132        640:  25%|██▌       | 26/102 [15:06<41:25, 32.70s/it]
      14/50      18.4G      1.021     0.7568      1.135       1132        640:  26%|██▋       | 27/102 [15:06<40:55, 32.74s/it]
      14/50      19.6G      1.021     0.7567      1.135       1097        640:  26%|██▋       | 27/102 [15:46<40:55, 32.74s/it]
      14/50      19.6G      1.021     0.7567      1.135       1097        640:  27%|██▋       | 28/102 [15:46<42:53, 34.78s/it]
      14/50      19.6G      1.022     0.7573      1.135       1099        640:  27%|██▋       | 28/102 [16:19<42:53, 34.78s/it]
      14/50      19.6G      1.022     0.7573      1.135       1099        640:  28%|██▊       | 29/102 [16:19<41:42, 34.29s/it]
      14/50      19.6G      1.023     0.7583      1.135       1089        640:  28%|██▊       | 29/102 [16:49<41:42, 34.29s/it]
      14/50      19.6G      1.023     0.7583      1.135       1089        640:  29%|██▉       | 30/102 [16:49<39:45, 33.14s/it]
      14/50      19.6G      1.023     0.7582      1.134       1250        640:  29%|██▉       | 30/102 [17:23<39:45, 33.14s/it]
      14/50      19.6G      1.023     0.7582      1.134       1250        640:  30%|███       | 31/102 [17:23<39:31, 33.40s/it]
      14/50      19.6G       1.02     0.7565      1.132       1112        640:  30%|███       | 31/102 [17:55<39:31, 33.40s/it]
      14/50      19.6G       1.02     0.7565      1.132       1112        640:  31%|███▏      | 32/102 [17:55<38:28, 32.98s/it]
      14/50      20.8G       1.02     0.7571      1.132       1172        640:  31%|███▏      | 32/102 [18:25<38:28, 32.98s/it]
      14/50      20.8G       1.02     0.7571      1.132       1172        640:  32%|███▏      | 33/102 [18:25<36:44, 31.94s/it]
      14/50      20.8G      1.019     0.7568      1.131       1071        640:  32%|███▏      | 33/102 [18:53<36:44, 31.94s/it]
      14/50      20.8G      1.019     0.7568      1.131       1071        640:  33%|███▎      | 34/102 [18:53<34:55, 30.81s/it]
      14/50      20.8G      1.019     0.7575      1.132       1120        640:  33%|███▎      | 34/102 [19:30<34:55, 30.81s/it]
      14/50      20.8G      1.019     0.7575      1.132       1120        640:  34%|███▍      | 35/102 [19:30<36:23, 32.58s/it]
      14/50      20.8G      1.019     0.7571      1.132       1028        640:  34%|███▍      | 35/102 [19:57<36:23, 32.58s/it]
      14/50      20.8G      1.019     0.7571      1.132       1028        640:  35%|███▌      | 36/102 [19:57<34:13, 31.11s/it]
      14/50      20.8G      1.019     0.7583      1.132       1114        640:  35%|███▌      | 36/102 [20:26<34:13, 31.11s/it]
      14/50      20.8G      1.019     0.7583      1.132       1114        640:  36%|███▋      | 37/102 [20:26<32:58, 30.44s/it]
      14/50      20.8G      1.018     0.7582      1.133        959        640:  36%|███▋      | 37/102 [21:02<32:58, 30.44s/it]
      14/50      20.8G      1.018     0.7582      1.133        959        640:  37%|███▋      | 38/102 [21:02<34:09, 32.02s/it]
      14/50      20.8G      1.019     0.7592      1.133       1235        640:  37%|███▋      | 38/102 [21:33<34:09, 32.02s/it]
      14/50      20.8G      1.019     0.7592      1.133       1235        640:  38%|███▊      | 39/102 [21:33<33:29, 31.89s/it]
      14/50      20.8G       1.02     0.7604      1.133       1064        640:  38%|███▊      | 39/102 [22:11<33:29, 31.89s/it]
      14/50      20.8G       1.02     0.7604      1.133       1064        640:  39%|███▉      | 40/102 [22:11<34:42, 33.59s/it]
      14/50      20.8G      1.021     0.7601      1.133       1180        640:  39%|███▉      | 40/102 [22:42<34:42, 33.59s/it]
      14/50      20.8G      1.021     0.7601      1.133       1180        640:  40%|████      | 41/102 [22:42<33:20, 32.79s/it]
      14/50      20.8G      1.021     0.7596      1.133       1186        640:  40%|████      | 41/102 [23:13<33:20, 32.79s/it]
      14/50      20.8G      1.021     0.7596      1.133       1186        640:  41%|████      | 42/102 [23:13<32:07, 32.12s/it]
      14/50      20.8G      1.021     0.7608      1.133       1055        640:  41%|████      | 42/102 [23:38<32:07, 32.12s/it]
      14/50      20.8G      1.021     0.7608      1.133       1055        640:  42%|████▏     | 43/102 [23:38<29:38, 30.15s/it]
      14/50      20.8G      1.023     0.7626      1.133       1155        640:  42%|████▏     | 43/102 [24:11<29:38, 30.15s/it]
      14/50      20.8G      1.023     0.7626      1.133       1155        640:  43%|████▎     | 44/102 [24:11<30:03, 31.09s/it]
      14/50      20.8G      1.022     0.7629      1.134        847        640:  43%|████▎     | 44/102 [24:44<30:03, 31.09s/it]
      14/50      20.8G      1.022     0.7629      1.134        847        640:  44%|████▍     | 45/102 [24:44<29:56, 31.53s/it]
      14/50      20.8G      1.022     0.7641      1.134       1109        640:  44%|████▍     | 45/102 [25:22<29:56, 31.53s/it]
      14/50      20.8G      1.022     0.7641      1.134       1109        640:  45%|████▌     | 46/102 [25:22<31:13, 33.45s/it]
      14/50      20.8G      1.022     0.7632      1.134        972        640:  45%|████▌     | 46/102 [25:53<31:13, 33.45s/it]
      14/50      20.8G      1.022     0.7632      1.134        972        640:  46%|████▌     | 47/102 [25:53<30:08, 32.88s/it]
      14/50      20.8G      1.022     0.7641      1.134       1191        640:  46%|████▌     | 47/102 [26:27<30:08, 32.88s/it]
      14/50      20.8G      1.022     0.7641      1.134       1191        640:  47%|████▋     | 48/102 [26:27<29:48, 33.12s/it]
      14/50      20.8G      1.023     0.7642      1.134       1009        640:  47%|████▋     | 48/102 [27:00<29:48, 33.12s/it]
      14/50      20.8G      1.023     0.7642      1.134       1009        640:  48%|████▊     | 49/102 [27:00<29:19, 33.19s/it]
      14/50      20.8G      1.023      0.765      1.134        903        640:  48%|████▊     | 49/102 [27:33<29:19, 33.19s/it]
      14/50      20.8G      1.023      0.765      1.134        903        640:  49%|████▉     | 50/102 [27:33<28:29, 32.88s/it]
      14/50      20.8G      1.023     0.7645      1.134       1260        640:  49%|████▉     | 50/102 [28:00<28:29, 32.88s/it]
      14/50      20.8G      1.023     0.7645      1.134       1260        640:  50%|█████     | 51/102 [28:00<26:40, 31.37s/it]
      14/50      20.8G      1.024     0.7659      1.135       1152        640:  50%|█████     | 51/102 [28:28<26:40, 31.37s/it]
      14/50      20.8G      1.024     0.7659      1.135       1152        640:  51%|█████     | 52/102 [28:28<25:15, 30.32s/it]
      14/50      20.8G      1.025     0.7659      1.135       1233        640:  51%|█████     | 52/102 [28:57<25:15, 30.32s/it]
      14/50      20.8G      1.025     0.7659      1.135       1233        640:  52%|█████▏    | 53/102 [28:57<24:16, 29.73s/it]
      14/50      20.8G      1.025     0.7659      1.135       1278        640:  52%|█████▏    | 53/102 [29:27<24:16, 29.73s/it]
      14/50      20.8G      1.025     0.7659      1.135       1278        640:  53%|█████▎    | 54/102 [29:27<23:50, 29.79s/it]
      14/50      20.8G      1.026     0.7664      1.135       1154        640:  53%|█████▎    | 54/102 [29:56<23:50, 29.79s/it]
      14/50      20.8G      1.026     0.7664      1.135       1154        640:  54%|█████▍    | 55/102 [29:56<23:21, 29.81s/it]
      14/50      20.8G      1.025     0.7664      1.135       1062        640:  54%|█████▍    | 55/102 [30:26<23:21, 29.81s/it]
      14/50      20.8G      1.025     0.7664      1.135       1062        640:  55%|█████▍    | 56/102 [30:26<22:42, 29.61s/it]
      14/50      20.8G      1.026     0.7656      1.134       1168        640:  55%|█████▍    | 56/102 [30:57<22:42, 29.61s/it]
      14/50      20.8G      1.026     0.7656      1.134       1168        640:  56%|█████▌    | 57/102 [30:57<22:42, 30.29s/it]
      14/50      20.8G      1.025     0.7652      1.134       1138        640:  56%|█████▌    | 57/102 [31:24<22:42, 30.29s/it]
      14/50      20.8G      1.025     0.7652      1.134       1138        640:  57%|█████▋    | 58/102 [31:24<21:21, 29.13s/it]
      14/50      20.8G      1.025     0.7662      1.135       1180        640:  57%|█████▋    | 58/102 [31:51<21:21, 29.13s/it]
      14/50      20.8G      1.025     0.7662      1.135       1180        640:  58%|█████▊    | 59/102 [31:51<20:25, 28.49s/it]
      14/50      20.8G      1.025     0.7659      1.134       1111        640:  58%|█████▊    | 59/102 [32:20<20:25, 28.49s/it]
      14/50      20.8G      1.025     0.7659      1.134       1111        640:  59%|█████▉    | 60/102 [32:20<20:06, 28.72s/it]
      14/50      20.8G      1.026     0.7671      1.136        986        640:  59%|█████▉    | 60/102 [32:52<20:06, 28.72s/it]
      14/50      20.8G      1.026     0.7671      1.136        986        640:  60%|█████▉    | 61/102 [32:52<20:13, 29.60s/it]
      14/50      20.8G      1.026     0.7668      1.136       1085        640:  60%|█████▉    | 61/102 [33:18<20:13, 29.60s/it]
      14/50      20.8G      1.026     0.7668      1.136       1085        640:  61%|██████    | 62/102 [33:18<18:58, 28.47s/it]
      14/50      20.8G      1.026     0.7673      1.136        991        640:  61%|██████    | 62/102 [33:45<18:58, 28.47s/it]
      14/50      20.8G      1.026     0.7673      1.136        991        640:  62%|██████▏   | 63/102 [33:45<18:12, 28.01s/it]
      14/50      20.8G      1.026     0.7681      1.137        875        640:  62%|██████▏   | 63/102 [34:13<18:12, 28.01s/it]
      14/50      20.8G      1.026     0.7681      1.137        875        640:  63%|██████▎   | 64/102 [34:13<17:44, 28.01s/it]
      14/50      20.8G      1.026     0.7681      1.137        891        640:  63%|██████▎   | 64/102 [34:42<17:44, 28.01s/it]
      14/50      20.8G      1.026     0.7681      1.137        891        640:  64%|██████▎   | 65/102 [34:42<17:28, 28.34s/it]
      14/50      20.8G      1.027     0.7689      1.138       1172        640:  64%|██████▎   | 65/102 [35:10<17:28, 28.34s/it]
      14/50      20.8G      1.027     0.7689      1.138       1172        640:  65%|██████▍   | 66/102 [35:10<17:02, 28.41s/it]
      14/50      20.8G      1.027     0.7695      1.138        996        640:  65%|██████▍   | 66/102 [35:40<17:02, 28.41s/it]
      14/50      20.8G      1.027     0.7695      1.138        996        640:  66%|██████▌   | 67/102 [35:40<16:53, 28.96s/it]
      14/50      20.8G      1.028     0.7711      1.139       1029        640:  66%|██████▌   | 67/102 [36:08<16:53, 28.96s/it]
      14/50      20.8G      1.028     0.7711      1.139       1029        640:  67%|██████▋   | 68/102 [36:08<16:05, 28.39s/it]
      14/50      20.8G      1.027     0.7704      1.138       1121        640:  67%|██████▋   | 68/102 [36:32<16:05, 28.39s/it]
      14/50      20.8G      1.027     0.7704      1.138       1121        640:  68%|██████▊   | 69/102 [36:32<15:01, 27.31s/it]
      14/50      20.8G      1.027     0.7708      1.139        913        640:  68%|██████▊   | 69/102 [37:02<15:01, 27.31s/it]
      14/50      20.8G      1.027     0.7708      1.139        913        640:  69%|██████▊   | 70/102 [37:02<14:57, 28.05s/it]
      14/50      20.8G      1.027     0.7716      1.139       1108        640:  69%|██████▊   | 70/102 [37:30<14:57, 28.05s/it]
      14/50      20.8G      1.027     0.7716      1.139       1108        640:  70%|██████▉   | 71/102 [37:30<14:32, 28.15s/it]
      14/50      20.8G      1.028     0.7723      1.139       1023        640:  70%|██████▉   | 71/102 [38:01<14:32, 28.15s/it]
      14/50      20.8G      1.028     0.7723      1.139       1023        640:  71%|███████   | 72/102 [38:01<14:21, 28.72s/it]
      14/50      20.8G      1.027     0.7723      1.139       1211        640:  71%|███████   | 72/102 [38:27<14:21, 28.72s/it]
      14/50      20.8G      1.027     0.7723      1.139       1211        640:  72%|███████▏  | 73/102 [38:27<13:34, 28.10s/it]
      14/50      20.8G      1.027     0.7735      1.139        956        640:  72%|███████▏  | 73/102 [38:56<13:34, 28.10s/it]
      14/50      20.8G      1.027     0.7735      1.139        956        640:  73%|███████▎  | 74/102 [38:56<13:08, 28.18s/it]
      14/50      20.8G      1.027     0.7743       1.14       1083        640:  73%|███████▎  | 74/102 [39:21<13:08, 28.18s/it]
      14/50      20.8G      1.027     0.7743       1.14       1083        640:  74%|███████▎  | 75/102 [39:21<12:20, 27.41s/it]
      14/50      20.8G      1.026     0.7741      1.139       1003        640:  74%|███████▎  | 75/102 [39:49<12:20, 27.41s/it]
      14/50      20.8G      1.026     0.7741      1.139       1003        640:  75%|███████▍  | 76/102 [39:49<11:55, 27.53s/it]
      14/50      20.8G      1.026     0.7742       1.14        991        640:  75%|███████▍  | 76/102 [40:17<11:55, 27.53s/it]
      14/50      20.8G      1.026     0.7742       1.14        991        640:  75%|███████▌  | 77/102 [40:17<11:30, 27.61s/it]
      14/50      20.8G      1.026      0.774       1.14       1140        640:  75%|███████▌  | 77/102 [40:47<11:30, 27.61s/it]
      14/50      20.8G      1.026      0.774       1.14       1140        640:  76%|███████▋  | 78/102 [40:47<11:18, 28.25s/it]
      14/50      20.8G      1.026     0.7739       1.14       1019        640:  76%|███████▋  | 78/102 [41:16<11:18, 28.25s/it]
      14/50      20.8G      1.026     0.7739       1.14       1019        640:  77%|███████▋  | 79/102 [41:16<10:55, 28.49s/it]
      14/50      20.8G      1.025      0.774      1.139       1078        640:  77%|███████▋  | 79/102 [41:47<10:55, 28.49s/it]
      14/50      20.8G      1.025      0.774      1.139       1078        640:  78%|███████▊  | 80/102 [41:47<10:43, 29.27s/it]
      14/50      20.8G      1.026     0.7742       1.14        961        640:  78%|███████▊  | 80/102 [42:12<10:43, 29.27s/it]
      14/50      20.8G      1.026     0.7742       1.14        961        640:  79%|███████▉  | 81/102 [42:12<09:52, 28.23s/it]
      14/50      20.8G      1.026     0.7738       1.14       1015        640:  79%|███████▉  | 81/102 [42:46<09:52, 28.23s/it]
      14/50      20.8G      1.026     0.7738       1.14       1015        640:  80%|████████  | 82/102 [42:46<09:57, 29.86s/it]
      14/50      20.8G      1.025     0.7736      1.139        958        640:  80%|████████  | 82/102 [43:14<09:57, 29.86s/it]
      14/50      20.8G      1.025     0.7736      1.139        958        640:  81%|████████▏ | 83/102 [43:14<09:18, 29.37s/it]
      14/50      20.8G      1.024     0.7734      1.139       1121        640:  81%|████████▏ | 83/102 [43:45<09:18, 29.37s/it]
      14/50      20.8G      1.024     0.7734      1.139       1121        640:  82%|████████▏ | 84/102 [43:45<08:53, 29.63s/it]
      14/50      20.8G      1.024     0.7731      1.139       1048        640:  82%|████████▏ | 84/102 [44:10<08:53, 29.63s/it]
      14/50      20.8G      1.024     0.7731      1.139       1048        640:  83%|████████▎ | 85/102 [44:10<08:02, 28.41s/it]
      14/50      20.8G      1.024     0.7732      1.139       1163        640:  83%|████████▎ | 85/102 [44:36<08:02, 28.41s/it]
      14/50      20.8G      1.024     0.7732      1.139       1163        640:  84%|████████▍ | 86/102 [44:36<07:20, 27.51s/it]
      14/50      20.8G      1.024     0.7736      1.139       1029        640:  84%|████████▍ | 86/102 [45:04<07:20, 27.51s/it]
      14/50      20.8G      1.024     0.7736      1.139       1029        640:  85%|████████▌ | 87/102 [45:04<06:57, 27.82s/it]
      14/50      20.8G      1.023     0.7737      1.139        995        640:  85%|████████▌ | 87/102 [45:34<06:57, 27.82s/it]
      14/50      20.8G      1.023     0.7737      1.139        995        640:  86%|████████▋ | 88/102 [45:34<06:39, 28.50s/it]
      14/50      20.8G      1.023     0.7742       1.14       1089        640:  86%|████████▋ | 88/102 [46:05<06:39, 28.50s/it]
      14/50      20.8G      1.023     0.7742       1.14       1089        640:  87%|████████▋ | 89/102 [46:05<06:21, 29.31s/it]
      14/50      20.8G      1.024     0.7749       1.14        941        640:  87%|████████▋ | 89/102 [46:38<06:21, 29.31s/it]
      14/50      20.8G      1.024     0.7749       1.14        941        640:  88%|████████▊ | 90/102 [46:38<06:03, 30.31s/it]
      14/50      20.8G      1.024     0.7753       1.14       1122        640:  88%|████████▊ | 90/102 [47:08<06:03, 30.31s/it]
      14/50      20.8G      1.024     0.7753       1.14       1122        640:  89%|████████▉ | 91/102 [47:08<05:31, 30.17s/it]
      14/50      20.8G      1.024     0.7747       1.14       1025        640:  89%|████████▉ | 91/102 [47:36<05:31, 30.17s/it]
      14/50      20.8G      1.024     0.7747       1.14       1025        640:  90%|█████████ | 92/102 [47:36<04:54, 29.41s/it]
      14/50      20.8G      1.024     0.7745       1.14       1208        640:  90%|█████████ | 92/102 [48:06<04:54, 29.41s/it]
      14/50      20.8G      1.024     0.7745       1.14       1208        640:  91%|█████████ | 93/102 [48:06<04:27, 29.72s/it]
      14/50      20.8G      1.024     0.7742       1.14       1200        640:  91%|█████████ | 93/102 [48:35<04:27, 29.72s/it]
      14/50      20.8G      1.024     0.7742       1.14       1200        640:  92%|█████████▏| 94/102 [48:35<03:55, 29.41s/it]
      14/50      20.8G      1.024     0.7744       1.14       1291        640:  92%|█████████▏| 94/102 [49:02<03:55, 29.41s/it]
      14/50      20.8G      1.024     0.7744       1.14       1291        640:  93%|█████████▎| 95/102 [49:02<03:21, 28.79s/it]
      14/50      20.8G      1.024     0.7747       1.14       1070        640:  93%|█████████▎| 95/102 [49:32<03:21, 28.79s/it]
      14/50      20.8G      1.024     0.7747       1.14       1070        640:  94%|█████████▍| 96/102 [49:32<02:54, 29.03s/it]
      14/50      20.8G      1.024     0.7753       1.14        881        640:  94%|█████████▍| 96/102 [49:57<02:54, 29.03s/it]
      14/50      20.8G      1.024     0.7753       1.14        881        640:  95%|█████████▌| 97/102 [49:57<02:20, 28.02s/it]
      14/50      20.8G      1.024     0.7755       1.14       1137        640:  95%|█████████▌| 97/102 [50:26<02:20, 28.02s/it]
      14/50      20.8G      1.024     0.7755       1.14       1137        640:  96%|█████████▌| 98/102 [50:26<01:52, 28.25s/it]
      14/50      20.8G      1.024     0.7756       1.14        997        640:  96%|█████████▌| 98/102 [50:57<01:52, 28.25s/it]
      14/50      20.8G      1.024     0.7756       1.14        997        640:  97%|█████████▋| 99/102 [50:57<01:26, 28.99s/it]
      14/50      20.8G      1.024     0.7756      1.139       1046        640:  97%|█████████▋| 99/102 [51:27<01:26, 28.99s/it]
      14/50      20.8G      1.024     0.7756      1.139       1046        640:  98%|█████████▊| 100/102 [51:27<00:58, 29.39s/it]
      14/50      20.8G      1.024     0.7761      1.139       1101        640:  98%|█████████▊| 100/102 [51:58<00:58, 29.39s/it]
      14/50      20.8G      1.024     0.7761      1.139       1101        640:  99%|█████████▉| 101/102 [51:58<00:29, 29.96s/it]
      14/50      20.8G      1.024     0.7762      1.139        278        640:  99%|█████████▉| 101/102 [52:04<00:29, 29.96s/it]
      14/50      20.8G      1.024     0.7762      1.139        278        640: 100%|██████████| 102/102 [52:04<00:00, 22.58s/it]
      14/50      20.8G      1.024     0.7762      1.139        278        640: 100%|██████████| 102/102 [52:04<00:00, 30.63s/it]

                 Class     Images  Instances      Box(P          R      mAP50  mAP50-95):   0%|          | 0/13 [00:00<?, ?it/s]
                 Class     Images  Instances      Box(P          R      mAP50  mAP50-95):   8%|▊         | 1/13 [00:00<00:03,  3.16it/s]
                 Class     Images  Instances      Box(P          R      mAP50  mAP50-95):  15%|█▌        | 2/13 [00:00<00:03,  3.19it/s]
                 Class     Images  Instances      Box(P          R      mAP50  mAP50-95):  23%|██▎       | 3/13 [00:00<00:02,  3.36it/s]
                 Class     Images  Instances      Box(P          R      mAP50  mAP50-95):  31%|███       | 4/13 [00:01<00:02,  3.37it/s]
                 Class     Images  Instances      Box(P          R      mAP50  mAP50-95):  38%|███▊      | 5/13 [02:33<07:21, 55.22s/it]
                 Class     Images  Instances      Box(P          R      mAP50  mAP50-95):  46%|████▌     | 6/13 [02:34<04:15, 36.54s/it]
                 Class     Images  Instances      Box(P          R      mAP50  mAP50-95):  54%|█████▍    | 7/13 [04:13<05:43, 57.20s/it]
                 Class     Images  Instances      Box(P          R      mAP50  mAP50-95):  62%|██████▏   | 8/13 [04:14<03:15, 39.09s/it]
                 Class     Images  Instances      Box(P          R      mAP50  mAP50-95):  69%|██████▉   | 9/13 [06:05<04:06, 61.63s/it]
                 Class     Images  Instances      Box(P          R      mAP50  mAP50-95):  77%|███████▋  | 10/13 [06:05<02:08, 42.69s/it]
                 Class     Images  Instances      Box(P          R      mAP50  mAP50-95):  85%|████████▍ | 11/13 [07:53<02:05, 62.74s/it]
                 Class     Images  Instances      Box(P          R      mAP50  mAP50-95):  92%|█████████▏| 12/13 [07:54<00:43, 43.74s/it]
                 Class     Images  Instances      Box(P          R      mAP50  mAP50-95): 100%|██████████| 13/13 [08:31<00:00, 41.85s/it]
                 Class     Images  Instances      Box(P          R      mAP50  mAP50-95): 100%|██████████| 13/13 [08:31<00:00, 39.35s/it]
                   all       1620      15401      0.598      0.461      0.484      0.299

      Epoch    GPU_mem   box_loss   cls_loss   dfl_loss  Instances       Size

  0%|          | 0/102 [00:00<?, ?it/s]
      15/50      15.7G     0.9889     0.8106      1.138        993        640:   0%|          | 0/102 [00:00<?, ?it/s]
      15/50      15.7G     0.9889     0.8106      1.138        993        640:   1%|          | 1/102 [00:00<00:17,  5.62it/s]
      15/50      16.1G     0.9975     0.7843      1.131       1104        640:   1%|          | 1/102 [00:00<00:17,  5.62it/s]
      15/50      16.1G     0.9975     0.7843      1.131       1104        640:   2%|▏         | 2/102 [00:00<00:16,  5.90it/s]
      15/50      16.1G      1.006     0.7727      1.136       1036        640:   2%|▏         | 2/102 [01:20<00:16,  5.90it/s]
      15/50      16.1G      1.006     0.7727      1.136       1036        640:   3%|▎         | 3/102 [01:20<1:00:39, 36.77s/it]
      15/50      16.1G      1.009     0.7797      1.139        980        640:   3%|▎         | 3/102 [02:25<1:00:39, 36.77s/it]
      15/50      16.1G      1.009     0.7797      1.139        980        640:   4%|▍         | 4/102 [02:25<1:18:05, 47.81s/it]
      15/50      16.1G      1.019     0.7813      1.135       1194        640:   4%|▍         | 4/102 [03:09<1:18:05, 47.81s/it]
      15/50      16.1G      1.019     0.7813      1.135       1194        640:   5%|▍         | 5/102 [03:09<1:14:54, 46.33s/it]
      15/50      16.7G      1.023     0.7801      1.138       1122        640:   5%|▍         | 5/102 [03:56<1:14:54, 46.33s/it]
      15/50      16.7G      1.023     0.7801      1.138       1122        640:   6%|▌         | 6/102 [03:56<1:14:35, 46.62s/it]
      15/50      16.7G      1.017     0.7764      1.133       1160        640:   6%|▌         | 6/102 [04:36<1:14:35, 46.62s/it]
      15/50      16.7G      1.017     0.7764      1.133       1160        640:   7%|▋         | 7/102 [04:36<1:10:40, 44.63s/it]
      15/50      17.3G      1.016     0.7706      1.134       1089        640:   7%|▋         | 7/102 [05:05<1:10:40, 44.63s/it]
      15/50      17.3G      1.016     0.7706      1.134       1089        640:   8%|▊         | 8/102 [05:05<1:02:11, 39.70s/it]
      15/50      17.3G      1.014     0.7677      1.131       1084        640:   8%|▊         | 8/102 [05:32<1:02:11, 39.70s/it]
      15/50      17.3G      1.014     0.7677      1.131       1084        640:   9%|▉         | 9/102 [05:32<55:10, 35.59s/it]
      15/50      17.3G      1.016     0.7675      1.133        998        640:   9%|▉         | 9/102 [06:01<55:10, 35.59s/it]
      15/50      17.3G      1.016     0.7675      1.133        998        640:  10%|▉         | 10/102 [06:01<51:20, 33.49s/it]
      15/50      17.3G      1.018     0.7663      1.133       1121        640:  10%|▉         | 10/102 [06:31<51:20, 33.49s/it]
      15/50      17.3G      1.018     0.7663      1.133       1121        640:  11%|█         | 11/102 [06:31<49:04, 32.36s/it]
      15/50      17.3G      1.018     0.7656      1.135       1136        640:  11%|█         | 11/102 [07:00<49:04, 32.36s/it]
      15/50      17.3G      1.018     0.7656      1.135       1136        640:  12%|█▏        | 12/102 [07:00<47:18, 31.54s/it]
      15/50      17.3G       1.02     0.7696      1.139        971        640:  12%|█▏        | 12/102 [07:29<47:18, 31.54s/it]
      15/50      17.3G       1.02     0.7696      1.139        971        640:  13%|█▎        | 13/102 [07:29<45:20, 30.57s/it]
      15/50      17.3G      1.024     0.7733      1.143       1023        640:  13%|█▎        | 13/102 [08:00<45:20, 30.57s/it]
      15/50      17.3G      1.024     0.7733      1.143       1023        640:  14%|█▎        | 14/102 [08:00<45:03, 30.72s/it]
      15/50      17.3G      1.023     0.7728      1.141       1126        640:  14%|█▎        | 14/102 [08:30<45:03, 30.72s/it]
      15/50      17.3G      1.023     0.7728      1.141       1126        640:  15%|█▍        | 15/102 [08:30<44:19, 30.57s/it]
      15/50      17.3G      1.023     0.7754      1.143       1110        640:  15%|█▍        | 15/102 [09:00<44:19, 30.57s/it]
      15/50      17.3G      1.023     0.7754      1.143       1110        640:  16%|█▌        | 16/102 [09:00<43:29, 30.34s/it]
      15/50      17.3G      1.021     0.7757       1.14       1217        640:  16%|█▌        | 16/102 [09:26<43:29, 30.34s/it]
      15/50      17.3G      1.021     0.7757       1.14       1217        640:  17%|█▋        | 17/102 [09:26<41:08, 29.05s/it]
      15/50      17.3G      1.023     0.7814      1.142       1037        640:  17%|█▋        | 17/102 [09:52<41:08, 29.05s/it]
      15/50      17.3G      1.023     0.7814      1.142       1037        640:  18%|█▊        | 18/102 [09:52<39:41, 28.35s/it]
      15/50      17.3G      1.019     0.7801      1.141        992        640:  18%|█▊        | 18/102 [10:21<39:41, 28.35s/it]
      15/50      17.3G      1.019     0.7801      1.141        992        640:  19%|█▊        | 19/102 [10:21<39:22, 28.46s/it]
      15/50      17.3G      1.019     0.7807      1.142       1001        640:  19%|█▊        | 19/102 [10:49<39:22, 28.46s/it]
      15/50      17.3G      1.019     0.7807      1.142       1001        640:  20%|█▉        | 20/102 [10:49<38:41, 28.31s/it]
      15/50      17.3G      1.019      0.782      1.142        985        640:  20%|█▉        | 20/102 [11:16<38:41, 28.31s/it]
      15/50      17.3G      1.019      0.782      1.142        985        640:  21%|██        | 21/102 [11:16<37:43, 27.94s/it]
      15/50      17.3G      1.017     0.7807      1.141        907        640:  21%|██        | 21/102 [11:48<37:43, 27.94s/it]
      15/50      17.3G      1.017     0.7807      1.141        907        640:  22%|██▏       | 22/102 [11:48<38:53, 29.17s/it]
      15/50      17.3G      1.019     0.7833      1.143       1080        640:  22%|██▏       | 22/102 [12:23<38:53, 29.17s/it]
      15/50      17.3G      1.019     0.7833      1.143       1080        640:  23%|██▎       | 23/102 [12:23<40:34, 30.82s/it]
      15/50      17.3G      1.018     0.7827      1.142       1043        640:  23%|██▎       | 23/102 [12:50<40:34, 30.82s/it]
      15/50      17.3G      1.018     0.7827      1.142       1043        640:  24%|██▎       | 24/102 [12:50<38:30, 29.62s/it]
      15/50      17.3G      1.018      0.781      1.141       1086        640:  24%|██▎       | 24/102 [13:16<38:30, 29.62s/it]
      15/50      17.3G      1.018      0.781      1.141       1086        640:  25%|██▍       | 25/102 [13:16<36:32, 28.47s/it]
      15/50      17.3G      1.017     0.7799       1.14       1245        640:  25%|██▍       | 25/102 [13:44<36:32, 28.47s/it]
      15/50      17.3G      1.017     0.7799       1.14       1245        640:  25%|██▌       | 26/102 [13:44<36:14, 28.61s/it]
      15/50      17.3G      1.017     0.7794      1.138       1106        640:  25%|██▌       | 26/102 [14:14<36:14, 28.61s/it]
      15/50      17.3G      1.017     0.7794      1.138       1106        640:  26%|██▋       | 27/102 [14:14<36:05, 28.87s/it]
      15/50      17.3G      1.018     0.7802      1.139        968        640:  26%|██▋       | 27/102 [14:45<36:05, 28.87s/it]
      15/50      17.3G      1.018     0.7802      1.139        968        640:  27%|██▋       | 28/102 [14:45<36:34, 29.65s/it]
      15/50      17.3G      1.018     0.7789      1.139       1126        640:  27%|██▋       | 28/102 [15:16<36:34, 29.65s/it]
      15/50      17.3G      1.018     0.7789      1.139       1126        640:  28%|██▊       | 29/102 [15:16<36:34, 30.07s/it]
      15/50      17.3G      1.016      0.777      1.137       1094        640:  28%|██▊       | 29/102 [15:49<36:34, 30.07s/it]
      15/50      17.3G      1.016      0.777      1.137       1094        640:  29%|██▉       | 30/102 [15:49<36:47, 30.66s/it]
      15/50      17.3G      1.015     0.7768      1.136       1164        640:  29%|██▉       | 30/102 [16:19<36:47, 30.66s/it]
      15/50      17.3G      1.015     0.7768      1.136       1164        640:  30%|███       | 31/102 [16:19<36:23, 30.75s/it]
      15/50      18.4G      1.015     0.7759      1.136       1342        640:  30%|███       | 31/102 [16:54<36:23, 30.75s/it]
      15/50      18.4G      1.015     0.7759      1.136       1342        640:  31%|███▏      | 32/102 [16:54<37:18, 31.99s/it]
      15/50      18.4G      1.015      0.775      1.136       1132        640:  31%|███▏      | 32/102 [17:25<37:18, 31.99s/it]
      15/50      18.4G      1.015      0.775      1.136       1132        640:  32%|███▏      | 33/102 [17:25<36:29, 31.73s/it]
      15/50      18.4G      1.014      0.774      1.135       1181        640:  32%|███▏      | 33/102 [17:55<36:29, 31.73s/it]
      15/50      18.4G      1.014      0.774      1.135       1181        640:  33%|███▎      | 34/102 [17:55<35:11, 31.05s/it]
      15/50      18.4G      1.014     0.7729      1.134       1210        640:  33%|███▎      | 34/102 [18:22<35:11, 31.05s/it]
      15/50      18.4G      1.014     0.7729      1.134       1210        640:  34%|███▍      | 35/102 [18:22<33:25, 29.94s/it]
      15/50      18.4G      1.014     0.7735      1.134       1069        640:  34%|███▍      | 35/102 [18:55<33:25, 29.94s/it]
      15/50      18.4G      1.014     0.7735      1.134       1069        640:  35%|███▌      | 36/102 [18:55<33:50, 30.76s/it]
      15/50      18.4G      1.013     0.7734      1.134        976        640:  35%|███▌      | 36/102 [19:27<33:50, 30.76s/it]
      15/50      18.4G      1.013     0.7734      1.134        976        640:  36%|███▋      | 37/102 [19:27<33:41, 31.09s/it]
      15/50      18.4G      1.015     0.7749      1.135       1156        640:  36%|███▋      | 37/102 [19:55<33:41, 31.09s/it]
      15/50      18.4G      1.015     0.7749      1.135       1156        640:  37%|███▋      | 38/102 [19:55<32:17, 30.27s/it]
      15/50      18.4G      1.013     0.7742      1.135       1027        640:  37%|███▋      | 38/102 [20:26<32:17, 30.27s/it]
      15/50      18.4G      1.013     0.7742      1.135       1027        640:  38%|███▊      | 39/102 [20:26<32:04, 30.55s/it]
      15/50      18.4G      1.012      0.773      1.134       1102        640:  38%|███▊      | 39/102 [20:56<32:04, 30.55s/it]
      15/50      18.4G      1.012      0.773      1.134       1102        640:  39%|███▉      | 40/102 [20:56<31:10, 30.18s/it]
      15/50      18.4G      1.013     0.7721      1.135       1077        640:  39%|███▉      | 40/102 [21:28<31:10, 30.18s/it]
      15/50      18.4G      1.013     0.7721      1.135       1077        640:  40%|████      | 41/102 [21:28<31:21, 30.84s/it]
      15/50      18.4G      1.013     0.7719      1.134       1242        640:  40%|████      | 41/102 [21:52<31:21, 30.84s/it]
      15/50      18.4G      1.013     0.7719      1.134       1242        640:  41%|████      | 42/102 [21:52<28:48, 28.81s/it]
      15/50      18.4G      1.014      0.771      1.134       1179        640:  41%|████      | 42/102 [22:23<28:48, 28.81s/it]
      15/50      18.4G      1.014      0.771      1.134       1179        640:  42%|████▏     | 43/102 [22:23<28:55, 29.41s/it]
      15/50      18.4G      1.014     0.7708      1.134       1205        640:  42%|████▏     | 43/102 [22:54<28:55, 29.41s/it]
      15/50      18.4G      1.014     0.7708      1.134       1205        640:  43%|████▎     | 44/102 [22:54<28:50, 29.84s/it]
      15/50      18.4G      1.013     0.7697      1.133       1425        640:  43%|████▎     | 44/102 [23:25<28:50, 29.84s/it]
      15/50      18.4G      1.013     0.7697      1.133       1425        640:  44%|████▍     | 45/102 [23:25<28:47, 30.31s/it]
      15/50      18.4G      1.014     0.7692      1.133       1186        640:  44%|████▍     | 45/102 [23:50<28:47, 30.31s/it]
      15/50      18.4G      1.014     0.7692      1.133       1186        640:  45%|████▌     | 46/102 [23:50<26:43, 28.64s/it]
      15/50      18.4G      1.014     0.7691      1.133       1077        640:  45%|████▌     | 46/102 [24:19<26:43, 28.64s/it]
      15/50      18.4G      1.014     0.7691      1.133       1077        640:  46%|████▌     | 47/102 [24:19<26:25, 28.82s/it]
      15/50      18.4G      1.014     0.7696      1.133       1194        640:  46%|████▌     | 47/102 [24:48<26:25, 28.82s/it]
      15/50      18.4G      1.014     0.7696      1.133       1194        640:  47%|████▋     | 48/102 [24:48<26:00, 28.89s/it]
      15/50      18.4G      1.015     0.7692      1.134       1099        640:  47%|████▋     | 48/102 [25:18<26:00, 28.89s/it]
      15/50      18.4G      1.015     0.7692      1.134       1099        640:  48%|████▊     | 49/102 [25:18<25:38, 29.03s/it]
      15/50      18.4G      1.014     0.7684      1.133       1105        640:  48%|████▊     | 49/102 [25:49<25:38, 29.03s/it]
      15/50      18.4G      1.014     0.7684      1.133       1105        640:  49%|████▉     | 50/102 [25:49<25:38, 29.59s/it]
      15/50      18.4G      1.015     0.7682      1.133       1006        640:  49%|████▉     | 50/102 [26:17<25:38, 29.59s/it]
      15/50      18.4G      1.015     0.7682      1.133       1006        640:  50%|█████     | 51/102 [26:17<24:56, 29.35s/it]
      15/50      18.4G      1.014     0.7673      1.133       1288        640:  50%|█████     | 51/102 [26:44<24:56, 29.35s/it]
      15/50      18.4G      1.014     0.7673      1.133       1288        640:  51%|█████     | 52/102 [26:44<23:44, 28.50s/it]
      15/50      18.4G      1.014     0.7667      1.132        988        640:  51%|█████     | 52/102 [27:14<23:44, 28.50s/it]
      15/50      18.4G      1.014     0.7667      1.132        988        640:  52%|█████▏    | 53/102 [27:14<23:41, 29.01s/it]
      15/50      18.4G      1.013     0.7658      1.132       1070        640:  52%|█████▏    | 53/102 [27:43<23:41, 29.01s/it]
      15/50      18.4G      1.013     0.7658      1.132       1070        640:  53%|█████▎    | 54/102 [27:43<23:13, 29.03s/it]
      15/50      18.4G      1.012     0.7654      1.132       1048        640:  53%|█████▎    | 54/102 [28:14<23:13, 29.03s/it]
      15/50      18.4G      1.012     0.7654      1.132       1048        640:  54%|█████▍    | 55/102 [28:14<23:06, 29.50s/it]
      15/50      18.4G      1.012     0.7646      1.131       1064        640:  54%|█████▍    | 55/102 [28:46<23:06, 29.50s/it]
      15/50      18.4G      1.012     0.7646      1.131       1064        640:  55%|█████▍    | 56/102 [28:46<23:14, 30.32s/it]
      15/50      18.4G      1.012     0.7635      1.131       1084        640:  55%|█████▍    | 56/102 [29:20<23:14, 30.32s/it]
      15/50      18.4G      1.012     0.7635      1.131       1084        640:  56%|█████▌    | 57/102 [29:20<23:40, 31.58s/it]
      15/50      18.4G      1.012     0.7634      1.131       1014        640:  56%|█████▌    | 57/102 [29:42<23:40, 31.58s/it]
      15/50      18.4G      1.012     0.7634      1.131       1014        640:  57%|█████▋    | 58/102 [29:42<21:00, 28.65s/it]
      15/50      18.4G      1.013     0.7635      1.131       1088        640:  57%|█████▋    | 58/102 [30:15<21:00, 28.65s/it]
      15/50      18.4G      1.013     0.7635      1.131       1088        640:  58%|█████▊    | 59/102 [30:15<21:23, 29.86s/it]
      15/50      18.4G      1.012      0.763      1.131       1055        640:  58%|█████▊    | 59/102 [30:45<21:23, 29.86s/it]
      15/50      18.4G      1.012      0.763      1.131       1055        640:  59%|█████▉    | 60/102 [30:45<20:55, 29.89s/it]
      15/50      18.4G      1.013     0.7636      1.131       1085        640:  59%|█████▉    | 60/102 [31:15<20:55, 29.89s/it]
      15/50      18.4G      1.013     0.7636      1.131       1085        640:  60%|█████▉    | 61/102 [31:15<20:33, 30.08s/it]
      15/50      18.4G      1.014     0.7637      1.131       1191        640:  60%|█████▉    | 61/102 [31:44<20:33, 30.08s/it]
      15/50      18.4G      1.014     0.7637      1.131       1191        640:  61%|██████    | 62/102 [31:44<19:40, 29.52s/it]
      15/50      18.4G      1.014     0.7637      1.132       1012        640:  61%|██████    | 62/102 [32:19<19:40, 29.52s/it]
      15/50      18.4G      1.014     0.7637      1.132       1012        640:  62%|██████▏   | 63/102 [32:19<20:20, 31.30s/it]
      15/50      18.4G      1.013     0.7631      1.131       1040        640:  62%|██████▏   | 63/102 [32:51<20:20, 31.30s/it]
      15/50      18.4G      1.013     0.7631      1.131       1040        640:  63%|██████▎   | 64/102 [32:51<19:57, 31.51s/it]
      15/50      18.4G      1.014     0.7631      1.131       1097        640:  63%|██████▎   | 64/102 [33:25<19:57, 31.51s/it]
      15/50      18.4G      1.014     0.7631      1.131       1097        640:  64%|██████▎   | 65/102 [33:25<19:58, 32.38s/it]
      15/50      18.4G      1.014      0.763      1.131       1145        640:  64%|██████▎   | 65/102 [34:01<19:58, 32.38s/it]
      15/50      18.4G      1.014      0.763      1.131       1145        640:  65%|██████▍   | 66/102 [34:01<20:03, 33.43s/it]
      15/50      18.4G      1.014     0.7634      1.131       1039        640:  65%|██████▍   | 66/102 [34:31<20:03, 33.43s/it]
      15/50      18.4G      1.014     0.7634      1.131       1039        640:  66%|██████▌   | 67/102 [34:31<18:50, 32.30s/it]
      15/50      18.4G      1.013     0.7628      1.131       1035        640:  66%|██████▌   | 67/102 [34:57<18:50, 32.30s/it]
      15/50      18.4G      1.013     0.7628      1.131       1035        640:  67%|██████▋   | 68/102 [34:57<17:12, 30.37s/it]
      15/50      18.4G      1.013     0.7626      1.132        949        640:  67%|██████▋   | 68/102 [35:27<17:12, 30.37s/it]
      15/50      18.4G      1.013     0.7626      1.132        949        640:  68%|██████▊   | 69/102 [35:27<16:37, 30.22s/it]
      15/50      18.4G      1.013     0.7627      1.132       1069        640:  68%|██████▊   | 69/102 [36:01<16:37, 30.22s/it]
      15/50      18.4G      1.013     0.7627      1.132       1069        640:  69%|██████▊   | 70/102 [36:01<16:42, 31.33s/it]
      15/50      18.4G      1.014     0.7623      1.132       1154        640:  69%|██████▊   | 70/102 [36:31<16:42, 31.33s/it]
      15/50      18.4G      1.014     0.7623      1.132       1154        640:  70%|██████▉   | 71/102 [36:31<16:04, 31.10s/it]
      15/50      18.4G      1.013     0.7618      1.131       1047        640:  70%|██████▉   | 71/102 [36:59<16:04, 31.10s/it]
      15/50      18.4G      1.013     0.7618      1.131       1047        640:  71%|███████   | 72/102 [36:59<15:03, 30.13s/it]
      15/50      18.4G      1.013     0.7613      1.131       1097        640:  71%|███████   | 72/102 [37:28<15:03, 30.13s/it]
      15/50      18.4G      1.013     0.7613      1.131       1097        640:  72%|███████▏  | 73/102 [37:28<14:25, 29.84s/it]
      15/50      18.4G      1.013     0.7608      1.131       1063        640:  72%|███████▏  | 73/102 [37:57<14:25, 29.84s/it]
      15/50      18.4G      1.013     0.7608      1.131       1063        640:  73%|███████▎  | 74/102 [37:57<13:44, 29.46s/it]
      15/50      18.4G      1.012     0.7603      1.131       1146        640:  73%|███████▎  | 74/102 [38:22<13:44, 29.46s/it]
      15/50      18.4G      1.012     0.7603      1.131       1146        640:  74%|███████▎  | 75/102 [38:22<12:37, 28.04s/it]
      15/50      18.4G      1.012     0.7597      1.131       1213        640:  74%|███████▎  | 75/102 [38:45<12:37, 28.04s/it]
      15/50      18.4G      1.012     0.7597      1.131       1213        640:  75%|███████▍  | 76/102 [38:45<11:34, 26.71s/it]
      15/50      18.4G      1.012       0.76      1.131       1082        640:  75%|███████▍  | 76/102 [39:14<11:34, 26.71s/it]
      15/50      18.4G      1.012       0.76      1.131       1082        640:  75%|███████▌  | 77/102 [39:14<11:22, 27.30s/it]
      15/50      18.4G      1.011     0.7599      1.131        898        640:  75%|███████▌  | 77/102 [39:40<11:22, 27.30s/it]
      15/50      18.4G      1.011     0.7599      1.131        898        640:  76%|███████▋  | 78/102 [39:40<10:49, 27.06s/it]
      15/50      18.4G      1.011     0.7599      1.131       1022        640:  76%|███████▋  | 78/102 [40:11<10:49, 27.06s/it]
      15/50      18.4G      1.011     0.7599      1.131       1022        640:  77%|███████▋  | 79/102 [40:11<10:43, 27.99s/it]
      15/50      18.4G      1.011     0.7598      1.131       1114        640:  77%|███████▋  | 79/102 [40:41<10:43, 27.99s/it]
      15/50      18.4G      1.011     0.7598      1.131       1114        640:  78%|███████▊  | 80/102 [40:41<10:29, 28.63s/it]
      15/50      18.4G       1.01     0.7597      1.131        973        640:  78%|███████▊  | 80/102 [41:06<10:29, 28.63s/it]
      15/50      18.4G       1.01     0.7597      1.131        973        640:  79%|███████▉  | 81/102 [41:06<09:41, 27.68s/it]
      15/50      18.4G      1.011     0.7601      1.131       1144        640:  79%|███████▉  | 81/102 [41:34<09:41, 27.68s/it]
      15/50      18.4G      1.011     0.7601      1.131       1144        640:  80%|████████  | 82/102 [41:34<09:17, 27.86s/it]
      15/50      18.4G      1.011     0.7603      1.131        864        640:  80%|████████  | 82/102 [42:06<09:17, 27.86s/it]
      15/50      18.4G      1.011     0.7603      1.131        864        640:  81%|████████▏ | 83/102 [42:06<09:11, 29.03s/it]
      15/50      18.4G      1.011     0.7607      1.131       1074        640:  81%|████████▏ | 83/102 [42:35<09:11, 29.03s/it]
      15/50      18.4G      1.011     0.7607      1.131       1074        640:  82%|████████▏ | 84/102 [42:35<08:41, 28.99s/it]
      15/50      18.4G      1.011     0.7604      1.131       1106        640:  82%|████████▏ | 84/102 [43:04<08:41, 28.99s/it]
      15/50      18.4G      1.011     0.7604      1.131       1106        640:  83%|████████▎ | 85/102 [43:04<08:11, 28.92s/it]
      15/50      18.4G       1.01       0.76      1.131       1086        640:  83%|████████▎ | 85/102 [43:33<08:11, 28.92s/it]
      15/50      18.4G       1.01       0.76      1.131       1086        640:  84%|████████▍ | 86/102 [43:33<07:45, 29.09s/it]
      15/50      18.4G       1.01     0.7594       1.13       1153        640:  84%|████████▍ | 86/102 [44:03<07:45, 29.09s/it]
      15/50      18.4G       1.01     0.7594       1.13       1153        640:  85%|████████▌ | 87/102 [44:03<07:20, 29.40s/it]
      15/50      18.4G      1.009     0.7587       1.13        896        640:  85%|████████▌ | 87/102 [44:35<07:20, 29.40s/it]
      15/50      18.4G      1.009     0.7587       1.13        896        640:  86%|████████▋ | 88/102 [44:35<06:59, 29.99s/it]
      15/50      18.4G       1.01      0.759       1.13       1196        640:  86%|████████▋ | 88/102 [45:05<06:59, 29.99s/it]
      15/50      18.4G       1.01      0.759       1.13       1196        640:  87%|████████▋ | 89/102 [45:05<06:31, 30.08s/it]
      15/50      18.4G      1.009     0.7589       1.13       1120        640:  87%|████████▋ | 89/102 [45:36<06:31, 30.08s/it]
      15/50      18.4G      1.009     0.7589       1.13       1120        640:  88%|████████▊ | 90/102 [45:36<06:02, 30.21s/it]
      15/50      18.4G       1.01      0.759       1.13       1140        640:  88%|████████▊ | 90/102 [45:59<06:02, 30.21s/it]
      15/50      18.4G       1.01      0.759       1.13       1140        640:  89%|████████▉ | 91/102 [45:59<05:09, 28.14s/it]
      15/50      18.4G       1.01     0.7594       1.13       1015        640:  89%|████████▉ | 91/102 [46:28<05:09, 28.14s/it]
      15/50      18.4G       1.01     0.7594       1.13       1015        640:  90%|█████████ | 92/102 [46:28<04:45, 28.53s/it]
      15/50      18.4G      1.011     0.7598      1.131        990        640:  90%|█████████ | 92/102 [47:01<04:45, 28.53s/it]
      15/50      18.4G      1.011     0.7598      1.131        990        640:  91%|█████████ | 93/102 [47:01<04:27, 29.68s/it]
      15/50      18.4G       1.01     0.7595       1.13       1037        640:  91%|█████████ | 93/102 [47:29<04:27, 29.68s/it]
      15/50      18.4G       1.01     0.7595       1.13       1037        640:  92%|█████████▏| 94/102 [47:29<03:55, 29.39s/it]
      15/50      18.4G       1.01     0.7595       1.13        989        640:  92%|█████████▏| 94/102 [47:56<03:55, 29.39s/it]
      15/50      18.4G       1.01     0.7595       1.13        989        640:  93%|█████████▎| 95/102 [47:56<03:19, 28.53s/it]
      15/50      18.4G       1.01     0.7599      1.131       1216        640:  93%|█████████▎| 95/102 [48:24<03:19, 28.53s/it]
      15/50      18.4G       1.01     0.7599      1.131       1216        640:  94%|█████████▍| 96/102 [48:24<02:50, 28.37s/it]
      15/50      18.4G       1.01     0.7598      1.131       1023        640:  94%|█████████▍| 96/102 [48:55<02:50, 28.37s/it]
      15/50      18.4G       1.01     0.7598      1.131       1023        640:  95%|█████████▌| 97/102 [48:55<02:25, 29.15s/it]
      15/50      18.4G       1.01     0.7598      1.131       1042        640:  95%|█████████▌| 97/102 [49:24<02:25, 29.15s/it]
      15/50      18.4G       1.01     0.7598      1.131       1042        640:  96%|█████████▌| 98/102 [49:24<01:55, 28.99s/it]
      15/50      18.4G       1.01     0.7596       1.13       1105        640:  96%|█████████▌| 98/102 [49:53<01:55, 28.99s/it]
      15/50      18.4G       1.01     0.7596       1.13       1105        640:  97%|█████████▋| 99/102 [49:53<01:27, 29.21s/it]
      15/50      18.4G      1.009     0.7594       1.13       1166        640:  97%|█████████▋| 99/102 [50:24<01:27, 29.21s/it]
      15/50      18.4G      1.009     0.7594       1.13       1166        640:  98%|█████████▊| 100/102 [50:24<00:59, 29.63s/it]
      15/50      18.4G       1.01     0.7597       1.13       1204        640:  98%|█████████▊| 100/102 [50:55<00:59, 29.63s/it]
      15/50      18.4G       1.01     0.7597       1.13       1204        640:  99%|█████████▉| 101/102 [50:55<00:29, 29.94s/it]
      15/50      18.4G      1.009     0.7591       1.13        239        640:  99%|█████████▉| 101/102 [51:01<00:29, 29.94s/it]
      15/50      18.4G      1.009     0.7591       1.13        239        640: 100%|██████████| 102/102 [51:01<00:00, 22.83s/it]
      15/50      18.4G      1.009     0.7591       1.13        239        640: 100%|██████████| 102/102 [51:01<00:00, 30.01s/it]

                 Class     Images  Instances      Box(P          R      mAP50  mAP50-95):   0%|          | 0/13 [00:00<?, ?it/s]
                 Class     Images  Instances      Box(P          R      mAP50  mAP50-95):   8%|▊         | 1/13 [00:00<00:03,  3.44it/s]
                 Class     Images  Instances      Box(P          R      mAP50  mAP50-95):  15%|█▌        | 2/13 [00:00<00:03,  3.31it/s]
                 Class     Images  Instances      Box(P          R      mAP50  mAP50-95):  23%|██▎       | 3/13 [00:00<00:02,  3.41it/s]
                 Class     Images  Instances      Box(P          R      mAP50  mAP50-95):  31%|███       | 4/13 [00:01<00:02,  3.43it/s]
                 Class     Images  Instances      Box(P          R      mAP50  mAP50-95):  38%|███▊      | 5/13 [02:37<07:31, 56.50s/it]
                 Class     Images  Instances      Box(P          R      mAP50  mAP50-95):  46%|████▌     | 6/13 [02:37<04:21, 37.38s/it]
                 Class     Images  Instances      Box(P          R      mAP50  mAP50-95):  54%|█████▍    | 7/13 [04:15<05:43, 57.19s/it]
                 Class     Images  Instances      Box(P          R      mAP50  mAP50-95):  62%|██████▏   | 8/13 [04:15<03:15, 39.08s/it]
                 Class     Images  Instances      Box(P          R      mAP50  mAP50-95):  69%|██████▉   | 9/13 [06:05<04:03, 61.00s/it]
                 Class     Images  Instances      Box(P          R      mAP50  mAP50-95):  77%|███████▋  | 10/13 [06:05<02:06, 42.25s/it]
                 Class     Images  Instances      Box(P          R      mAP50  mAP50-95):  85%|████████▍ | 11/13 [07:54<02:05, 62.63s/it]
                 Class     Images  Instances      Box(P          R      mAP50  mAP50-95):  92%|█████████▏| 12/13 [07:54<00:43, 43.66s/it]
                 Class     Images  Instances      Box(P          R      mAP50  mAP50-95): 100%|██████████| 13/13 [08:32<00:00, 41.87s/it]
                 Class     Images  Instances      Box(P          R      mAP50  mAP50-95): 100%|██████████| 13/13 [08:32<00:00, 39.40s/it]
                   all       1620      15401      0.621      0.476      0.503      0.311

      Epoch    GPU_mem   box_loss   cls_loss   dfl_loss  Instances       Size

  0%|          | 0/102 [00:00<?, ?it/s]
      16/50      15.9G      1.001     0.7324      1.139        990        640:   0%|          | 0/102 [00:00<?, ?it/s]
      16/50      15.9G      1.001     0.7324      1.139        990        640:   1%|          | 1/102 [00:00<00:17,  5.72it/s]
      16/50      16.5G       1.02     0.7388      1.142       1089        640:   1%|          | 1/102 [00:00<00:17,  5.72it/s]
      16/50      16.5G       1.02     0.7388      1.142       1089        640:   2%|▏         | 2/102 [00:00<00:16,  5.92it/s]
      16/50      16.5G      1.009      0.744      1.138       1078        640:   2%|▏         | 2/102 [01:01<00:16,  5.92it/s]
      16/50      16.5G      1.009      0.744      1.138       1078        640:   3%|▎         | 3/102 [01:01<46:34, 28.23s/it]
      16/50      17.1G      1.007      0.756      1.138        934        640:   3%|▎         | 3/102 [02:14<46:34, 28.23s/it]
      16/50      17.1G      1.007      0.756      1.138        934        640:   4%|▍         | 4/102 [02:14<1:14:25, 45.56s/it]
      16/50      17.1G       1.01     0.7469      1.135       1083        640:   4%|▍         | 4/102 [03:06<1:14:25, 45.56s/it]
      16/50      17.1G       1.01     0.7469      1.135       1083        640:   5%|▍         | 5/102 [03:06<1:17:40, 48.05s/it]
      16/50        18G      1.007     0.7529      1.132       1063        640:   5%|▍         | 5/102 [03:56<1:17:40, 48.05s/it]
      16/50        18G      1.007     0.7529      1.132       1063        640:   6%|▌         | 6/102 [03:56<1:17:45, 48.60s/it]
      16/50        18G     0.9938     0.7471      1.126       1015        640:   6%|▌         | 6/102 [04:39<1:17:45, 48.60s/it]
      16/50        18G     0.9938     0.7471      1.126       1015        640:   7%|▋         | 7/102 [04:39<1:14:10, 46.85s/it]
      16/50        18G     0.9939     0.7491      1.126       1028        640:   7%|▋         | 7/102 [05:11<1:14:10, 46.85s/it]
      16/50        18G     0.9939     0.7491      1.126       1028        640:   8%|▊         | 8/102 [05:11<1:05:52, 42.05s/it]
      16/50      18.9G     0.9982     0.7512      1.129       1144        640:   8%|▊         | 8/102 [05:36<1:05:52, 42.05s/it]
      16/50      18.9G     0.9982     0.7512      1.129       1144        640:   9%|▉         | 9/102 [05:36<57:08, 36.86s/it]
      16/50      18.9G     0.9997     0.7531      1.129       1102        640:   9%|▉         | 9/102 [06:07<57:08, 36.86s/it]
      16/50      18.9G     0.9997     0.7531      1.129       1102        640:  10%|▉         | 10/102 [06:07<53:36, 34.96s/it]
      16/50      18.9G     0.9983     0.7507      1.127       1105        640:  10%|▉         | 10/102 [06:38<53:36, 34.96s/it]
      16/50      18.9G     0.9983     0.7507      1.127       1105        640:  11%|█         | 11/102 [06:38<51:05, 33.68s/it]
      16/50      18.9G      1.001     0.7515      1.128       1036        640:  11%|█         | 11/102 [07:08<51:05, 33.68s/it]
      16/50      18.9G      1.001     0.7515      1.128       1036        640:  12%|█▏        | 12/102 [07:08<49:00, 32.67s/it]
      16/50      18.9G      1.002     0.7508      1.127       1111        640:  12%|█▏        | 12/102 [07:41<49:00, 32.67s/it]
      16/50      18.9G      1.002     0.7508      1.127       1111        640:  13%|█▎        | 13/102 [07:41<48:41, 32.83s/it]
      16/50      18.9G      1.006     0.7533      1.129       1117        640:  13%|█▎        | 13/102 [08:08<48:41, 32.83s/it]
      16/50      18.9G      1.006     0.7533      1.129       1117        640:  14%|█▎        | 14/102 [08:08<45:34, 31.07s/it]
      16/50      18.9G      1.005     0.7513      1.129       1166        640:  14%|█▎        | 14/102 [08:35<45:34, 31.07s/it]
      16/50      18.9G      1.005     0.7513      1.129       1166        640:  15%|█▍        | 15/102 [08:35<43:09, 29.77s/it]
      16/50      18.9G      1.004     0.7497      1.126       1150        640:  15%|█▍        | 15/102 [09:05<43:09, 29.77s/it]
      16/50      18.9G      1.004     0.7497      1.126       1150        640:  16%|█▌        | 16/102 [09:05<42:44, 29.81s/it]
      16/50      18.9G      1.004      0.748      1.125       1081        640:  16%|█▌        | 16/102 [09:35<42:44, 29.81s/it]
      16/50      18.9G      1.004      0.748      1.125       1081        640:  17%|█▋        | 17/102 [09:35<42:13, 29.81s/it]
      16/50      18.9G      1.006     0.7475      1.124       1249        640:  17%|█▋        | 17/102 [10:04<42:13, 29.81s/it]
      16/50      18.9G      1.006     0.7475      1.124       1249        640:  18%|█▊        | 18/102 [10:04<41:30, 29.65s/it]
      16/50      18.9G      1.004     0.7463      1.121       1208        640:  18%|█▊        | 18/102 [10:34<41:30, 29.65s/it]
      16/50      18.9G      1.004     0.7463      1.121       1208        640:  19%|█▊        | 19/102 [10:34<41:12, 29.79s/it]
      16/50      18.9G      1.005     0.7484      1.122       1178        640:  19%|█▊        | 19/102 [11:00<41:12, 29.79s/it]
      16/50      18.9G      1.005     0.7484      1.122       1178        640:  20%|█▉        | 20/102 [11:00<39:17, 28.75s/it]
      16/50      18.9G      1.004     0.7457      1.121       1164        640:  20%|█▉        | 20/102 [11:27<39:17, 28.75s/it]
      16/50      18.9G      1.004     0.7457      1.121       1164        640:  21%|██        | 21/102 [11:27<37:56, 28.11s/it]
      16/50      18.9G      1.005     0.7456      1.121       1272        640:  21%|██        | 21/102 [11:57<37:56, 28.11s/it]
      16/50      18.9G      1.005     0.7456      1.121       1272        640:  22%|██▏       | 22/102 [11:57<38:22, 28.78s/it]
      16/50      18.9G      1.005     0.7452      1.121       1083        640:  22%|██▏       | 22/102 [12:26<38:22, 28.78s/it]
      16/50      18.9G      1.005     0.7452      1.121       1083        640:  23%|██▎       | 23/102 [12:26<38:01, 28.87s/it]
      16/50      18.9G      1.008     0.7463      1.121       1312        640:  23%|██▎       | 23/102 [13:00<38:01, 28.87s/it]
      16/50      18.9G      1.008     0.7463      1.121       1312        640:  24%|██▎       | 24/102 [13:00<39:28, 30.37s/it]
      16/50      18.9G      1.006     0.7477      1.121       1090        640:  24%|██▎       | 24/102 [13:31<39:28, 30.37s/it]
      16/50      18.9G      1.006     0.7477      1.121       1090        640:  25%|██▍       | 25/102 [13:31<39:13, 30.56s/it]
      16/50      18.9G      1.007     0.7478      1.121       1058        640:  25%|██▍       | 25/102 [14:01<39:13, 30.56s/it]
      16/50      18.9G      1.007     0.7478      1.121       1058        640:  25%|██▌       | 26/102 [14:01<38:24, 30.32s/it]
      16/50      18.9G      1.007     0.7467      1.121       1179        640:  25%|██▌       | 26/102 [14:33<38:24, 30.32s/it]
      16/50      18.9G      1.007     0.7467      1.121       1179        640:  26%|██▋       | 27/102 [14:33<38:28, 30.78s/it]
      16/50      18.9G      1.008     0.7456      1.121       1146        640:  26%|██▋       | 27/102 [15:01<38:28, 30.78s/it]
      16/50      18.9G      1.008     0.7456      1.121       1146        640:  27%|██▋       | 28/102 [15:01<37:00, 30.00s/it]
      16/50      18.9G      1.008     0.7447      1.121       1076        640:  27%|██▋       | 28/102 [15:29<37:00, 30.00s/it]
      16/50      18.9G      1.008     0.7447      1.121       1076        640:  28%|██▊       | 29/102 [15:29<35:33, 29.23s/it]
      16/50      18.9G      1.007     0.7436       1.12       1071        640:  28%|██▊       | 29/102 [15:58<35:33, 29.23s/it]
      16/50      18.9G      1.007     0.7436       1.12       1071        640:  29%|██▉       | 30/102 [15:58<35:15, 29.39s/it]
      16/50      18.9G      1.007     0.7427      1.119       1139        640:  29%|██▉       | 30/102 [16:30<35:15, 29.39s/it]
      16/50      18.9G      1.007     0.7427      1.119       1139        640:  30%|███       | 31/102 [16:30<35:32, 30.03s/it]
      16/50      18.9G      1.009     0.7424      1.119       1228        640:  30%|███       | 31/102 [16:59<35:32, 30.03s/it]
      16/50      18.9G      1.009     0.7424      1.119       1228        640:  31%|███▏      | 32/102 [16:59<34:35, 29.65s/it]
      16/50      18.9G       1.01      0.743      1.119       1131        640:  31%|███▏      | 32/102 [17:30<34:35, 29.65s/it]
      16/50      18.9G       1.01      0.743      1.119       1131        640:  32%|███▏      | 33/102 [17:30<34:45, 30.22s/it]
      16/50      18.9G      1.009     0.7435      1.118       1112        640:  32%|███▏      | 33/102 [18:01<34:45, 30.22s/it]
      16/50      18.9G      1.009     0.7435      1.118       1112        640:  33%|███▎      | 34/102 [18:01<34:22, 30.34s/it]
      16/50      18.9G      1.008     0.7425      1.117       1073        640:  33%|███▎      | 34/102 [18:29<34:22, 30.34s/it]
      16/50      18.9G      1.008     0.7425      1.117       1073        640:  34%|███▍      | 35/102 [18:29<33:08, 29.68s/it]
      16/50      18.9G      1.007     0.7415      1.117        993        640:  34%|███▍      | 35/102 [18:53<33:08, 29.68s/it]
      16/50      18.9G      1.007     0.7415      1.117        993        640:  35%|███▌      | 36/102 [18:53<30:48, 28.01s/it]
      16/50      18.9G      1.006     0.7411      1.116       1068        640:  35%|███▌      | 36/102 [19:23<30:48, 28.01s/it]
      16/50      18.9G      1.006     0.7411      1.116       1068        640:  36%|███▋      | 37/102 [19:23<30:52, 28.50s/it]
      16/50      18.9G      1.007      0.743      1.117        982        640:  36%|███▋      | 37/102 [19:53<30:52, 28.50s/it]
      16/50      18.9G      1.007      0.743      1.117        982        640:  37%|███▋      | 38/102 [19:53<30:56, 29.00s/it]
      16/50      18.9G      1.008     0.7445      1.118       1040        640:  37%|███▋      | 38/102 [20:23<30:56, 29.00s/it]
      16/50      18.9G      1.008     0.7445      1.118       1040        640:  38%|███▊      | 39/102 [20:23<30:43, 29.26s/it]
      16/50      18.9G      1.008     0.7452      1.118       1204        640:  38%|███▊      | 39/102 [20:55<30:43, 29.26s/it]
      16/50      18.9G      1.008     0.7452      1.118       1204        640:  39%|███▉      | 40/102 [20:55<31:04, 30.08s/it]
      16/50      18.9G      1.008     0.7456      1.118       1023        640:  39%|███▉      | 40/102 [21:26<31:04, 30.08s/it]
      16/50      18.9G      1.008     0.7456      1.118       1023        640:  40%|████      | 41/102 [21:26<30:54, 30.40s/it]
      16/50      18.9G      1.007      0.746      1.119       1020        640:  40%|████      | 41/102 [21:57<30:54, 30.40s/it]
      16/50      18.9G      1.007      0.746      1.119       1020        640:  41%|████      | 42/102 [21:57<30:34, 30.58s/it]
      16/50      18.9G      1.007     0.7466      1.119       1059        640:  41%|████      | 42/102 [22:23<30:34, 30.58s/it]
      16/50      18.9G      1.007     0.7466      1.119       1059        640:  42%|████▏     | 43/102 [22:23<28:51, 29.34s/it]
      16/50      18.9G      1.007      0.747       1.12        948        640:  42%|████▏     | 43/102 [22:48<28:51, 29.34s/it]
      16/50      18.9G      1.007      0.747       1.12        948        640:  43%|████▎     | 44/102 [22:48<27:00, 27.95s/it]
      16/50      18.9G      1.006      0.746      1.119        971        640:  43%|████▎     | 44/102 [23:12<27:00, 27.95s/it]
      16/50      18.9G      1.006      0.746      1.119        971        640:  44%|████▍     | 45/102 [23:12<25:21, 26.68s/it]
      16/50      18.9G      1.007     0.7458       1.12       1060        640:  44%|████▍     | 45/102 [23:36<25:21, 26.68s/it]
      16/50      18.9G      1.007     0.7458       1.12       1060        640:  45%|████▌     | 46/102 [23:36<24:19, 26.06s/it]
      16/50      18.9G      1.007     0.7455       1.12       1138        640:  45%|████▌     | 46/102 [24:00<24:19, 26.06s/it]
      16/50      18.9G      1.007     0.7455       1.12       1138        640:  46%|████▌     | 47/102 [24:00<23:10, 25.27s/it]
      16/50      18.9G      1.007     0.7447      1.119       1305        640:  46%|████▌     | 47/102 [24:24<23:10, 25.27s/it]
      16/50      18.9G      1.007     0.7447      1.119       1305        640:  47%|████▋     | 48/102 [24:24<22:29, 24.98s/it]
      16/50      18.9G      1.007     0.7439      1.119       1021        640:  47%|████▋     | 48/102 [24:48<22:29, 24.98s/it]
      16/50      18.9G      1.007     0.7439      1.119       1021        640:  48%|████▊     | 49/102 [24:48<21:44, 24.62s/it]
      16/50      18.9G      1.006     0.7435      1.119        968        640:  48%|████▊     | 49/102 [25:12<21:44, 24.62s/it]
      16/50      18.9G      1.006     0.7435      1.119        968        640:  49%|████▉     | 50/102 [25:12<21:09, 24.41s/it]
      16/50      18.9G      1.006      0.743      1.119       1189        640:  49%|████▉     | 50/102 [25:36<21:09, 24.41s/it]
      16/50      18.9G      1.006      0.743      1.119       1189        640:  50%|█████     | 51/102 [25:36<20:35, 24.23s/it]
      16/50      18.9G      1.006      0.743      1.119       1320        640:  50%|█████     | 51/102 [26:00<20:35, 24.23s/it]
      16/50      18.9G      1.006      0.743      1.119       1320        640:  51%|█████     | 52/102 [26:00<20:19, 24.39s/it]
      16/50      18.9G      1.007     0.7429      1.119       1220        640:  51%|█████     | 52/102 [26:24<20:19, 24.39s/it]
      16/50      18.9G      1.007     0.7429      1.119       1220        640:  52%|█████▏    | 53/102 [26:24<19:47, 24.23s/it]
      16/50      18.9G      1.006     0.7425      1.119        967        640:  52%|█████▏    | 53/102 [26:48<19:47, 24.23s/it]
      16/50      18.9G      1.006     0.7425      1.119        967        640:  53%|█████▎    | 54/102 [26:48<19:13, 24.03s/it]
      16/50      18.9G      1.006     0.7434       1.12        952        640:  53%|█████▎    | 54/102 [27:11<19:13, 24.03s/it]
      16/50      18.9G      1.006     0.7434       1.12        952        640:  54%|█████▍    | 55/102 [27:11<18:32, 23.67s/it]
      16/50      18.9G      1.006     0.7435       1.12       1015        640:  54%|█████▍    | 55/102 [27:36<18:32, 23.67s/it]
      16/50      18.9G      1.006     0.7435       1.12       1015        640:  55%|█████▍    | 56/102 [27:36<18:27, 24.08s/it]
      16/50      18.9G      1.005     0.7427      1.119       1140        640:  55%|█████▍    | 56/102 [28:00<18:27, 24.08s/it]
      16/50      18.9G      1.005     0.7427      1.119       1140        640:  56%|█████▌    | 57/102 [28:00<18:04, 24.10s/it]
      16/50      18.9G      1.005     0.7434      1.119       1138        640:  56%|█████▌    | 57/102 [28:23<18:04, 24.10s/it]
      16/50      18.9G      1.005     0.7434      1.119       1138        640:  57%|█████▋    | 58/102 [28:23<17:26, 23.79s/it]
      16/50      18.9G      1.005     0.7432      1.119       1110        640:  57%|█████▋    | 58/102 [28:48<17:26, 23.79s/it]
      16/50      18.9G      1.005     0.7432      1.119       1110        640:  58%|█████▊    | 59/102 [28:48<17:15, 24.08s/it]
      16/50      18.9G      1.005     0.7434       1.12       1183        640:  58%|█████▊    | 59/102 [29:14<17:15, 24.08s/it]
      16/50      18.9G      1.005     0.7434       1.12       1183        640:  59%|█████▉    | 60/102 [29:14<17:22, 24.83s/it]
      16/50      18.9G      1.006     0.7433       1.12       1207        640:  59%|█████▉    | 60/102 [29:38<17:22, 24.83s/it]
      16/50      18.9G      1.006     0.7433       1.12       1207        640:  60%|█████▉    | 61/102 [29:38<16:42, 24.45s/it]
      16/50      18.9G      1.006     0.7434       1.12       1031        640:  60%|█████▉    | 61/102 [30:03<16:42, 24.45s/it]
      16/50      18.9G      1.006     0.7434       1.12       1031        640:  61%|██████    | 62/102 [30:03<16:23, 24.58s/it]
      16/50      18.9G      1.006     0.7433       1.12        945        640:  61%|██████    | 62/102 [30:28<16:23, 24.58s/it]
      16/50      18.9G      1.006     0.7433       1.12        945        640:  62%|██████▏   | 63/102 [30:28<16:05, 24.75s/it]
      16/50      18.9G      1.006     0.7437      1.121       1092        640:  62%|██████▏   | 63/102 [30:51<16:05, 24.75s/it]
      16/50      18.9G      1.006     0.7437      1.121       1092        640:  63%|██████▎   | 64/102 [30:51<15:26, 24.39s/it]
      16/50      18.9G      1.006      0.744      1.121       1000        640:  63%|██████▎   | 64/102 [31:16<15:26, 24.39s/it]
      16/50      18.9G      1.006      0.744      1.121       1000        640:  64%|██████▎   | 65/102 [31:16<15:07, 24.52s/it]
      16/50      18.9G      1.006     0.7442      1.121       1023        640:  64%|██████▎   | 65/102 [31:42<15:07, 24.52s/it]
      16/50      18.9G      1.006     0.7442      1.121       1023        640:  65%|██████▍   | 66/102 [31:42<14:58, 24.95s/it]
      16/50      18.9G      1.005     0.7439      1.122        970        640:  65%|██████▍   | 66/102 [32:10<14:58, 24.95s/it]
      16/50      18.9G      1.005     0.7439      1.122        970        640:  66%|██████▌   | 67/102 [32:10<15:01, 25.77s/it]
      16/50      18.9G      1.005     0.7439      1.121       1077        640:  66%|██████▌   | 67/102 [32:35<15:01, 25.77s/it]
      16/50      18.9G      1.005     0.7439      1.121       1077        640:  67%|██████▋   | 68/102 [32:35<14:26, 25.50s/it]
      16/50      18.9G      1.005      0.744      1.121       1173        640:  67%|██████▋   | 68/102 [32:58<14:26, 25.50s/it]
      16/50      18.9G      1.005      0.744      1.121       1173        640:  68%|██████▊   | 69/102 [32:58<13:41, 24.89s/it]
      16/50      18.9G      1.005     0.7444      1.121        994        640:  68%|██████▊   | 69/102 [33:24<13:41, 24.89s/it]
      16/50      18.9G      1.005     0.7444      1.121        994        640:  69%|██████▊   | 70/102 [33:24<13:23, 25.11s/it]
      16/50      18.9G      1.005     0.7446      1.121       1016        640:  69%|██████▊   | 70/102 [33:48<13:23, 25.11s/it]
      16/50      18.9G      1.005     0.7446      1.121       1016        640:  70%|██████▉   | 71/102 [33:48<12:52, 24.93s/it]
      16/50      18.9G      1.005     0.7444      1.122       1049        640:  70%|██████▉   | 71/102 [34:13<12:52, 24.93s/it]
      16/50      18.9G      1.005     0.7444      1.122       1049        640:  71%|███████   | 72/102 [34:13<12:27, 24.93s/it]
      16/50      18.9G      1.005     0.7441      1.122        864        640:  71%|███████   | 72/102 [34:38<12:27, 24.93s/it]
      16/50      18.9G      1.005     0.7441      1.122        864        640:  72%|███████▏  | 73/102 [34:38<12:02, 24.90s/it]
      16/50      18.9G      1.004     0.7433      1.122        793        640:  72%|███████▏  | 73/102 [35:03<12:02, 24.90s/it]
      16/50      18.9G      1.004     0.7433      1.122        793        640:  73%|███████▎  | 74/102 [35:03<11:34, 24.80s/it]
      16/50      18.9G      1.004     0.7432      1.122       1087        640:  73%|███████▎  | 74/102 [35:27<11:34, 24.80s/it]
      16/50      18.9G      1.004     0.7432      1.122       1087        640:  74%|███████▎  | 75/102 [35:27<11:07, 24.72s/it]
      16/50      18.9G      1.004     0.7435      1.122       1011        640:  74%|███████▎  | 75/102 [35:50<11:07, 24.72s/it]
      16/50      18.9G      1.004     0.7435      1.122       1011        640:  75%|███████▍  | 76/102 [35:50<10:28, 24.19s/it]
      16/50      18.9G      1.005     0.7439      1.123        883        640:  75%|███████▍  | 76/102 [36:13<10:28, 24.19s/it]
      16/50      18.9G      1.005     0.7439      1.123        883        640:  75%|███████▌  | 77/102 [36:13<09:58, 23.95s/it]
      16/50      20.2G      1.005      0.744      1.123       1194        640:  75%|███████▌  | 77/102 [36:40<09:58, 23.95s/it]
      16/50      20.2G      1.005      0.744      1.123       1194        640:  76%|███████▋  | 78/102 [36:40<09:52, 24.70s/it]
      16/50      20.2G      1.006     0.7452      1.124       1167        640:  76%|███████▋  | 78/102 [37:04<09:52, 24.70s/it]
      16/50      20.2G      1.006     0.7452      1.124       1167        640:  77%|███████▋  | 79/102 [37:04<09:22, 24.44s/it]
      16/50      20.2G      1.006     0.7452      1.124       1136        640:  77%|███████▋  | 79/102 [37:29<09:22, 24.44s/it]
      16/50      20.2G      1.006     0.7452      1.124       1136        640:  78%|███████▊  | 80/102 [37:29<09:03, 24.69s/it]
      16/50      20.2G      1.006      0.746      1.124       1131        640:  78%|███████▊  | 80/102 [37:55<09:03, 24.69s/it]
      16/50      20.2G      1.006      0.746      1.124       1131        640:  79%|███████▉  | 81/102 [37:55<08:47, 25.14s/it]
      16/50      20.2G      1.006     0.7463      1.124        922        640:  79%|███████▉  | 81/102 [38:18<08:47, 25.14s/it]
      16/50      20.2G      1.006     0.7463      1.124        922        640:  80%|████████  | 82/102 [38:18<08:11, 24.58s/it]
      16/50      20.2G      1.007     0.7466      1.124       1650        640:  80%|████████  | 82/102 [38:42<08:11, 24.58s/it]
      16/50      20.2G      1.007     0.7466      1.124       1650        640:  81%|████████▏ | 83/102 [38:42<07:42, 24.34s/it]
      16/50      20.2G      1.008     0.7473      1.124        926        640:  81%|████████▏ | 83/102 [39:04<07:42, 24.34s/it]
      16/50      20.2G      1.008     0.7473      1.124        926        640:  82%|████████▏ | 84/102 [39:04<07:03, 23.55s/it]
      16/50      20.2G      1.007     0.7469      1.124       1170        640:  82%|████████▏ | 84/102 [39:28<07:03, 23.55s/it]
      16/50      20.2G      1.007     0.7469      1.124       1170        640:  83%|████████▎ | 85/102 [39:28<06:45, 23.83s/it]
      16/50      20.2G      1.007     0.7469      1.124       1001        640:  83%|████████▎ | 85/102 [39:52<06:45, 23.83s/it]
      16/50      20.2G      1.007     0.7469      1.124       1001        640:  84%|████████▍ | 86/102 [39:52<06:19, 23.69s/it]
      16/50      20.2G      1.007     0.7474      1.124       1187        640:  84%|████████▍ | 86/102 [40:16<06:19, 23.69s/it]
      16/50      20.2G      1.007     0.7474      1.124       1187        640:  85%|████████▌ | 87/102 [40:16<05:56, 23.74s/it]
      16/50      20.2G      1.007     0.7478      1.124       1326        640:  85%|████████▌ | 87/102 [40:40<05:56, 23.74s/it]
      16/50      20.2G      1.007     0.7478      1.124       1326        640:  86%|████████▋ | 88/102 [40:40<05:34, 23.92s/it]
      16/50      20.2G      1.007     0.7481      1.124       1155        640:  86%|████████▋ | 88/102 [41:03<05:34, 23.92s/it]
      16/50      20.2G      1.007     0.7481      1.124       1155        640:  87%|████████▋ | 89/102 [41:03<05:08, 23.75s/it]
      16/50      20.2G      1.007     0.7484      1.124       1162        640:  87%|████████▋ | 89/102 [41:27<05:08, 23.75s/it]
      16/50      20.2G      1.007     0.7484      1.124       1162        640:  88%|████████▊ | 90/102 [41:27<04:43, 23.59s/it]
      16/50      20.2G      1.007     0.7493      1.124       1034        640:  88%|████████▊ | 90/102 [41:51<04:43, 23.59s/it]
      16/50      20.2G      1.007     0.7493      1.124       1034        640:  89%|████████▉ | 91/102 [41:51<04:22, 23.85s/it]
      16/50      20.2G      1.007     0.7494      1.124        993        640:  89%|████████▉ | 91/102 [42:14<04:22, 23.85s/it]
      16/50      20.2G      1.007     0.7494      1.124        993        640:  90%|█████████ | 92/102 [42:14<03:55, 23.51s/it]
      16/50      20.2G      1.007     0.7493      1.125       1076        640:  90%|█████████ | 92/102 [42:37<03:55, 23.51s/it]
      16/50      20.2G      1.007     0.7493      1.125       1076        640:  91%|█████████ | 93/102 [42:37<03:30, 23.43s/it]
      16/50      20.2G      1.007     0.7493      1.125       1028        640:  91%|█████████ | 93/102 [43:00<03:30, 23.43s/it]
      16/50      20.2G      1.007     0.7493      1.125       1028        640:  92%|█████████▏| 94/102 [43:00<03:07, 23.38s/it]
      16/50      20.2G      1.007     0.7493      1.125       1213        640:  92%|█████████▏| 94/102 [43:25<03:07, 23.38s/it]
      16/50      20.2G      1.007     0.7493      1.125       1213        640:  93%|█████████▎| 95/102 [43:25<02:46, 23.84s/it]
      16/50      20.2G      1.007     0.7496      1.125       1004        640:  93%|█████████▎| 95/102 [43:49<02:46, 23.84s/it]
      16/50      20.2G      1.007     0.7496      1.125       1004        640:  94%|█████████▍| 96/102 [43:49<02:23, 23.93s/it]
      16/50      20.2G      1.007     0.7499      1.125       1080        640:  94%|█████████▍| 96/102 [44:13<02:23, 23.93s/it]
      16/50      20.2G      1.007     0.7499      1.125       1080        640:  95%|█████████▌| 97/102 [44:13<01:59, 23.84s/it]
      16/50      20.2G      1.007     0.7499      1.125        945        640:  95%|█████████▌| 97/102 [44:37<01:59, 23.84s/it]
      16/50      20.2G      1.007     0.7499      1.125        945        640:  96%|█████████▌| 98/102 [44:37<01:35, 23.95s/it]
      16/50      20.2G      1.007     0.7501      1.125       1182        640:  96%|█████████▌| 98/102 [45:00<01:35, 23.95s/it]
      16/50      20.2G      1.007     0.7501      1.125       1182        640:  97%|█████████▋| 99/102 [45:00<01:10, 23.54s/it]
      16/50      20.2G      1.008      0.751      1.126       1129        640:  97%|█████████▋| 99/102 [45:22<01:10, 23.54s/it]
      16/50      20.2G      1.008      0.751      1.126       1129        640:  98%|█████████▊| 100/102 [45:22<00:46, 23.17s/it]
      16/50      20.2G      1.007      0.751      1.126       1188        640:  98%|█████████▊| 100/102 [45:48<00:46, 23.17s/it]
      16/50      20.2G      1.007      0.751      1.126       1188        640:  99%|█████████▉| 101/102 [45:48<00:23, 23.91s/it]
      16/50      20.2G      1.007     0.7511      1.126        228        640:  99%|█████████▉| 101/102 [45:53<00:23, 23.91s/it]
      16/50      20.2G      1.007     0.7511      1.126        228        640: 100%|██████████| 102/102 [45:53<00:00, 18.38s/it]
      16/50      20.2G      1.007     0.7511      1.126        228        640: 100%|██████████| 102/102 [45:53<00:00, 27.00s/it]

                 Class     Images  Instances      Box(P          R      mAP50  mAP50-95):   0%|          | 0/13 [00:00<?, ?it/s]
                 Class     Images  Instances      Box(P          R      mAP50  mAP50-95):   8%|▊         | 1/13 [00:00<00:03,  3.21it/s]
                 Class     Images  Instances      Box(P          R      mAP50  mAP50-95):  15%|█▌        | 2/13 [00:00<00:03,  3.29it/s]
                 Class     Images  Instances      Box(P          R      mAP50  mAP50-95):  23%|██▎       | 3/13 [00:00<00:02,  3.37it/s]
                 Class     Images  Instances      Box(P          R      mAP50  mAP50-95):  31%|███       | 4/13 [00:01<00:02,  3.50it/s]
                 Class     Images  Instances      Box(P          R      mAP50  mAP50-95):  38%|███▊      | 5/13 [02:26<07:01, 52.66s/it]
                 Class     Images  Instances      Box(P          R      mAP50  mAP50-95):  46%|████▌     | 6/13 [02:26<04:03, 34.85s/it]
                 Class     Images  Instances      Box(P          R      mAP50  mAP50-95):  54%|█████▍    | 7/13 [03:55<05:15, 52.53s/it]
                 Class     Images  Instances      Box(P          R      mAP50  mAP50-95):  62%|██████▏   | 8/13 [03:56<02:59, 35.91s/it]
                 Class     Images  Instances      Box(P          R      mAP50  mAP50-95):  69%|██████▉   | 9/13 [05:36<03:43, 55.94s/it]
                 Class     Images  Instances      Box(P          R      mAP50  mAP50-95):  77%|███████▋  | 10/13 [05:36<01:56, 38.76s/it]
                 Class     Images  Instances      Box(P          R      mAP50  mAP50-95):  85%|████████▍ | 11/13 [07:15<01:54, 57.19s/it]
                 Class     Images  Instances      Box(P          R      mAP50  mAP50-95):  92%|█████████▏| 12/13 [07:15<00:39, 39.88s/it]
                 Class     Images  Instances      Box(P          R      mAP50  mAP50-95): 100%|██████████| 13/13 [07:49<00:00, 38.14s/it]
                 Class     Images  Instances      Box(P          R      mAP50  mAP50-95): 100%|██████████| 13/13 [07:49<00:00, 36.14s/it]
                   all       1620      15401      0.633      0.472      0.501      0.304

      Epoch    GPU_mem   box_loss   cls_loss   dfl_loss  Instances       Size

  0%|          | 0/102 [00:00<?, ?it/s]
      17/50      15.9G      1.027     0.8017      1.131       1151        640:   0%|          | 0/102 [00:00<?, ?it/s]
      17/50      15.9G      1.027     0.8017      1.131       1151        640:   1%|          | 1/102 [00:00<00:18,  5.49it/s]
      17/50      17.1G      1.008     0.7871      1.141       1047        640:   1%|          | 1/102 [00:00<00:18,  5.49it/s]
      17/50      17.1G      1.008     0.7871      1.141       1047        640:   2%|▏         | 2/102 [00:00<00:17,  5.71it/s]
      17/50      18.2G     0.9958     0.7708      1.131       1222        640:   2%|▏         | 2/102 [01:03<00:17,  5.71it/s]
      17/50      18.2G     0.9958     0.7708      1.131       1222        640:   3%|▎         | 3/102 [01:03<47:59, 29.09s/it]
      17/50      18.2G      1.008     0.7673      1.129       1443        640:   3%|▎         | 3/102 [02:11<47:59, 29.09s/it]
      17/50      18.2G      1.008     0.7673      1.129       1443        640:   4%|▍         | 4/102 [02:11<1:12:06, 44.14s/it]
      17/50      18.2G      1.004     0.7675      1.124       1210        640:   4%|▍         | 4/102 [02:54<1:12:06, 44.14s/it]
      17/50      18.2G      1.004     0.7675      1.124       1210        640:   5%|▍         | 5/102 [02:54<1:10:54, 43.86s/it]
      17/50      18.2G      1.008      0.761      1.126       1036        640:   5%|▍         | 5/102 [03:37<1:10:54, 43.86s/it]
      17/50      18.2G      1.008      0.761      1.126       1036        640:   6%|▌         | 6/102 [03:37<1:09:44, 43.59s/it]
      17/50      18.2G      1.011      0.764      1.126       1233        640:   6%|▌         | 6/102 [04:13<1:09:44, 43.59s/it]
      17/50      18.2G      1.011      0.764      1.126       1233        640:   7%|▋         | 7/102 [04:13<1:04:59, 41.05s/it]
      17/50      18.2G      1.012     0.7596      1.125       1088        640:   7%|▋         | 7/102 [04:37<1:04:59, 41.05s/it]
      17/50      18.2G      1.012     0.7596      1.125       1088        640:   8%|▊         | 8/102 [04:37<56:04, 35.80s/it]
      17/50      18.2G      1.013     0.7601      1.125       1078        640:   8%|▊         | 8/102 [05:00<56:04, 35.80s/it]
      17/50      18.2G      1.013     0.7601      1.125       1078        640:   9%|▉         | 9/102 [05:00<49:14, 31.77s/it]
      17/50      18.2G      1.015     0.7604      1.124       1152        640:   9%|▉         | 9/102 [05:24<49:14, 31.77s/it]
      17/50      18.2G      1.015     0.7604      1.124       1152        640:  10%|▉         | 10/102 [05:24<44:44, 29.17s/it]
      17/50      18.2G      1.018     0.7641      1.126       1028        640:  10%|▉         | 10/102 [05:48<44:44, 29.17s/it]
      17/50      18.2G      1.018     0.7641      1.126       1028        640:  11%|█         | 11/102 [05:48<42:01, 27.71s/it]
      17/50      19.6G      1.022     0.7664      1.127       1300        640:  11%|█         | 11/102 [06:10<42:01, 27.71s/it]
      17/50      19.6G      1.022     0.7664      1.127       1300        640:  12%|█▏        | 12/102 [06:10<38:57, 25.97s/it]
      17/50      19.6G      1.019     0.7627      1.127       1141        640:  12%|█▏        | 12/102 [06:34<38:57, 25.97s/it]
      17/50      19.6G      1.019     0.7627      1.127       1141        640:  13%|█▎        | 13/102 [06:34<37:42, 25.42s/it]
      17/50      19.6G      1.017     0.7615      1.127       1140        640:  13%|█▎        | 13/102 [06:59<37:42, 25.42s/it]
      17/50      19.6G      1.017     0.7615      1.127       1140        640:  14%|█▎        | 14/102 [06:59<37:14, 25.39s/it]
      17/50      19.6G      1.012      0.759      1.125        961        640:  14%|█▎        | 14/102 [07:23<37:14, 25.39s/it]
      17/50      19.6G      1.012      0.759      1.125        961        640:  15%|█▍        | 15/102 [07:23<36:12, 24.97s/it]
      17/50      19.6G      1.009     0.7571      1.123       1223        640:  15%|█▍        | 15/102 [07:48<36:12, 24.97s/it]
      17/50      19.6G      1.009     0.7571      1.123       1223        640:  16%|█▌        | 16/102 [07:48<35:26, 24.73s/it]
      17/50      19.6G      1.006     0.7553      1.122       1057        640:  16%|█▌        | 16/102 [08:13<35:26, 24.73s/it]
      17/50      19.6G      1.006     0.7553      1.122       1057        640:  17%|█▋        | 17/102 [08:13<35:27, 25.03s/it]
      17/50      19.6G      1.004     0.7532      1.123       1152        640:  17%|█▋        | 17/102 [08:36<35:27, 25.03s/it]
      17/50      19.6G      1.004     0.7532      1.123       1152        640:  18%|█▊        | 18/102 [08:36<34:02, 24.32s/it]
      17/50      19.6G      1.002     0.7524      1.122       1055        640:  18%|█▊        | 18/102 [09:02<34:02, 24.32s/it]
      17/50      19.6G      1.002     0.7524      1.122       1055        640:  19%|█▊        | 19/102 [09:02<34:21, 24.84s/it]
      17/50      19.6G      1.001     0.7516      1.122       1041        640:  19%|█▊        | 19/102 [09:29<34:21, 24.84s/it]
      17/50      19.6G      1.001     0.7516      1.122       1041        640:  20%|█▉        | 20/102 [09:29<34:51, 25.51s/it]
      17/50      19.6G      1.001     0.7519      1.122        953        640:  20%|█▉        | 20/102 [09:55<34:51, 25.51s/it]
      17/50      19.6G      1.001     0.7519      1.122        953        640:  21%|██        | 21/102 [09:55<34:30, 25.56s/it]
      17/50      19.6G          1     0.7497      1.122       1057        640:  21%|██        | 21/102 [10:18<34:30, 25.56s/it]
      17/50      19.6G          1     0.7497      1.122       1057        640:  22%|██▏       | 22/102 [10:18<33:13, 24.92s/it]
      17/50      19.6G      1.001     0.7511      1.124       1013        640:  22%|██▏       | 22/102 [10:41<33:13, 24.92s/it]
      17/50      19.6G      1.001     0.7511      1.124       1013        640:  23%|██▎       | 23/102 [10:41<32:03, 24.35s/it]
      17/50      19.6G      1.001     0.7496      1.123       1067        640:  23%|██▎       | 23/102 [11:06<32:03, 24.35s/it]
      17/50      19.6G      1.001     0.7496      1.123       1067        640:  24%|██▎       | 24/102 [11:06<31:50, 24.49s/it]
      17/50      19.6G      1.005     0.7532      1.124       1154        640:  24%|██▎       | 24/102 [11:31<31:50, 24.49s/it]
      17/50      19.6G      1.005     0.7532      1.124       1154        640:  25%|██▍       | 25/102 [11:31<31:24, 24.47s/it]
      17/50      19.6G      1.006     0.7531      1.125       1033        640:  25%|██▍       | 25/102 [11:54<31:24, 24.47s/it]
      17/50      19.6G      1.006     0.7531      1.125       1033        640:  25%|██▌       | 26/102 [11:54<30:41, 24.23s/it]
      17/50      19.6G      1.005     0.7526      1.124       1041        640:  25%|██▌       | 26/102 [12:18<30:41, 24.23s/it]
      17/50      19.6G      1.005     0.7526      1.124       1041        640:  26%|██▋       | 27/102 [12:18<30:04, 24.07s/it]
      17/50      19.6G      1.006      0.754      1.124       1117        640:  26%|██▋       | 27/102 [12:41<30:04, 24.07s/it]
      17/50      19.6G      1.006      0.754      1.124       1117        640:  27%|██▋       | 28/102 [12:41<29:21, 23.80s/it]
      17/50      19.6G      1.005      0.753      1.123       1259        640:  27%|██▋       | 28/102 [13:06<29:21, 23.80s/it]
      17/50      19.6G      1.005      0.753      1.123       1259        640:  28%|██▊       | 29/102 [13:06<29:18, 24.09s/it]
      17/50      19.6G      1.005     0.7521      1.122       1025        640:  28%|██▊       | 29/102 [13:29<29:18, 24.09s/it]
      17/50      19.6G      1.005     0.7521      1.122       1025        640:  29%|██▉       | 30/102 [13:29<28:39, 23.88s/it]
      17/50      19.6G      1.003     0.7521      1.121        988        640:  29%|██▉       | 30/102 [13:53<28:39, 23.88s/it]
      17/50      19.6G      1.003     0.7521      1.121        988        640:  30%|███       | 31/102 [13:53<28:03, 23.72s/it]
      17/50      19.6G      1.002     0.7525      1.121       1165        640:  30%|███       | 31/102 [14:16<28:03, 23.72s/it]
      17/50      19.6G      1.002     0.7525      1.121       1165        640:  31%|███▏      | 32/102 [14:16<27:41, 23.74s/it]
      17/50      19.6G      1.001     0.7512      1.121       1003        640:  31%|███▏      | 32/102 [14:41<27:41, 23.74s/it]
      17/50      19.6G      1.001     0.7512      1.121       1003        640:  32%|███▏      | 33/102 [14:41<27:37, 24.02s/it]
      17/50      19.6G      1.002     0.7512      1.122       1030        640:  32%|███▏      | 33/102 [15:05<27:37, 24.02s/it]
      17/50      19.6G      1.002     0.7512      1.122       1030        640:  33%|███▎      | 34/102 [15:05<27:12, 24.01s/it]
      17/50      19.6G      1.002     0.7516      1.122       1245        640:  33%|███▎      | 34/102 [15:30<27:12, 24.01s/it]
      17/50      19.6G      1.002     0.7516      1.122       1245        640:  34%|███▍      | 35/102 [15:30<27:12, 24.37s/it]
      17/50      19.6G      1.002     0.7519      1.121       1073        640:  34%|███▍      | 35/102 [15:54<27:12, 24.37s/it]
      17/50      19.6G      1.002     0.7519      1.121       1073        640:  35%|███▌      | 36/102 [15:54<26:39, 24.23s/it]
      17/50      19.6G      1.002     0.7509      1.121       1160        640:  35%|███▌      | 36/102 [16:16<26:39, 24.23s/it]
      17/50      19.6G      1.002     0.7509      1.121       1160        640:  36%|███▋      | 37/102 [16:16<25:36, 23.64s/it]
      17/50      19.6G      1.001     0.7501       1.12       1138        640:  36%|███▋      | 37/102 [16:40<25:36, 23.64s/it]
      17/50      19.6G      1.001     0.7501       1.12       1138        640:  37%|███▋      | 38/102 [16:40<25:18, 23.72s/it]
      17/50      19.6G      1.002     0.7505       1.12       1020        640:  37%|███▋      | 38/102 [17:05<25:18, 23.72s/it]
      17/50      19.6G      1.002     0.7505       1.12       1020        640:  38%|███▊      | 39/102 [17:05<25:16, 24.08s/it]
      17/50      19.6G      1.001     0.7493       1.12       1041        640:  38%|███▊      | 39/102 [17:31<25:16, 24.08s/it]
      17/50      19.6G      1.001     0.7493       1.12       1041        640:  39%|███▉      | 40/102 [17:31<25:19, 24.51s/it]
      17/50      19.6G      1.001     0.7489       1.12       1197        640:  39%|███▉      | 40/102 [17:56<25:19, 24.51s/it]
      17/50      19.6G      1.001     0.7489       1.12       1197        640:  40%|████      | 41/102 [17:56<25:00, 24.60s/it]
      17/50      19.6G      1.001     0.7493       1.12        951        640:  40%|████      | 41/102 [18:20<25:00, 24.60s/it]
      17/50      19.6G      1.001     0.7493       1.12        951        640:  41%|████      | 42/102 [18:20<24:31, 24.52s/it]
      17/50      19.6G      1.001     0.7487       1.12       1094        640:  41%|████      | 42/102 [18:42<24:31, 24.52s/it]
      17/50      19.6G      1.001     0.7487       1.12       1094        640:  42%|████▏     | 43/102 [18:42<23:27, 23.85s/it]
      17/50      19.6G      1.001       0.75       1.12       1025        640:  42%|████▏     | 43/102 [19:07<23:27, 23.85s/it]
      17/50      19.6G      1.001       0.75       1.12       1025        640:  43%|████▎     | 44/102 [19:07<23:13, 24.02s/it]
      17/50      19.6G      1.001     0.7509      1.121        900        640:  43%|████▎     | 44/102 [19:31<23:13, 24.02s/it]
      17/50      19.6G      1.001     0.7509      1.121        900        640:  44%|████▍     | 45/102 [19:31<22:56, 24.16s/it]
      17/50      19.6G      1.002     0.7507      1.122       1078        640:  44%|████▍     | 45/102 [19:54<22:56, 24.16s/it]
      17/50      19.6G      1.002     0.7507      1.122       1078        640:  45%|████▌     | 46/102 [19:54<22:10, 23.76s/it]
      17/50      19.6G      1.003     0.7504      1.121       1122        640:  45%|████▌     | 46/102 [20:19<22:10, 23.76s/it]
      17/50      19.6G      1.003     0.7504      1.121       1122        640:  46%|████▌     | 47/102 [20:19<22:09, 24.17s/it]
      17/50      19.6G      1.002     0.7489      1.121       1165        640:  46%|████▌     | 47/102 [20:45<22:09, 24.17s/it]
      17/50      19.6G      1.002     0.7489      1.121       1165        640:  47%|████▋     | 48/102 [20:45<22:10, 24.63s/it]
      17/50      19.6G      1.002     0.7483      1.121       1177        640:  47%|████▋     | 48/102 [21:07<22:10, 24.63s/it]
      17/50      19.6G      1.002     0.7483      1.121       1177        640:  48%|████▊     | 49/102 [21:07<21:13, 24.03s/it]
      17/50      19.6G      1.002     0.7485      1.121       1260        640:  48%|████▊     | 49/102 [21:31<21:13, 24.03s/it]
      17/50      19.6G      1.002     0.7485      1.121       1260        640:  49%|████▉     | 50/102 [21:31<20:39, 23.83s/it]
      17/50      19.6G      1.003      0.748       1.12       1150        640:  49%|████▉     | 50/102 [21:57<20:39, 23.83s/it]
      17/50      19.6G      1.003      0.748       1.12       1150        640:  50%|█████     | 51/102 [21:57<20:51, 24.54s/it]
      17/50      19.6G      1.002     0.7471       1.12       1153        640:  50%|█████     | 51/102 [22:20<20:51, 24.54s/it]
      17/50      19.6G      1.002     0.7471       1.12       1153        640:  51%|█████     | 52/102 [22:20<20:09, 24.20s/it]
      17/50      19.6G      1.002     0.7466       1.12        953        640:  51%|█████     | 52/102 [22:43<20:09, 24.20s/it]
      17/50      19.6G      1.002     0.7466       1.12        953        640:  52%|█████▏    | 53/102 [22:43<19:27, 23.83s/it]
      17/50      19.6G      1.002     0.7464       1.12       1087        640:  52%|█████▏    | 53/102 [23:08<19:27, 23.83s/it]
      17/50      19.6G      1.002     0.7464       1.12       1087        640:  53%|█████▎    | 54/102 [23:08<19:15, 24.08s/it]
      17/50      19.6G      1.004     0.7474       1.12       1118        640:  53%|█████▎    | 54/102 [23:32<19:15, 24.08s/it]
      17/50      19.6G      1.004     0.7474       1.12       1118        640:  54%|█████▍    | 55/102 [23:32<18:45, 23.95s/it]
      17/50      19.6G      1.004     0.7476       1.12       1099        640:  54%|█████▍    | 55/102 [23:55<18:45, 23.95s/it]
      17/50      19.6G      1.004     0.7476       1.12       1099        640:  55%|█████▍    | 56/102 [23:55<18:16, 23.83s/it]
      17/50      19.6G      1.003     0.7474       1.12       1137        640:  55%|█████▍    | 56/102 [24:21<18:16, 23.83s/it]
      17/50      19.6G      1.003     0.7474       1.12       1137        640:  56%|█████▌    | 57/102 [24:21<18:25, 24.58s/it]
      17/50      19.6G      1.003     0.7482       1.12       1109        640:  56%|█████▌    | 57/102 [24:45<18:25, 24.58s/it]
      17/50      19.6G      1.003     0.7482       1.12       1109        640:  57%|█████▋    | 58/102 [24:45<17:52, 24.37s/it]
      17/50      19.6G      1.004     0.7478       1.12       1256        640:  57%|█████▋    | 58/102 [25:09<17:52, 24.37s/it]
      17/50      19.6G      1.004     0.7478       1.12       1256        640:  58%|█████▊    | 59/102 [25:09<17:13, 24.03s/it]
      17/50      19.6G      1.003     0.7471      1.119       1201        640:  58%|█████▊    | 59/102 [25:33<17:13, 24.03s/it]
      17/50      19.6G      1.003     0.7471      1.119       1201        640:  59%|█████▉    | 60/102 [25:33<16:54, 24.15s/it]
      17/50      19.6G      1.003     0.7474       1.12        981        640:  59%|█████▉    | 60/102 [25:56<16:54, 24.15s/it]
      17/50      19.6G      1.003     0.7474       1.12        981        640:  60%|█████▉    | 61/102 [25:56<16:12, 23.72s/it]
      17/50      19.6G      1.004     0.7481       1.12       1084        640:  60%|█████▉    | 61/102 [26:20<16:12, 23.72s/it]
      17/50      19.6G      1.004     0.7481       1.12       1084        640:  61%|██████    | 62/102 [26:20<15:50, 23.75s/it]
      17/50      19.6G      1.004     0.7485      1.121        976        640:  61%|██████    | 62/102 [26:43<15:50, 23.75s/it]
      17/50      19.6G      1.004     0.7485      1.121        976        640:  62%|██████▏   | 63/102 [26:43<15:23, 23.67s/it]
      17/50      19.6G      1.005     0.7488      1.121       1061        640:  62%|██████▏   | 63/102 [27:07<15:23, 23.67s/it]
      17/50      19.6G      1.005     0.7488      1.121       1061        640:  63%|██████▎   | 64/102 [27:07<15:01, 23.71s/it]
      17/50      19.6G      1.005     0.7488      1.121       1005        640:  63%|██████▎   | 64/102 [27:30<15:01, 23.71s/it]
      17/50      19.6G      1.005     0.7488      1.121       1005        640:  64%|██████▎   | 65/102 [27:30<14:26, 23.43s/it]
      17/50      19.6G      1.005     0.7489      1.121       1085        640:  64%|██████▎   | 65/102 [27:53<14:26, 23.43s/it]
      17/50      19.6G      1.005     0.7489      1.121       1085        640:  65%|██████▍   | 66/102 [27:53<14:00, 23.35s/it]
      17/50      19.6G      1.006     0.7487      1.121       1147        640:  65%|██████▍   | 66/102 [28:18<14:00, 23.35s/it]
      17/50      19.6G      1.006     0.7487      1.121       1147        640:  66%|██████▌   | 67/102 [28:18<13:54, 23.85s/it]
      17/50      19.6G      1.006     0.7488      1.121       1015        640:  66%|██████▌   | 67/102 [28:45<13:54, 23.85s/it]
      17/50      19.6G      1.006     0.7488      1.121       1015        640:  67%|██████▋   | 68/102 [28:45<14:00, 24.73s/it]
      17/50      19.6G      1.006     0.7494      1.121       1090        640:  67%|██████▋   | 68/102 [29:08<14:00, 24.73s/it]
      17/50      19.6G      1.006     0.7494      1.121       1090        640:  68%|██████▊   | 69/102 [29:08<13:22, 24.32s/it]
      17/50      19.6G      1.006     0.7495      1.121       1061        640:  68%|██████▊   | 69/102 [29:31<13:22, 24.32s/it]
      17/50      19.6G      1.006     0.7495      1.121       1061        640:  69%|██████▊   | 70/102 [29:31<12:50, 24.07s/it]
      17/50      19.6G      1.006     0.7494      1.121       1145        640:  69%|██████▊   | 70/102 [29:53<12:50, 24.07s/it]
      17/50      19.6G      1.006     0.7494      1.121       1145        640:  70%|██████▉   | 71/102 [29:53<12:00, 23.25s/it]
      17/50      19.6G      1.006      0.749      1.121       1202        640:  70%|██████▉   | 71/102 [30:17<12:00, 23.25s/it]
      17/50      19.6G      1.006      0.749      1.121       1202        640:  71%|███████   | 72/102 [30:17<11:44, 23.49s/it]
      17/50      19.6G      1.006      0.749      1.121       1057        640:  71%|███████   | 72/102 [30:39<11:44, 23.49s/it]
      17/50      19.6G      1.006      0.749      1.121       1057        640:  72%|███████▏  | 73/102 [30:39<11:11, 23.14s/it]
      17/50      19.6G      1.005     0.7489      1.121       1094        640:  72%|███████▏  | 73/102 [31:04<11:11, 23.14s/it]
      17/50      19.6G      1.005     0.7489      1.121       1094        640:  73%|███████▎  | 74/102 [31:04<11:01, 23.64s/it]
      17/50      19.6G      1.005     0.7486      1.121       1091        640:  73%|███████▎  | 74/102 [31:29<11:01, 23.64s/it]
      17/50      19.6G      1.005     0.7486      1.121       1091        640:  74%|███████▎  | 75/102 [31:29<10:50, 24.08s/it]
      17/50      19.6G      1.005     0.7489      1.121       1095        640:  74%|███████▎  | 75/102 [31:52<10:50, 24.08s/it]
      17/50      19.6G      1.005     0.7489      1.121       1095        640:  75%|███████▍  | 76/102 [31:52<10:15, 23.68s/it]
      17/50      19.6G      1.005     0.7494      1.122       1165        640:  75%|███████▍  | 76/102 [32:15<10:15, 23.68s/it]
      17/50      19.6G      1.005     0.7494      1.122       1165        640:  75%|███████▌  | 77/102 [32:15<09:48, 23.53s/it]
      17/50      19.6G      1.005     0.7503      1.122       1110        640:  75%|███████▌  | 77/102 [32:40<09:48, 23.53s/it]
      17/50      19.6G      1.005     0.7503      1.122       1110        640:  76%|███████▋  | 78/102 [32:40<09:36, 24.03s/it]
      17/50      19.6G      1.005     0.7507      1.122       1187        640:  76%|███████▋  | 78/102 [33:09<09:36, 24.03s/it]
      17/50      19.6G      1.005     0.7507      1.122       1187        640:  77%|███████▋  | 79/102 [33:09<09:47, 25.55s/it]
      17/50      19.6G      1.005     0.7505      1.122       1056        640:  77%|███████▋  | 79/102 [33:37<09:47, 25.55s/it]
      17/50      19.6G      1.005     0.7505      1.122       1056        640:  78%|███████▊  | 80/102 [33:37<09:35, 26.14s/it]
      17/50      19.6G      1.004     0.7504      1.122       1227        640:  78%|███████▊  | 80/102 [34:04<09:35, 26.14s/it]
      17/50      19.6G      1.004     0.7504      1.122       1227        640:  79%|███████▉  | 81/102 [34:04<09:13, 26.37s/it]
      17/50      19.6G      1.004     0.7498      1.121       1181        640:  79%|███████▉  | 81/102 [34:31<09:13, 26.37s/it]
      17/50      19.6G      1.004     0.7498      1.121       1181        640:  80%|████████  | 82/102 [34:31<08:51, 26.56s/it]
      17/50      19.6G      1.003     0.7502      1.121        885        640:  80%|████████  | 82/102 [34:58<08:51, 26.56s/it]
      17/50      19.6G      1.003     0.7502      1.121        885        640:  81%|████████▏ | 83/102 [34:58<08:30, 26.85s/it]
      17/50      19.6G      1.003     0.7496      1.121       1086        640:  81%|████████▏ | 83/102 [35:26<08:30, 26.85s/it]
      17/50      19.6G      1.003     0.7496      1.121       1086        640:  82%|████████▏ | 84/102 [35:26<08:05, 26.98s/it]
      17/50      19.6G      1.003       0.75      1.121        928        640:  82%|████████▏ | 84/102 [35:55<08:05, 26.98s/it]
      17/50      19.6G      1.003       0.75      1.121        928        640:  83%|████████▎ | 85/102 [35:55<07:48, 27.58s/it]
      17/50      19.6G      1.003     0.7489      1.121        924        640:  83%|████████▎ | 85/102 [36:23<07:48, 27.58s/it]
      17/50      19.6G      1.003     0.7489      1.121        924        640:  84%|████████▍ | 86/102 [36:23<07:25, 27.86s/it]
      17/50      19.6G      1.003     0.7492      1.121        974        640:  84%|████████▍ | 86/102 [36:53<07:25, 27.86s/it]
      17/50      19.6G      1.003     0.7492      1.121        974        640:  85%|████████▌ | 87/102 [36:53<07:06, 28.41s/it]
      17/50      19.6G      1.002      0.749      1.122        888        640:  85%|████████▌ | 87/102 [37:20<07:06, 28.41s/it]
      17/50      19.6G      1.002      0.749      1.122        888        640:  86%|████████▋ | 88/102 [37:20<06:32, 28.06s/it]
      17/50      19.6G      1.002     0.7488      1.122       1054        640:  86%|████████▋ | 88/102 [37:45<06:32, 28.06s/it]
      17/50      19.6G      1.002     0.7488      1.122       1054        640:  87%|████████▋ | 89/102 [37:45<05:51, 27.05s/it]
      17/50      19.6G      1.002      0.748      1.121       1135        640:  87%|████████▋ | 89/102 [38:13<05:51, 27.05s/it]
      17/50      19.6G      1.002      0.748      1.121       1135        640:  88%|████████▊ | 90/102 [38:13<05:27, 27.28s/it]
      17/50      19.6G      1.002     0.7478      1.121       1285        640:  88%|████████▊ | 90/102 [38:40<05:27, 27.28s/it]
      17/50      19.6G      1.002     0.7478      1.121       1285        640:  89%|████████▉ | 91/102 [38:40<05:02, 27.48s/it]
      17/50      19.6G      1.001      0.747      1.121        997        640:  89%|████████▉ | 91/102 [39:08<05:02, 27.48s/it]
      17/50      19.6G      1.001      0.747      1.121        997        640:  90%|█████████ | 92/102 [39:08<04:35, 27.55s/it]
      17/50      19.6G      1.001     0.7465      1.121        983        640:  90%|█████████ | 92/102 [39:36<04:35, 27.55s/it]
      17/50      19.6G      1.001     0.7465      1.121        983        640:  91%|█████████ | 93/102 [39:36<04:09, 27.76s/it]
      17/50      19.6G      1.001     0.7464      1.121       1243        640:  91%|█████████ | 93/102 [40:07<04:09, 27.76s/it]
      17/50      19.6G      1.001     0.7464      1.121       1243        640:  92%|█████████▏| 94/102 [40:07<03:47, 28.46s/it]
      17/50      19.6G      1.001     0.7463      1.121       1207        640:  92%|█████████▏| 94/102 [40:33<03:47, 28.46s/it]
      17/50      19.6G      1.001     0.7463      1.121       1207        640:  93%|█████████▎| 95/102 [40:33<03:14, 27.79s/it]
      17/50      19.6G          1     0.7456       1.12        954        640:  93%|█████████▎| 95/102 [41:00<03:14, 27.79s/it]
      17/50      19.6G          1     0.7456       1.12        954        640:  94%|█████████▍| 96/102 [41:00<02:45, 27.62s/it]
      17/50      19.6G          1     0.7453      1.121       1064        640:  94%|█████████▍| 96/102 [41:27<02:45, 27.62s/it]
      17/50      19.6G          1     0.7453      1.121       1064        640:  95%|█████████▌| 97/102 [41:27<02:16, 27.37s/it]
      17/50      19.6G          1     0.7451      1.121       1134        640:  95%|█████████▌| 97/102 [41:55<02:16, 27.37s/it]
      17/50      19.6G          1     0.7451      1.121       1134        640:  96%|█████████▌| 98/102 [41:55<01:50, 27.53s/it]
      17/50      19.6G          1     0.7446       1.12       1069        640:  96%|█████████▌| 98/102 [42:23<01:50, 27.53s/it]
      17/50      19.6G          1     0.7446       1.12       1069        640:  97%|█████████▋| 99/102 [42:23<01:23, 27.92s/it]
      17/50      19.6G          1     0.7443       1.12       1142        640:  97%|█████████▋| 99/102 [42:53<01:23, 27.92s/it]
      17/50      19.6G          1     0.7443       1.12       1142        640:  98%|█████████▊| 100/102 [42:53<00:56, 28.28s/it]
      17/50      19.6G          1     0.7443       1.12       1128        640:  98%|█████████▊| 100/102 [43:20<00:56, 28.28s/it]
      17/50      19.6G          1     0.7443       1.12       1128        640:  99%|█████████▉| 101/102 [43:20<00:28, 28.16s/it]
      17/50      19.6G      1.003      0.745      1.121        254        640:  99%|█████████▉| 101/102 [43:27<00:28, 28.16s/it]
      17/50      19.6G      1.003      0.745      1.121        254        640: 100%|██████████| 102/102 [43:27<00:00, 21.56s/it]
      17/50      19.6G      1.003      0.745      1.121        254        640: 100%|██████████| 102/102 [43:27<00:00, 25.56s/it]

                 Class     Images  Instances      Box(P          R      mAP50  mAP50-95):   0%|          | 0/13 [00:00<?, ?it/s]
                 Class     Images  Instances      Box(P          R      mAP50  mAP50-95):   8%|▊         | 1/13 [00:00<00:03,  3.14it/s]
                 Class     Images  Instances      Box(P          R      mAP50  mAP50-95):  15%|█▌        | 2/13 [00:00<00:03,  3.26it/s]
                 Class     Images  Instances      Box(P          R      mAP50  mAP50-95):  23%|██▎       | 3/13 [00:00<00:02,  3.44it/s]
                 Class     Images  Instances      Box(P          R      mAP50  mAP50-95):  31%|███       | 4/13 [00:01<00:02,  3.54it/s]
                 Class     Images  Instances      Box(P          R      mAP50  mAP50-95):  38%|███▊      | 5/13 [02:52<08:15, 61.91s/it]
                 Class     Images  Instances      Box(P          R      mAP50  mAP50-95):  46%|████▌     | 6/13 [02:52<04:46, 40.96s/it]
                 Class     Images  Instances      Box(P          R      mAP50  mAP50-95):  54%|█████▍    | 7/13 [04:37<06:11, 61.85s/it]
                 Class     Images  Instances      Box(P          R      mAP50  mAP50-95):  62%|██████▏   | 8/13 [04:37<03:31, 42.25s/it]
                 Class     Images  Instances      Box(P          R      mAP50  mAP50-95):  69%|██████▉   | 9/13 [06:32<04:19, 64.89s/it]
                 Class     Images  Instances      Box(P          R      mAP50  mAP50-95):  77%|███████▋  | 10/13 [06:32<02:14, 44.94s/it]
                 Class     Images  Instances      Box(P          R      mAP50  mAP50-95):  85%|████████▍ | 11/13 [08:27<02:12, 66.23s/it]
                 Class     Images  Instances      Box(P          R      mAP50  mAP50-95):  92%|█████████▏| 12/13 [08:27<00:46, 46.16s/it]
                 Class     Images  Instances      Box(P          R      mAP50  mAP50-95): 100%|██████████| 13/13 [09:07<00:00, 44.35s/it]
                 Class     Images  Instances      Box(P          R      mAP50  mAP50-95): 100%|██████████| 13/13 [09:07<00:00, 42.13s/it]
                   all       1620      15401      0.694      0.484      0.522      0.322

      Epoch    GPU_mem   box_loss   cls_loss   dfl_loss  Instances       Size

  0%|          | 0/102 [00:00<?, ?it/s]
      18/50      15.8G     0.9705      0.734      1.107       1024        640:   0%|          | 0/102 [00:00<?, ?it/s]
      18/50      15.8G     0.9705      0.734      1.107       1024        640:   1%|          | 1/102 [00:00<00:17,  5.75it/s]
      18/50      16.4G     0.9624     0.7193      1.108       1064        640:   1%|          | 1/102 [00:00<00:17,  5.75it/s]
      18/50      16.4G     0.9624     0.7193      1.108       1064        640:   2%|▏         | 2/102 [00:00<00:16,  5.92it/s]
      18/50      17.5G     0.9687     0.7163      1.108       1043        640:   2%|▏         | 2/102 [01:13<00:16,  5.92it/s]
      18/50      17.5G     0.9687     0.7163      1.108       1043        640:   3%|▎         | 3/102 [01:13<55:09, 33.43s/it]
      18/50      17.5G     0.9609     0.7172       1.11        875        640:   3%|▎         | 3/102 [02:33<55:09, 33.43s/it]
      18/50      17.5G     0.9609     0.7172       1.11        875        640:   4%|▍         | 4/102 [02:33<1:25:02, 52.07s/it]
      18/50      17.5G     0.9623     0.7122      1.102       1106        640:   4%|▍         | 4/102 [03:26<1:25:02, 52.07s/it]
      18/50      17.5G     0.9623     0.7122      1.102       1106        640:   5%|▍         | 5/102 [03:26<1:24:33, 52.30s/it]
      18/50      17.5G     0.9656     0.7124      1.102       1150        640:   5%|▍         | 5/102 [04:20<1:24:33, 52.30s/it]
      18/50      17.5G     0.9656     0.7124      1.102       1150        640:   6%|▌         | 6/102 [04:20<1:24:23, 52.75s/it]
      18/50      17.5G     0.9687     0.7138      1.104       1015        640:   6%|▌         | 6/102 [05:03<1:24:23, 52.75s/it]
      18/50      17.5G     0.9687     0.7138      1.104       1015        640:   7%|▋         | 7/102 [05:03<1:18:32, 49.60s/it]
      18/50      17.5G      0.973      0.718      1.109        978        640:   7%|▋         | 7/102 [05:32<1:18:32, 49.60s/it]
      18/50      17.5G      0.973      0.718      1.109        978        640:   8%|▊         | 8/102 [05:32<1:07:39, 43.19s/it]
      18/50      17.5G      0.967     0.7147      1.105       1097        640:   8%|▊         | 8/102 [05:59<1:07:39, 43.19s/it]
      18/50      17.5G      0.967     0.7147      1.105       1097        640:   9%|▉         | 9/102 [05:59<58:59, 38.05s/it]
      18/50      17.5G     0.9651     0.7096        1.1       1140        640:   9%|▉         | 9/102 [06:27<58:59, 38.05s/it]
      18/50      17.5G     0.9651     0.7096        1.1       1140        640:  10%|▉         | 10/102 [06:27<53:28, 34.88s/it]
      18/50      17.5G     0.9615     0.7083      1.097       1023        640:  10%|▉         | 10/102 [06:55<53:28, 34.88s/it]
      18/50      17.5G     0.9615     0.7083      1.097       1023        640:  11%|█         | 11/102 [06:55<49:30, 32.64s/it]
      18/50      17.5G     0.9616     0.7063      1.097       1133        640:  11%|█         | 11/102 [07:24<49:30, 32.64s/it]
      18/50      17.5G     0.9616     0.7063      1.097       1133        640:  12%|█▏        | 12/102 [07:24<47:34, 31.72s/it]
      18/50      17.5G     0.9615     0.7046      1.095       1083        640:  12%|█▏        | 12/102 [07:53<47:34, 31.72s/it]
      18/50      17.5G     0.9615     0.7046      1.095       1083        640:  13%|█▎        | 13/102 [07:53<45:37, 30.75s/it]
      18/50      17.5G     0.9594     0.7073      1.097        949        640:  13%|█▎        | 13/102 [08:22<45:37, 30.75s/it]
      18/50      17.5G     0.9594     0.7073      1.097        949        640:  14%|█▎        | 14/102 [08:22<44:25, 30.29s/it]
      18/50      17.5G     0.9619     0.7064      1.099       1079        640:  14%|█▎        | 14/102 [08:52<44:25, 30.29s/it]
      18/50      17.5G     0.9619     0.7064      1.099       1079        640:  15%|█▍        | 15/102 [08:52<43:41, 30.13s/it]
      18/50      17.5G     0.9597     0.7068        1.1        872        640:  15%|█▍        | 15/102 [09:19<43:41, 30.13s/it]
      18/50      17.5G     0.9597     0.7068        1.1        872        640:  16%|█▌        | 16/102 [09:19<41:57, 29.28s/it]
      18/50      17.5G     0.9612     0.7111      1.102        970        640:  16%|█▌        | 16/102 [09:46<41:57, 29.28s/it]
      18/50      17.5G     0.9612     0.7111      1.102        970        640:  17%|█▋        | 17/102 [09:46<40:32, 28.61s/it]
      18/50      17.5G      0.964     0.7115      1.105       1037        640:  17%|█▋        | 17/102 [10:12<40:32, 28.61s/it]
      18/50      17.5G      0.964     0.7115      1.105       1037        640:  18%|█▊        | 18/102 [10:12<39:03, 27.89s/it]
      18/50      17.5G     0.9664      0.714      1.105       1179        640:  18%|█▊        | 18/102 [10:42<39:03, 27.89s/it]
      18/50      17.5G     0.9664      0.714      1.105       1179        640:  19%|█▊        | 19/102 [10:42<39:21, 28.45s/it]
      18/50      17.5G     0.9687     0.7144      1.106       1090        640:  19%|█▊        | 19/102 [11:10<39:21, 28.45s/it]
      18/50      17.5G     0.9687     0.7144      1.106       1090        640:  20%|█▉        | 20/102 [11:10<38:53, 28.46s/it]
      18/50      17.5G     0.9718     0.7167      1.109        981        640:  20%|█▉        | 20/102 [11:38<38:53, 28.46s/it]
      18/50      17.5G     0.9718     0.7167      1.109        981        640:  21%|██        | 21/102 [11:38<37:59, 28.14s/it]
      18/50      17.5G     0.9726     0.7172       1.11        952        640:  21%|██        | 21/102 [12:05<37:59, 28.14s/it]
      18/50      17.5G     0.9726     0.7172       1.11        952        640:  22%|██▏       | 22/102 [12:05<37:04, 27.80s/it]
      18/50      17.5G     0.9726     0.7158      1.109       1109        640:  22%|██▏       | 22/102 [12:31<37:04, 27.80s/it]
      18/50      17.5G     0.9726     0.7158      1.109       1109        640:  23%|██▎       | 23/102 [12:31<35:53, 27.26s/it]
      18/50      17.5G     0.9753     0.7193      1.111       1037        640:  23%|██▎       | 23/102 [12:58<35:53, 27.26s/it]
      18/50      17.5G     0.9753     0.7193      1.111       1037        640:  24%|██▎       | 24/102 [12:58<35:33, 27.35s/it]
      18/50      17.5G     0.9764     0.7215      1.111       1089        640:  24%|██▎       | 24/102 [13:26<35:33, 27.35s/it]
      18/50      17.5G     0.9764     0.7215      1.111       1089        640:  25%|██▍       | 25/102 [13:26<35:08, 27.38s/it]
      18/50      17.5G     0.9775      0.723      1.112       1014        640:  25%|██▍       | 25/102 [13:51<35:08, 27.38s/it]
      18/50      17.5G     0.9775      0.723      1.112       1014        640:  25%|██▌       | 26/102 [13:51<33:39, 26.58s/it]
      18/50      17.5G     0.9763     0.7235      1.112        943        640:  25%|██▌       | 26/102 [14:19<33:39, 26.58s/it]
      18/50      17.5G     0.9763     0.7235      1.112        943        640:  26%|██▋       | 27/102 [14:19<33:56, 27.15s/it]
      18/50      17.5G      0.975     0.7224      1.111       1004        640:  26%|██▋       | 27/102 [14:46<33:56, 27.15s/it]
      18/50      17.5G      0.975     0.7224      1.111       1004        640:  27%|██▋       | 28/102 [14:46<33:32, 27.20s/it]
      18/50      17.5G      0.974     0.7219      1.112       1047        640:  27%|██▋       | 28/102 [15:12<33:32, 27.20s/it]
      18/50      17.5G      0.974     0.7219      1.112       1047        640:  28%|██▊       | 29/102 [15:12<32:36, 26.80s/it]
      18/50      17.5G     0.9739      0.723      1.111       1006        640:  28%|██▊       | 29/102 [15:39<32:36, 26.80s/it]
      18/50      17.5G     0.9739      0.723      1.111       1006        640:  29%|██▉       | 30/102 [15:39<32:06, 26.76s/it]
      18/50      17.5G     0.9743     0.7242      1.113        935        640:  29%|██▉       | 30/102 [16:07<32:06, 26.76s/it]
      18/50      17.5G     0.9743     0.7242      1.113        935        640:  30%|███       | 31/102 [16:07<32:07, 27.15s/it]
      18/50      17.5G     0.9745      0.723      1.113       1231        640:  30%|███       | 31/102 [16:32<32:07, 27.15s/it]
      18/50      17.5G     0.9745      0.723      1.113       1231        640:  31%|███▏      | 32/102 [16:32<30:56, 26.52s/it]
      18/50      17.5G     0.9758     0.7231      1.112       1161        640:  31%|███▏      | 32/102 [17:00<30:56, 26.52s/it]
      18/50      17.5G     0.9758     0.7231      1.112       1161        640:  32%|███▏      | 33/102 [17:00<30:51, 26.83s/it]
      18/50      17.5G     0.9762     0.7231      1.113       1047        640:  32%|███▏      | 33/102 [17:26<30:51, 26.83s/it]
      18/50      17.5G     0.9762     0.7231      1.113       1047        640:  33%|███▎      | 34/102 [17:26<30:17, 26.73s/it]
      18/50      17.5G     0.9773     0.7231      1.114       1133        640:  33%|███▎      | 34/102 [17:56<30:17, 26.73s/it]
      18/50      17.5G     0.9773     0.7231      1.114       1133        640:  34%|███▍      | 35/102 [17:56<30:56, 27.71s/it]
      18/50      17.5G     0.9769     0.7221      1.113       1253        640:  34%|███▍      | 35/102 [18:23<30:56, 27.71s/it]
      18/50      17.5G     0.9769     0.7221      1.113       1253        640:  35%|███▌      | 36/102 [18:23<30:08, 27.40s/it]
      18/50      17.5G      0.977     0.7222      1.113       1124        640:  35%|███▌      | 36/102 [18:50<30:08, 27.40s/it]
      18/50      17.5G      0.977     0.7222      1.113       1124        640:  36%|███▋      | 37/102 [18:50<29:44, 27.46s/it]
      18/50      17.5G      0.977     0.7213      1.113       1119        640:  36%|███▋      | 37/102 [19:16<29:44, 27.46s/it]
      18/50      17.5G      0.977     0.7213      1.113       1119        640:  37%|███▋      | 38/102 [19:16<28:43, 26.92s/it]
      18/50      17.5G      0.977     0.7219      1.113       1095        640:  37%|███▋      | 38/102 [19:45<28:43, 26.92s/it]
      18/50      17.5G      0.977     0.7219      1.113       1095        640:  38%|███▊      | 39/102 [19:45<28:53, 27.51s/it]
      18/50      17.5G     0.9784     0.7229      1.114       1153        640:  38%|███▊      | 39/102 [20:12<28:53, 27.51s/it]
      18/50      17.5G     0.9784     0.7229      1.114       1153        640:  39%|███▉      | 40/102 [20:12<28:22, 27.47s/it]
      18/50      17.5G     0.9785     0.7214      1.114       1125        640:  39%|███▉      | 40/102 [20:40<28:22, 27.47s/it]
      18/50      17.5G     0.9785     0.7214      1.114       1125        640:  40%|████      | 41/102 [20:40<28:02, 27.57s/it]
      18/50      17.5G     0.9775     0.7204      1.115        916        640:  40%|████      | 41/102 [21:09<28:02, 27.57s/it]
      18/50      17.5G     0.9775     0.7204      1.115        916        640:  41%|████      | 42/102 [21:09<27:50, 27.84s/it]
      18/50      17.5G      0.978     0.7211      1.115       1089        640:  41%|████      | 42/102 [21:36<27:50, 27.84s/it]
      18/50      17.5G      0.978     0.7211      1.115       1089        640:  42%|████▏     | 43/102 [21:36<27:21, 27.82s/it]
      18/50      17.5G      0.978     0.7213      1.115       1169        640:  42%|████▏     | 43/102 [22:04<27:21, 27.82s/it]
      18/50      17.5G      0.978     0.7213      1.115       1169        640:  43%|████▎     | 44/102 [22:04<26:49, 27.75s/it]
      18/50      17.5G      0.978      0.721      1.116       1066        640:  43%|████▎     | 44/102 [22:33<26:49, 27.75s/it]
      18/50      17.5G      0.978      0.721      1.116       1066        640:  44%|████▍     | 45/102 [22:33<26:42, 28.11s/it]
      18/50      17.5G     0.9786     0.7211      1.116       1211        640:  44%|████▍     | 45/102 [23:00<26:42, 28.11s/it]
      18/50      17.5G     0.9786     0.7211      1.116       1211        640:  45%|████▌     | 46/102 [23:00<26:03, 27.91s/it]
      18/50      17.5G     0.9781     0.7208      1.115       1175        640:  45%|████▌     | 46/102 [23:27<26:03, 27.91s/it]
      18/50      17.5G     0.9781     0.7208      1.115       1175        640:  46%|████▌     | 47/102 [23:27<25:20, 27.65s/it]
      18/50      17.5G      0.979      0.722      1.115       1123        640:  46%|████▌     | 47/102 [23:54<25:20, 27.65s/it]
      18/50      17.5G      0.979      0.722      1.115       1123        640:  47%|████▋     | 48/102 [23:54<24:38, 27.39s/it]
      18/50      17.5G     0.9801      0.723      1.116       1278        640:  47%|████▋     | 48/102 [24:23<24:38, 27.39s/it]
      18/50      17.5G     0.9801      0.723      1.116       1278        640:  48%|████▊     | 49/102 [24:23<24:29, 27.72s/it]
      18/50      17.5G     0.9811     0.7242      1.116       1331        640:  48%|████▊     | 49/102 [24:52<24:29, 27.72s/it]
      18/50      17.5G     0.9811     0.7242      1.116       1331        640:  49%|████▉     | 50/102 [24:52<24:20, 28.10s/it]
      18/50      17.5G     0.9805     0.7239      1.115       1131        640:  49%|████▉     | 50/102 [25:19<24:20, 28.10s/it]
      18/50      17.5G     0.9805     0.7239      1.115       1131        640:  50%|█████     | 51/102 [25:19<23:46, 27.96s/it]
      18/50      18.5G     0.9801     0.7243      1.115       1194        640:  50%|█████     | 51/102 [25:47<23:46, 27.96s/it]
      18/50      18.5G     0.9801     0.7243      1.115       1194        640:  51%|█████     | 52/102 [25:47<23:07, 27.75s/it]
      18/50      18.5G     0.9803     0.7248      1.115       1106        640:  51%|█████     | 52/102 [26:15<23:07, 27.75s/it]
      18/50      18.5G     0.9803     0.7248      1.115       1106        640:  52%|█████▏    | 53/102 [26:15<22:48, 27.92s/it]
      18/50      18.5G     0.9816     0.7264      1.115       1266        640:  52%|█████▏    | 53/102 [26:41<22:48, 27.92s/it]
      18/50      18.5G     0.9816     0.7264      1.115       1266        640:  53%|█████▎    | 54/102 [26:41<21:51, 27.33s/it]
      18/50      18.5G     0.9823     0.7262      1.116       1124        640:  53%|█████▎    | 54/102 [27:09<21:51, 27.33s/it]
      18/50      18.5G     0.9823     0.7262      1.116       1124        640:  54%|█████▍    | 55/102 [27:09<21:39, 27.65s/it]
      18/50      18.5G     0.9816     0.7267      1.116        932        640:  54%|█████▍    | 55/102 [27:36<21:39, 27.65s/it]
      18/50      18.5G     0.9816     0.7267      1.116        932        640:  55%|█████▍    | 56/102 [27:36<20:59, 27.38s/it]
      18/50      18.5G     0.9826     0.7267      1.116       1085        640:  55%|█████▍    | 56/102 [28:02<20:59, 27.38s/it]
      18/50      18.5G     0.9826     0.7267      1.116       1085        640:  56%|█████▌    | 57/102 [28:02<20:16, 27.03s/it]
      18/50      18.5G     0.9825     0.7272      1.116       1064        640:  56%|█████▌    | 57/102 [28:31<20:16, 27.03s/it]
      18/50      18.5G     0.9825     0.7272      1.116       1064        640:  57%|█████▋    | 58/102 [28:31<20:18, 27.68s/it]
      18/50      18.5G     0.9818     0.7266      1.116        950        640:  57%|█████▋    | 58/102 [28:57<20:18, 27.68s/it]
      18/50      18.5G     0.9818     0.7266      1.116        950        640:  58%|█████▊    | 59/102 [28:57<19:25, 27.11s/it]
      18/50      18.5G     0.9818     0.7265      1.115       1063        640:  58%|█████▊    | 59/102 [29:23<19:25, 27.11s/it]
      18/50      18.5G     0.9818     0.7265      1.115       1063        640:  59%|█████▉    | 60/102 [29:23<18:43, 26.74s/it]
      18/50      18.5G     0.9816     0.7266      1.115       1029        640:  59%|█████▉    | 60/102 [29:50<18:43, 26.74s/it]
      18/50      18.5G     0.9816     0.7266      1.115       1029        640:  60%|█████▉    | 61/102 [29:50<18:25, 26.97s/it]
      18/50      18.5G     0.9823     0.7268      1.115       1304        640:  60%|█████▉    | 61/102 [30:18<18:25, 26.97s/it]
      18/50      18.5G     0.9823     0.7268      1.115       1304        640:  61%|██████    | 62/102 [30:18<18:10, 27.26s/it]
      18/50      18.5G      0.983     0.7271      1.115       1041        640:  61%|██████    | 62/102 [30:45<18:10, 27.26s/it]
      18/50      18.5G      0.983     0.7271      1.115       1041        640:  62%|██████▏   | 63/102 [30:45<17:30, 26.95s/it]
      18/50      18.5G     0.9838     0.7279      1.116       1038        640:  62%|██████▏   | 63/102 [31:11<17:30, 26.95s/it]
      18/50      18.5G     0.9838     0.7279      1.116       1038        640:  63%|██████▎   | 64/102 [31:11<17:00, 26.84s/it]
      18/50      18.5G     0.9831     0.7274      1.116        971        640:  63%|██████▎   | 64/102 [31:39<17:00, 26.84s/it]
      18/50      18.5G     0.9831     0.7274      1.116        971        640:  64%|██████▎   | 65/102 [31:39<16:46, 27.19s/it]
      18/50      18.5G      0.983     0.7272      1.116       1046        640:  64%|██████▎   | 65/102 [32:07<16:46, 27.19s/it]
      18/50      18.5G      0.983     0.7272      1.116       1046        640:  65%|██████▍   | 66/102 [32:07<16:24, 27.35s/it]
      18/50      18.5G     0.9837     0.7281      1.117        951        640:  65%|██████▍   | 66/102 [32:37<16:24, 27.35s/it]
      18/50      18.5G     0.9837     0.7281      1.117        951        640:  66%|██████▌   | 67/102 [32:37<16:26, 28.18s/it]
      18/50      18.5G     0.9837     0.7286      1.117        981        640:  66%|██████▌   | 67/102 [33:05<16:26, 28.18s/it]
      18/50      18.5G     0.9837     0.7286      1.117        981        640:  67%|██████▋   | 68/102 [33:05<15:54, 28.08s/it]
      18/50      18.5G     0.9852       0.73      1.118       1302        640:  67%|██████▋   | 68/102 [33:35<15:54, 28.08s/it]
      18/50      18.5G     0.9852       0.73      1.118       1302        640:  68%|██████▊   | 69/102 [33:35<15:46, 28.68s/it]
      18/50      18.5G     0.9849     0.7292      1.117       1210        640:  68%|██████▊   | 69/102 [34:07<15:46, 28.68s/it]
      18/50      18.5G     0.9849     0.7292      1.117       1210        640:  69%|██████▊   | 70/102 [34:07<15:47, 29.62s/it]
      18/50      18.5G     0.9847     0.7293      1.117       1129        640:  69%|██████▊   | 70/102 [34:38<15:47, 29.62s/it]
      18/50      18.5G     0.9847     0.7293      1.117       1129        640:  70%|██████▉   | 71/102 [34:38<15:36, 30.20s/it]
      18/50      18.5G     0.9848     0.7296      1.118       1068        640:  70%|██████▉   | 71/102 [35:09<15:36, 30.20s/it]
      18/50      18.5G     0.9848     0.7296      1.118       1068        640:  71%|███████   | 72/102 [35:09<15:12, 30.41s/it]
      18/50      18.5G     0.9849     0.7296      1.118       1230        640:  71%|███████   | 72/102 [35:41<15:12, 30.41s/it]
      18/50      18.5G     0.9849     0.7296      1.118       1230        640:  72%|███████▏  | 73/102 [35:41<14:53, 30.79s/it]
      18/50      18.5G     0.9846     0.7296      1.118        991        640:  72%|███████▏  | 73/102 [36:11<14:53, 30.79s/it]
      18/50      18.5G     0.9846     0.7296      1.118        991        640:  73%|███████▎  | 74/102 [36:11<14:16, 30.60s/it]
      18/50      18.5G     0.9847     0.7295      1.118       1155        640:  73%|███████▎  | 74/102 [36:44<14:16, 30.60s/it]
      18/50      18.5G     0.9847     0.7295      1.118       1155        640:  74%|███████▎  | 75/102 [36:44<14:04, 31.28s/it]
      18/50      18.5G     0.9851     0.7292      1.118       1175        640:  74%|███████▎  | 75/102 [37:14<14:04, 31.28s/it]
      18/50      18.5G     0.9851     0.7292      1.118       1175        640:  75%|███████▍  | 76/102 [37:14<13:25, 30.97s/it]
      18/50      18.5G     0.9848      0.729      1.118        988        640:  75%|███████▍  | 76/102 [37:46<13:25, 30.97s/it]
      18/50      18.5G     0.9848      0.729      1.118        988        640:  75%|███████▌  | 77/102 [37:46<13:01, 31.27s/it]
      18/50      18.5G     0.9849     0.7286      1.118       1059        640:  75%|███████▌  | 77/102 [38:17<13:01, 31.27s/it]
      18/50      18.5G     0.9849     0.7286      1.118       1059        640:  76%|███████▋  | 78/102 [38:17<12:29, 31.24s/it]
      18/50      18.5G     0.9854     0.7291      1.119       1100        640:  76%|███████▋  | 78/102 [38:51<12:29, 31.24s/it]
      18/50      18.5G     0.9854     0.7291      1.119       1100        640:  77%|███████▋  | 79/102 [38:51<12:15, 31.99s/it]
      18/50      18.5G     0.9857     0.7285      1.119       1187        640:  77%|███████▋  | 79/102 [39:25<12:15, 31.99s/it]
      18/50      18.5G     0.9857     0.7285      1.119       1187        640:  78%|███████▊  | 80/102 [39:25<11:56, 32.56s/it]slurmstepd: error: *** JOB 1348248 ON atl1-1-03-011-18-0 CANCELLED AT 2025-02-23T07:26:16 DUE TO TIME LIMIT ***
---------------------------------------
Begin Slurm Epilog: Feb-23-2025 07:26:18
Job ID:        1348248w
User ID:       oupadhyay3
Account:       coc
Job name:      example
Resources:     cpu=1,gres/gpu:h100=1,mem=16G,node=1
Rsrc Used:     cput=16:00:12,vmem=0,walltime=16:00:12,mem=16750540K,energy_used=0
Partition:     coe-gpu
QOS:           coe-ice
Nodes:         atl1-1-03-011-18-0
---------------------------------------
