---------------------------------------
Begin Slurm Prolog: Feb-21-2025 12:20:07
Job ID:    1328712
User ID:   oupadhyay3
Account:   coc
Job name:  example
Partition: coe-gpu
QOS:       coe-ice
---------------------------------------

CondaError: Run 'conda init' before 'conda deactivate'

CUDA Version: 12.4
cuDNN Version: 90100
GPU Name: NVIDIA H100 80GB HBM3
GPU Memory: 79.22 GB
New https://pypi.org/project/ultralytics/8.3.78 available 😃 Update with 'pip install -U ultralytics'
[34m[1mengine/trainer: [0mtask=detect, mode=train, model=yolo11s.pt, data=/storage/ice-shared/vip-vx4/spring2025/vision-safety/datasets/data.yaml, epochs=25, time=None, patience=5, batch=64, imgsz=640, save=True, save_period=-1, cache=False, device=cuda:0, workers=1, project=/storage/ice-shared/vip-vx4/spring2025/vision-safety, name=train4, exist_ok=False, pretrained=True, optimizer=auto, verbose=True, seed=0, deterministic=True, single_cls=False, rect=False, cos_lr=False, close_mosaic=10, resume=False, amp=True, fraction=1.0, profile=False, freeze=None, multi_scale=False, overlap_mask=True, mask_ratio=4, dropout=0.0, val=True, split=val, save_json=False, save_hybrid=False, conf=None, iou=0.7, max_det=300, half=False, dnn=False, plots=True, source=None, vid_stride=1, stream_buffer=False, visualize=False, augment=False, agnostic_nms=False, classes=None, retina_masks=False, embed=None, show=False, save_frames=False, save_txt=False, save_conf=False, save_crop=False, show_labels=True, show_conf=True, show_boxes=True, line_width=None, format=torchscript, keras=False, optimize=False, int8=False, dynamic=False, simplify=True, opset=None, workspace=None, nms=False, lr0=0.01, lrf=0.01, momentum=0.937, weight_decay=0.0005, warmup_epochs=3.0, warmup_momentum=0.8, warmup_bias_lr=0.1, box=7.5, cls=0.5, dfl=1.5, pose=12.0, kobj=1.0, nbs=64, hsv_h=0.015, hsv_s=0.7, hsv_v=0.4, degrees=0.0, translate=0.1, scale=0.5, shear=0.0, perspective=0.0, flipud=0.0, fliplr=0.5, bgr=0.0, mosaic=1.0, mixup=0.0, copy_paste=0.0, copy_paste_mode=flip, auto_augment=randaugment, erasing=0.4, crop_fraction=1.0, cfg=None, tracker=botsort.yaml, save_dir=/storage/ice-shared/vip-vx4/spring2025/vision-safety/runs/detect/train4
Overriding model.yaml nc=80 with nc=17

                   from  n    params  module                                       arguments
  0                  -1  1       928  ultralytics.nn.modules.conv.Conv             [3, 32, 3, 2]
  1                  -1  1     18560  ultralytics.nn.modules.conv.Conv             [32, 64, 3, 2]
  2                  -1  1     26080  ultralytics.nn.modules.block.C3k2            [64, 128, 1, False, 0.25]
  3                  -1  1    147712  ultralytics.nn.modules.conv.Conv             [128, 128, 3, 2]
  4                  -1  1    103360  ultralytics.nn.modules.block.C3k2            [128, 256, 1, False, 0.25]
  5                  -1  1    590336  ultralytics.nn.modules.conv.Conv             [256, 256, 3, 2]
  6                  -1  1    346112  ultralytics.nn.modules.block.C3k2            [256, 256, 1, True]
  7                  -1  1   1180672  ultralytics.nn.modules.conv.Conv             [256, 512, 3, 2]
  8                  -1  1   1380352  ultralytics.nn.modules.block.C3k2            [512, 512, 1, True]
  9                  -1  1    656896  ultralytics.nn.modules.block.SPPF            [512, 512, 5]
 10                  -1  1    990976  ultralytics.nn.modules.block.C2PSA           [512, 512, 1]
 11                  -1  1         0  torch.nn.modules.upsampling.Upsample         [None, 2, 'nearest']
 12             [-1, 6]  1         0  ultralytics.nn.modules.conv.Concat           [1]
 13                  -1  1    443776  ultralytics.nn.modules.block.C3k2            [768, 256, 1, False]
 14                  -1  1         0  torch.nn.modules.upsampling.Upsample         [None, 2, 'nearest']
 15             [-1, 4]  1         0  ultralytics.nn.modules.conv.Concat           [1]
 16                  -1  1    127680  ultralytics.nn.modules.block.C3k2            [512, 128, 1, False]
 17                  -1  1    147712  ultralytics.nn.modules.conv.Conv             [128, 128, 3, 2]
 18            [-1, 13]  1         0  ultralytics.nn.modules.conv.Concat           [1]
 19                  -1  1    345472  ultralytics.nn.modules.block.C3k2            [384, 256, 1, False]
 20                  -1  1    590336  ultralytics.nn.modules.conv.Conv             [256, 256, 3, 2]
 21            [-1, 10]  1         0  ultralytics.nn.modules.conv.Concat           [1]
 22                  -1  1   1511424  ultralytics.nn.modules.block.C3k2            [768, 512, 1, True]
 23        [16, 19, 22]  1    825987  ultralytics.nn.modules.head.Detect           [17, [128, 256, 512]]
YOLO11s summary: 319 layers, 9,434,371 parameters, 9,434,355 gradients, 21.6 GFLOPs

Transferred 493/499 items from pretrained weights
Freezing layer 'model.23.dfl.conv.weight'
[34m[1mAMP: [0mrunning Automatic Mixed Precision (AMP) checks...
[34m[1mAMP: [0mchecks passed ✅

[34m[1mtrain: [0mScanning /storage/ice-shared/vip-vx4/spring2025/vision-safety/datasets/train/labels.cache... 6479 images, 0 backgrounds, 0 corrupt: 100%|██████████| 6479/6479 [00:00<?, ?it/s]
[34m[1mtrain: [0mScanning /storage/ice-shared/vip-vx4/spring2025/vision-safety/datasets/train/labels.cache... 6479 images, 0 backgrounds, 0 corrupt: 100%|██████████| 6479/6479 [00:00<?, ?it/s]

[34m[1mval: [0mScanning /storage/ice-shared/vip-vx4/spring2025/vision-safety/datasets/val/labels.cache... 1620 images, 0 backgrounds, 0 corrupt: 100%|██████████| 1620/1620 [00:00<?, ?it/s]
[34m[1mval: [0mScanning /storage/ice-shared/vip-vx4/spring2025/vision-safety/datasets/val/labels.cache... 1620 images, 0 backgrounds, 0 corrupt: 100%|██████████| 1620/1620 [00:00<?, ?it/s]
/storage/ice-shared/vip-vx4/.conda/envs/llama/lib/python3.12/site-packages/torch/utils/data/dataloader.py:617: UserWarning: This DataLoader will create 2 worker processes in total. Our suggested max number of worker in current system is 1, which is smaller than what this DataLoader is going to create. Please be aware that excessive worker creation might get DataLoader running slow or even freeze, lower the worker number to avoid potential slowness/freeze if necessary.
  warnings.warn(
Plotting labels to /storage/ice-shared/vip-vx4/spring2025/vision-safety/runs/detect/train4/labels.jpg...
[34m[1moptimizer:[0m 'optimizer=auto' found, ignoring 'lr0=0.01' and 'momentum=0.937' and determining best 'optimizer', 'lr0' and 'momentum' automatically...
[34m[1moptimizer:[0m AdamW(lr=0.000476, momentum=0.9) with parameter groups 81 weight(decay=0.0), 88 weight(decay=0.0005), 87 bias(decay=0.0)
Image sizes 640 train, 640 val
Using 1 dataloader workers
Logging results to [1m/storage/ice-shared/vip-vx4/spring2025/vision-safety/runs/detect/train4[0m
Starting training for 25 epochs...

      Epoch    GPU_mem   box_loss   cls_loss   dfl_loss  Instances       Size

  0%|          | 0/102 [00:00<?, ?it/s]
       1/25      16.1G      1.565      4.932      1.547       1243        640:   0%|          | 0/102 [00:46<?, ?it/s]
       1/25      16.1G      1.565      4.932      1.547       1243        640:   1%|          | 1/102 [00:46<1:17:37, 46.11s/it]
       1/25      16.9G      1.589      4.895      1.541       1533        640:   1%|          | 1/102 [01:44<1:17:37, 46.11s/it]
       1/25      16.9G      1.589      4.895      1.541       1533        640:   2%|▏         | 2/102 [01:44<1:28:38, 53.19s/it]
       1/25      16.9G       1.58       4.92      1.552       1140        640:   2%|▏         | 2/102 [02:31<1:28:38, 53.19s/it]
       1/25      16.9G       1.58       4.92      1.552       1140        640:   3%|▎         | 3/102 [02:31<1:23:25, 50.56s/it]
       1/25      16.9G      1.587      4.944      1.568        997        640:   3%|▎         | 3/102 [03:05<1:23:25, 50.56s/it]
       1/25      16.9G      1.587      4.944      1.568        997        640:   4%|▍         | 4/102 [03:05<1:12:03, 44.12s/it]
       1/25      16.9G      1.587      4.945      1.572       1096        640:   4%|▍         | 4/102 [03:29<1:12:03, 44.12s/it]
       1/25      16.9G      1.587      4.945      1.572       1096        640:   5%|▍         | 5/102 [03:29<59:33, 36.84s/it]
       1/25      16.9G      1.589       4.95      1.579       1143        640:   5%|▍         | 5/102 [03:54<59:33, 36.84s/it]
       1/25      16.9G      1.589       4.95      1.579       1143        640:   6%|▌         | 6/102 [03:54<52:08, 32.59s/it]
       1/25      16.9G       1.59       4.96      1.585       1000        640:   6%|▌         | 6/102 [04:20<52:08, 32.59s/it]
       1/25      16.9G       1.59       4.96      1.585       1000        640:   7%|▋         | 7/102 [04:20<48:14, 30.47s/it]
       1/25        17G      1.576       4.95      1.575       1375        640:   7%|▋         | 7/102 [04:44<48:14, 30.47s/it]
       1/25        17G      1.576       4.95      1.575       1375        640:   8%|▊         | 8/102 [04:44<44:37, 28.49s/it]
       1/25        17G      1.565      4.936      1.569       1265        640:   8%|▊         | 8/102 [05:07<44:37, 28.49s/it]
       1/25        17G      1.565      4.936      1.569       1265        640:   9%|▉         | 9/102 [05:07<41:22, 26.70s/it]
       1/25        17G       1.56       4.92      1.567       1202        640:   9%|▉         | 9/102 [05:31<41:22, 26.70s/it]
       1/25        17G       1.56       4.92      1.567       1202        640:  10%|▉         | 10/102 [05:31<39:36, 25.83s/it]
       1/25        17G      1.555      4.902      1.563       1105        640:  10%|▉         | 10/102 [05:58<39:36, 25.83s/it]
       1/25        17G      1.555      4.902      1.563       1105        640:  11%|█         | 11/102 [05:58<39:51, 26.28s/it]
       1/25        17G      1.548      4.874      1.558       1111        640:  11%|█         | 11/102 [06:25<39:51, 26.28s/it]
       1/25        17G      1.548      4.874      1.558       1111        640:  12%|█▏        | 12/102 [06:25<39:38, 26.42s/it]
       1/25        17G      1.532      4.844      1.547       1119        640:  12%|█▏        | 12/102 [06:46<39:38, 26.42s/it]
       1/25        17G      1.532      4.844      1.547       1119        640:  13%|█▎        | 13/102 [06:46<37:00, 24.95s/it]
       1/25        17G      1.524      4.815      1.544        900        640:  13%|█▎        | 13/102 [07:19<37:00, 24.95s/it]
       1/25        17G      1.524      4.815      1.544        900        640:  14%|█▎        | 14/102 [07:19<39:51, 27.17s/it]
       1/25        17G      1.514      4.772      1.537       1031        640:  14%|█▎        | 14/102 [07:40<39:51, 27.17s/it]
       1/25        17G      1.514      4.772      1.537       1031        640:  15%|█▍        | 15/102 [07:40<36:54, 25.45s/it]
       1/25        17G      1.504      4.728      1.529       1092        640:  15%|█▍        | 15/102 [08:05<36:54, 25.45s/it]
       1/25        17G      1.504      4.728      1.529       1092        640:  16%|█▌        | 16/102 [08:05<36:09, 25.22s/it]
       1/25        17G      1.492      4.676      1.522       1126        640:  16%|█▌        | 16/102 [08:26<36:09, 25.22s/it]
       1/25        17G      1.492      4.676      1.522       1126        640:  17%|█▋        | 17/102 [08:26<34:04, 24.05s/it]
       1/25        17G      1.483      4.624      1.519        961        640:  17%|█▋        | 17/102 [08:50<34:04, 24.05s/it]
       1/25        17G      1.483      4.624      1.519        961        640:  18%|█▊        | 18/102 [08:50<33:30, 23.93s/it]
       1/25        17G      1.475      4.569      1.514       1101        640:  18%|█▊        | 18/102 [09:15<33:30, 23.93s/it]
       1/25        17G      1.475      4.569      1.514       1101        640:  19%|█▊        | 19/102 [09:15<33:47, 24.43s/it]
       1/25        17G      1.466      4.512      1.509       1111        640:  19%|█▊        | 19/102 [09:39<33:47, 24.43s/it]
       1/25        17G      1.466      4.512      1.509       1111        640:  20%|█▉        | 20/102 [09:39<32:59, 24.14s/it]
       1/25        17G      1.459       4.45      1.505       1122        640:  20%|█▉        | 20/102 [10:06<32:59, 24.14s/it]
       1/25        17G      1.459       4.45      1.505       1122        640:  21%|██        | 21/102 [10:06<33:56, 25.15s/it]
       1/25        17G      1.454      4.386      1.501       1133        640:  21%|██        | 21/102 [10:33<33:56, 25.15s/it]
       1/25        17G      1.454      4.386      1.501       1133        640:  22%|██▏       | 22/102 [10:33<34:11, 25.64s/it]
       1/25        17G      1.448      4.322      1.497       1065        640:  22%|██▏       | 22/102 [10:56<34:11, 25.64s/it]
       1/25        17G      1.448      4.322      1.497       1065        640:  23%|██▎       | 23/102 [10:56<32:46, 24.90s/it]
       1/25        17G      1.443      4.253      1.493       1323        640:  23%|██▎       | 23/102 [11:19<32:46, 24.90s/it]
       1/25        17G      1.443      4.253      1.493       1323        640:  24%|██▎       | 24/102 [11:19<31:38, 24.34s/it]
       1/25        17G      1.436      4.182      1.489       1118        640:  24%|██▎       | 24/102 [11:44<31:38, 24.34s/it]
       1/25        17G      1.436      4.182      1.489       1118        640:  25%|██▍       | 25/102 [11:44<31:33, 24.58s/it]
       1/25        17G      1.433      4.114      1.486       1325        640:  25%|██▍       | 25/102 [12:06<31:33, 24.58s/it]
       1/25        17G      1.433      4.114      1.486       1325        640:  25%|██▌       | 26/102 [12:06<29:50, 23.56s/it]
       1/25        17G      1.425      4.045      1.482       1190        640:  25%|██▌       | 26/102 [12:33<29:50, 23.56s/it]
       1/25        17G      1.425      4.045      1.482       1190        640:  26%|██▋       | 27/102 [12:33<30:53, 24.71s/it]
       1/25        17G      1.419      3.977      1.477       1099        640:  26%|██▋       | 27/102 [12:58<30:53, 24.71s/it]
       1/25        17G      1.419      3.977      1.477       1099        640:  27%|██▋       | 28/102 [12:58<30:24, 24.66s/it]
       1/25        17G      1.414      3.915      1.475        997        640:  27%|██▋       | 28/102 [13:19<30:24, 24.66s/it]
       1/25        17G      1.414      3.915      1.475        997        640:  28%|██▊       | 29/102 [13:19<28:52, 23.73s/it]
       1/25        17G      1.407      3.853      1.471       1160        640:  28%|██▊       | 29/102 [13:44<28:52, 23.73s/it]
       1/25        17G      1.407      3.853      1.471       1160        640:  29%|██▉       | 30/102 [13:44<28:48, 24.01s/it]
       1/25        17G      1.402      3.794      1.466       1271        640:  29%|██▉       | 30/102 [14:06<28:48, 24.01s/it]
       1/25        17G      1.402      3.794      1.466       1271        640:  30%|███       | 31/102 [14:06<27:46, 23.47s/it]
       1/25        17G      1.397      3.735      1.463       1082        640:  30%|███       | 31/102 [14:30<27:46, 23.47s/it]
       1/25        17G      1.397      3.735      1.463       1082        640:  31%|███▏      | 32/102 [14:30<27:28, 23.54s/it]
       1/25        17G      1.393      3.681       1.46       1114        640:  31%|███▏      | 32/102 [14:56<27:28, 23.54s/it]
       1/25        17G      1.393      3.681       1.46       1114        640:  32%|███▏      | 33/102 [14:56<28:03, 24.40s/it]
       1/25        17G      1.387      3.627      1.455       1223        640:  32%|███▏      | 33/102 [15:19<28:03, 24.40s/it]
       1/25        17G      1.387      3.627      1.455       1223        640:  33%|███▎      | 34/102 [15:19<26:58, 23.80s/it]
       1/25        17G      1.382      3.579      1.452       1033        640:  33%|███▎      | 34/102 [15:42<26:58, 23.80s/it]
       1/25        17G      1.382      3.579      1.452       1033        640:  34%|███▍      | 35/102 [15:42<26:36, 23.83s/it]
       1/25        17G      1.377      3.529      1.447        944        640:  34%|███▍      | 35/102 [16:10<26:36, 23.83s/it]
       1/25        17G      1.377      3.529      1.447        944        640:  35%|███▌      | 36/102 [16:10<27:28, 24.98s/it]
       1/25        17G      1.372      3.483      1.445        911        640:  35%|███▌      | 36/102 [16:34<27:28, 24.98s/it]
       1/25        17G      1.372      3.483      1.445        911        640:  36%|███▋      | 37/102 [16:34<26:40, 24.63s/it]
       1/25        17G      1.367      3.438      1.441        950        640:  36%|███▋      | 37/102 [16:59<26:40, 24.63s/it]
       1/25        17G      1.367      3.438      1.441        950        640:  37%|███▋      | 38/102 [16:59<26:25, 24.77s/it]
       1/25        17G      1.361      3.393      1.437        918        640:  37%|███▋      | 38/102 [17:23<26:25, 24.77s/it]
       1/25        17G      1.361      3.393      1.437        918        640:  38%|███▊      | 39/102 [17:23<25:53, 24.65s/it]
       1/25        17G      1.358      3.351      1.434       1000        640:  38%|███▊      | 39/102 [17:44<25:53, 24.65s/it]
       1/25        17G      1.358      3.351      1.434       1000        640:  39%|███▉      | 40/102 [17:44<24:05, 23.32s/it]
       1/25        17G      1.352      3.307       1.43        925        640:  39%|███▉      | 40/102 [18:09<24:05, 23.32s/it]
       1/25        17G      1.352      3.307       1.43        925        640:  40%|████      | 41/102 [18:09<24:13, 23.83s/it]
       1/25        17G      1.349      3.268      1.426       1127        640:  40%|████      | 41/102 [18:31<24:13, 23.83s/it]
       1/25        17G      1.349      3.268      1.426       1127        640:  41%|████      | 42/102 [18:31<23:16, 23.28s/it]
       1/25        17G      1.343      3.226      1.422       1005        640:  41%|████      | 42/102 [18:54<23:16, 23.28s/it]
       1/25        17G      1.343      3.226      1.422       1005        640:  42%|████▏     | 43/102 [18:54<22:57, 23.35s/it]
       1/25        17G      1.339      3.189      1.418       1082        640:  42%|████▏     | 43/102 [19:18<22:57, 23.35s/it]
       1/25        17G      1.339      3.189      1.418       1082        640:  43%|████▎     | 44/102 [19:18<22:37, 23.40s/it]
       1/25        17G      1.336      3.153      1.415       1241        640:  43%|████▎     | 44/102 [19:37<22:37, 23.40s/it]
       1/25        17G      1.336      3.153      1.415       1241        640:  44%|████▍     | 45/102 [19:37<21:07, 22.23s/it]
       1/25        17G      1.332      3.118      1.411       1083        640:  44%|████▍     | 45/102 [20:01<21:07, 22.23s/it]
       1/25        17G      1.332      3.118      1.411       1083        640:  45%|████▌     | 46/102 [20:01<21:16, 22.80s/it]
       1/25        17G      1.329      3.085      1.409        976        640:  45%|████▌     | 46/102 [20:25<21:16, 22.80s/it]
       1/25        17G      1.329      3.085      1.409        976        640:  46%|████▌     | 47/102 [20:25<21:18, 23.24s/it]
       1/25        17G      1.326      3.052      1.406       1161        640:  46%|████▌     | 47/102 [20:48<21:18, 23.24s/it]
       1/25        17G      1.326      3.052      1.406       1161        640:  47%|████▋     | 48/102 [20:48<20:35, 22.88s/it]
       1/25        17G      1.324       3.02      1.403       1281        640:  47%|████▋     | 48/102 [21:10<20:35, 22.88s/it]
       1/25        17G      1.324       3.02      1.403       1281        640:  48%|████▊     | 49/102 [21:10<20:04, 22.72s/it]
       1/25        17G      1.321      2.989        1.4       1063        640:  48%|████▊     | 49/102 [21:30<20:04, 22.72s/it]
       1/25        17G      1.321      2.989        1.4       1063        640:  49%|████▉     | 50/102 [21:30<19:06, 22.04s/it]
       1/25        17G      1.318      2.959      1.396       1244        640:  49%|████▉     | 50/102 [21:54<19:06, 22.04s/it]
       1/25        17G      1.318      2.959      1.396       1244        640:  50%|█████     | 51/102 [21:54<19:07, 22.51s/it]
       1/25        17G      1.315      2.929      1.394        939        640:  50%|█████     | 51/102 [22:15<19:07, 22.51s/it]
       1/25        17G      1.315      2.929      1.394        939        640:  51%|█████     | 52/102 [22:15<18:25, 22.10s/it]
       1/25      17.9G      1.311      2.898       1.39       1332        640:  51%|█████     | 52/102 [22:38<18:25, 22.10s/it]
       1/25      17.9G      1.311      2.898       1.39       1332        640:  52%|█████▏    | 53/102 [22:38<18:21, 22.48s/it]
       1/25      17.9G      1.307      2.869      1.387       1087        640:  52%|█████▏    | 53/102 [23:12<18:21, 22.48s/it]
       1/25      17.9G      1.307      2.869      1.387       1087        640:  53%|█████▎    | 54/102 [23:12<20:39, 25.82s/it]
       1/25      17.9G      1.303      2.841      1.384       1152        640:  53%|█████▎    | 54/102 [23:37<20:39, 25.82s/it]
       1/25      17.9G      1.303      2.841      1.384       1152        640:  54%|█████▍    | 55/102 [23:37<20:00, 25.53s/it]
       1/25      17.9G        1.3      2.814      1.381       1034        640:  54%|█████▍    | 55/102 [24:04<20:00, 25.53s/it]
       1/25      17.9G        1.3      2.814      1.381       1034        640:  55%|█████▍    | 56/102 [24:04<19:51, 25.91s/it]
       1/25      17.9G      1.298      2.787      1.378       1209        640:  55%|█████▍    | 56/102 [24:30<19:51, 25.91s/it]
       1/25      17.9G      1.298      2.787      1.378       1209        640:  56%|█████▌    | 57/102 [24:30<19:29, 26.00s/it]
       1/25      17.9G      1.296      2.764      1.376       1155        640:  56%|█████▌    | 57/102 [24:49<19:29, 26.00s/it]
       1/25      17.9G      1.296      2.764      1.376       1155        640:  57%|█████▋    | 58/102 [24:49<17:35, 23.98s/it]
       1/25      17.9G      1.292      2.739      1.373       1071        640:  57%|█████▋    | 58/102 [25:12<17:35, 23.98s/it]
       1/25      17.9G      1.292      2.739      1.373       1071        640:  58%|█████▊    | 59/102 [25:12<16:50, 23.50s/it]
       1/25      17.9G      1.289      2.715      1.371        964        640:  58%|█████▊    | 59/102 [25:34<16:50, 23.50s/it]
       1/25      17.9G      1.289      2.715      1.371        964        640:  59%|█████▉    | 60/102 [25:34<16:07, 23.04s/it]
       1/25      17.9G      1.287      2.695      1.369        986        640:  59%|█████▉    | 60/102 [25:57<16:07, 23.04s/it]
       1/25      17.9G      1.287      2.695      1.369        986        640:  60%|█████▉    | 61/102 [25:57<15:53, 23.27s/it]
       1/25      17.9G      1.286      2.672      1.368       1035        640:  60%|█████▉    | 61/102 [26:22<15:53, 23.27s/it]
       1/25      17.9G      1.286      2.672      1.368       1035        640:  61%|██████    | 62/102 [26:22<15:43, 23.58s/it]
       1/25      17.9G      1.284      2.651      1.366       1071        640:  61%|██████    | 62/102 [26:44<15:43, 23.58s/it]
       1/25      17.9G      1.284      2.651      1.366       1071        640:  62%|██████▏   | 63/102 [26:44<15:01, 23.10s/it]
       1/25      17.9G      1.281      2.628      1.363       1168        640:  62%|██████▏   | 63/102 [27:12<15:01, 23.10s/it]
       1/25      17.9G      1.281      2.628      1.363       1168        640:  63%|██████▎   | 64/102 [27:12<15:41, 24.79s/it]
       1/25      17.9G      1.279      2.606      1.362       1039        640:  63%|██████▎   | 64/102 [27:38<15:41, 24.79s/it]
       1/25      17.9G      1.279      2.606      1.362       1039        640:  64%|██████▎   | 65/102 [27:38<15:23, 24.97s/it]
       1/25      17.9G      1.277      2.586       1.36       1219        640:  64%|██████▎   | 65/102 [28:01<15:23, 24.97s/it]
       1/25      17.9G      1.277      2.586       1.36       1219        640:  65%|██████▍   | 66/102 [28:01<14:36, 24.35s/it]
       1/25      19.1G      1.276      2.567      1.359       1234        640:  65%|██████▍   | 66/102 [28:26<14:36, 24.35s/it]
       1/25      19.1G      1.276      2.567      1.359       1234        640:  66%|██████▌   | 67/102 [28:26<14:25, 24.73s/it]
       1/25      19.1G      1.275      2.549      1.357       1192        640:  66%|██████▌   | 67/102 [28:54<14:25, 24.73s/it]
       1/25      19.1G      1.275      2.549      1.357       1192        640:  67%|██████▋   | 68/102 [28:54<14:28, 25.54s/it]
       1/25      19.1G      1.272       2.53      1.355       1047        640:  67%|██████▋   | 68/102 [29:19<14:28, 25.54s/it]
       1/25      19.1G      1.272       2.53      1.355       1047        640:  68%|██████▊   | 69/102 [29:19<14:04, 25.59s/it]
       1/25      19.1G       1.27      2.511      1.353       1125        640:  68%|██████▊   | 69/102 [29:42<14:04, 25.59s/it]
       1/25      19.1G       1.27      2.511      1.353       1125        640:  69%|██████▊   | 70/102 [29:42<13:09, 24.68s/it]
       1/25      19.1G      1.269      2.494      1.351       1130        640:  69%|██████▊   | 70/102 [30:06<13:09, 24.68s/it]
       1/25      19.1G      1.269      2.494      1.351       1130        640:  70%|██████▉   | 71/102 [30:06<12:42, 24.60s/it]
       1/25      19.1G      1.266      2.477       1.35        895        640:  70%|██████▉   | 71/102 [30:27<12:42, 24.60s/it]
       1/25      19.1G      1.266      2.477       1.35        895        640:  71%|███████   | 72/102 [30:27<11:43, 23.45s/it]
       1/25      19.1G      1.264       2.46      1.348       1067        640:  71%|███████   | 72/102 [30:52<11:43, 23.45s/it]
       1/25      19.1G      1.264       2.46      1.348       1067        640:  72%|███████▏  | 73/102 [30:52<11:34, 23.93s/it]
       1/25      19.1G      1.262      2.443      1.346       1120        640:  72%|███████▏  | 73/102 [31:17<11:34, 23.93s/it]
       1/25      19.1G      1.262      2.443      1.346       1120        640:  73%|███████▎  | 74/102 [31:17<11:19, 24.26s/it]
       1/25      19.1G       1.26      2.425      1.345       1027        640:  73%|███████▎  | 74/102 [31:39<11:19, 24.26s/it]
       1/25      19.1G       1.26      2.425      1.345       1027        640:  74%|███████▎  | 75/102 [31:39<10:32, 23.41s/it]
       1/25      19.1G      1.258      2.409      1.343       1072        640:  74%|███████▎  | 75/102 [32:08<10:32, 23.41s/it]
       1/25      19.1G      1.258      2.409      1.343       1072        640:  75%|███████▍  | 76/102 [32:08<10:51, 25.06s/it]
       1/25      19.1G      1.255      2.393      1.342        905        640:  75%|███████▍  | 76/102 [32:31<10:51, 25.06s/it]
       1/25      19.1G      1.255      2.393      1.342        905        640:  75%|███████▌  | 77/102 [32:31<10:10, 24.44s/it]
       1/25      19.1G      1.253      2.378       1.34        963        640:  75%|███████▌  | 77/102 [32:51<10:10, 24.44s/it]
       1/25      19.1G      1.253      2.378       1.34        963        640:  76%|███████▋  | 78/102 [32:51<09:17, 23.21s/it]
       1/25      19.1G       1.25      2.362      1.338       1028        640:  76%|███████▋  | 78/102 [33:15<09:17, 23.21s/it]
       1/25      19.1G       1.25      2.362      1.338       1028        640:  77%|███████▋  | 79/102 [33:15<09:00, 23.49s/it]
       1/25      19.1G      1.249      2.347      1.337       1065        640:  77%|███████▋  | 79/102 [33:35<09:00, 23.49s/it]
       1/25      19.1G      1.249      2.347      1.337       1065        640:  78%|███████▊  | 80/102 [33:35<08:12, 22.37s/it]
       1/25      19.1G      1.248      2.333      1.336       1062        640:  78%|███████▊  | 80/102 [33:58<08:12, 22.37s/it]
       1/25      19.1G      1.248      2.333      1.336       1062        640:  79%|███████▉  | 81/102 [33:58<07:55, 22.65s/it]
       1/25      19.1G      1.246      2.319      1.335        947        640:  79%|███████▉  | 81/102 [34:22<07:55, 22.65s/it]
       1/25      19.1G      1.246      2.319      1.335        947        640:  80%|████████  | 82/102 [34:22<07:38, 22.93s/it]
       1/25      19.1G      1.245      2.305      1.333       1122        640:  80%|████████  | 82/102 [34:45<07:38, 22.93s/it]
       1/25      19.1G      1.245      2.305      1.333       1122        640:  81%|████████▏ | 83/102 [34:45<07:15, 22.91s/it]
       1/25      19.1G      1.243      2.291      1.332       1067        640:  81%|████████▏ | 83/102 [35:09<07:15, 22.91s/it]
       1/25      19.1G      1.243      2.291      1.332       1067        640:  82%|████████▏ | 84/102 [35:09<06:59, 23.28s/it]
       1/25      19.1G      1.242      2.279      1.331       1094        640:  82%|████████▏ | 84/102 [35:30<06:59, 23.28s/it]
       1/25      19.1G      1.242      2.279      1.331       1094        640:  83%|████████▎ | 85/102 [35:30<06:25, 22.67s/it]
       1/25      19.1G       1.24      2.265      1.329       1125        640:  83%|████████▎ | 85/102 [35:54<06:25, 22.67s/it]
       1/25      19.1G       1.24      2.265      1.329       1125        640:  84%|████████▍ | 86/102 [35:54<06:09, 23.12s/it]
       1/25      19.1G      1.238      2.251      1.328       1020        640:  84%|████████▍ | 86/102 [36:19<06:09, 23.12s/it]
       1/25      19.1G      1.238      2.251      1.328       1020        640:  85%|████████▌ | 87/102 [36:19<05:56, 23.75s/it]
       1/25      19.1G      1.236      2.239      1.326        914        640:  85%|████████▌ | 87/102 [36:40<05:56, 23.75s/it]
       1/25      19.1G      1.236      2.239      1.326        914        640:  86%|████████▋ | 88/102 [36:40<05:20, 22.88s/it]
       1/25      19.1G      1.235      2.227      1.325       1021        640:  86%|████████▋ | 88/102 [37:04<05:20, 22.88s/it]
       1/25      19.1G      1.235      2.227      1.325       1021        640:  87%|████████▋ | 89/102 [37:04<05:01, 23.18s/it]
       1/25      19.1G      1.233      2.215      1.323       1090        640:  87%|████████▋ | 89/102 [37:24<05:01, 23.18s/it]
       1/25      19.1G      1.233      2.215      1.323       1090        640:  88%|████████▊ | 90/102 [37:24<04:25, 22.11s/it]
       1/25      19.1G      1.232      2.204      1.322       1016        640:  88%|████████▊ | 90/102 [37:48<04:25, 22.11s/it]
       1/25      19.1G      1.232      2.204      1.322       1016        640:  89%|████████▉ | 91/102 [37:48<04:10, 22.81s/it]
       1/25      19.1G       1.23      2.193      1.321       1111        640:  89%|████████▉ | 91/102 [38:13<04:10, 22.81s/it]
       1/25      19.1G       1.23      2.193      1.321       1111        640:  90%|█████████ | 92/102 [38:13<03:55, 23.54s/it]
       1/25      19.1G      1.229      2.181       1.32       1114        640:  90%|█████████ | 92/102 [38:34<03:55, 23.54s/it]
       1/25      19.1G      1.229      2.181       1.32       1114        640:  91%|█████████ | 93/102 [38:34<03:24, 22.67s/it]
       1/25      19.1G      1.229      2.171      1.319       1004        640:  91%|█████████ | 93/102 [38:59<03:24, 22.67s/it]
       1/25      19.1G      1.229      2.171      1.319       1004        640:  92%|█████████▏| 94/102 [38:59<03:06, 23.35s/it]
       1/25      19.1G      1.228      2.159      1.318       1061        640:  92%|█████████▏| 94/102 [39:23<03:06, 23.35s/it]
       1/25      19.1G      1.228      2.159      1.318       1061        640:  93%|█████████▎| 95/102 [39:23<02:45, 23.69s/it]
       1/25      19.1G      1.227      2.148      1.316       1240        640:  93%|█████████▎| 95/102 [39:45<02:45, 23.69s/it]
       1/25      19.1G      1.227      2.148      1.316       1240        640:  94%|█████████▍| 96/102 [39:45<02:18, 23.14s/it]
       1/25      19.1G      1.226      2.136      1.315       1233        640:  94%|█████████▍| 96/102 [40:12<02:18, 23.14s/it]
       1/25      19.1G      1.226      2.136      1.315       1233        640:  95%|█████████▌| 97/102 [40:12<02:01, 24.26s/it]
       1/25      19.1G      1.225      2.126      1.315       1057        640:  95%|█████████▌| 97/102 [40:33<02:01, 24.26s/it]
       1/25      19.1G      1.225      2.126      1.315       1057        640:  96%|█████████▌| 98/102 [40:33<01:32, 23.21s/it]
       1/25      19.1G      1.225      2.116      1.314       1063        640:  96%|█████████▌| 98/102 [41:00<01:32, 23.21s/it]
       1/25      19.1G      1.225      2.116      1.314       1063        640:  97%|█████████▋| 99/102 [41:00<01:13, 24.53s/it]
       1/25      19.1G      1.223      2.105      1.313       1040        640:  97%|█████████▋| 99/102 [41:27<01:13, 24.53s/it]
       1/25      19.1G      1.223      2.105      1.313       1040        640:  98%|█████████▊| 100/102 [41:27<00:50, 25.07s/it]
       1/25      19.1G      1.222      2.095      1.311       1109        640:  98%|█████████▊| 100/102 [41:47<00:50, 25.07s/it]
       1/25      19.1G      1.222      2.095      1.311       1109        640:  99%|█████████▉| 101/102 [41:47<00:23, 23.71s/it]
       1/25      19.1G       1.22      2.086       1.31        210        640:  99%|█████████▉| 101/102 [41:52<00:23, 23.71s/it]
       1/25      19.1G       1.22      2.086       1.31        210        640: 100%|██████████| 102/102 [41:52<00:00, 18.13s/it]
       1/25      19.1G       1.22      2.086       1.31        210        640: 100%|██████████| 102/102 [41:52<00:00, 24.64s/it]

                 Class     Images  Instances      Box(P          R      mAP50  mAP50-95):   0%|          | 0/13 [00:00<?, ?it/s]
                 Class     Images  Instances      Box(P          R      mAP50  mAP50-95):   8%|▊         | 1/13 [00:00<00:05,  2.18it/s]
                 Class     Images  Instances      Box(P          R      mAP50  mAP50-95):  15%|█▌        | 2/13 [00:00<00:04,  2.49it/s]
                 Class     Images  Instances      Box(P          R      mAP50  mAP50-95):  23%|██▎       | 3/13 [00:01<00:03,  2.76it/s]
                 Class     Images  Instances      Box(P          R      mAP50  mAP50-95):  31%|███       | 4/13 [00:01<00:03,  2.88it/s]
                 Class     Images  Instances      Box(P          R      mAP50  mAP50-95):  38%|███▊      | 5/13 [02:11<06:18, 47.29s/it]
                 Class     Images  Instances      Box(P          R      mAP50  mAP50-95):  46%|████▌     | 6/13 [02:12<03:39, 31.33s/it]
                 Class     Images  Instances      Box(P          R      mAP50  mAP50-95):  54%|█████▍    | 7/13 [03:32<04:44, 47.41s/it]
                 Class     Images  Instances      Box(P          R      mAP50  mAP50-95):  62%|██████▏   | 8/13 [03:33<02:42, 32.44s/it]
                 Class     Images  Instances      Box(P          R      mAP50  mAP50-95):  69%|██████▉   | 9/13 [05:00<03:18, 49.72s/it]
                 Class     Images  Instances      Box(P          R      mAP50  mAP50-95):  77%|███████▋  | 10/13 [05:01<01:43, 34.47s/it]
                 Class     Images  Instances      Box(P          R      mAP50  mAP50-95):  85%|████████▍ | 11/13 [06:31<01:43, 51.68s/it]
                 Class     Images  Instances      Box(P          R      mAP50  mAP50-95):  92%|█████████▏| 12/13 [06:32<00:36, 36.06s/it]
                 Class     Images  Instances      Box(P          R      mAP50  mAP50-95): 100%|██████████| 13/13 [07:03<00:00, 34.63s/it]
                 Class     Images  Instances      Box(P          R      mAP50  mAP50-95): 100%|██████████| 13/13 [07:03<00:00, 32.59s/it]
                   all       1620      15401      0.488      0.307      0.308      0.191

      Epoch    GPU_mem   box_loss   cls_loss   dfl_loss  Instances       Size

  0%|          | 0/102 [00:00<?, ?it/s]
       2/25      16.5G      1.072      1.055      1.179       1087        640:   0%|          | 0/102 [00:00<?, ?it/s]
       2/25      16.5G      1.072      1.055      1.179       1087        640:   1%|          | 1/102 [00:00<00:17,  5.63it/s]
       2/25      17.2G      1.091      1.072      1.182       1332        640:   1%|          | 1/102 [00:00<00:17,  5.63it/s]
       2/25      17.2G      1.091      1.072      1.182       1332        640:   2%|▏         | 2/102 [00:00<00:17,  5.75it/s]
       2/25      17.2G       1.11      1.104      1.213        813        640:   2%|▏         | 2/102 [00:51<00:17,  5.75it/s]
       2/25      17.2G       1.11      1.104      1.213        813        640:   3%|▎         | 3/102 [00:51<38:56, 23.60s/it]
       2/25      17.2G      1.115       1.11      1.208       1141        640:   3%|▎         | 3/102 [01:31<38:56, 23.60s/it]
       2/25      17.2G      1.115       1.11      1.208       1141        640:   4%|▍         | 4/102 [01:31<48:54, 29.94s/it]
       2/25      17.2G      1.117      1.107      1.208       1190        640:   4%|▍         | 4/102 [02:10<48:54, 29.94s/it]
       2/25      17.2G      1.117      1.107      1.208       1190        640:   5%|▍         | 5/102 [02:10<53:41, 33.22s/it]
       2/25      17.2G      1.128      1.115       1.21       1177        640:   5%|▍         | 5/102 [02:44<53:41, 33.22s/it]
       2/25      17.2G      1.128      1.115       1.21       1177        640:   6%|▌         | 6/102 [02:44<53:42, 33.56s/it]
       2/25      17.2G      1.126      1.121      1.207       1011        640:   6%|▌         | 6/102 [03:07<53:42, 33.56s/it]
       2/25      17.2G      1.126      1.121      1.207       1011        640:   7%|▋         | 7/102 [03:07<47:43, 30.14s/it]
       2/25      17.2G      1.132      1.123       1.21       1173        640:   7%|▋         | 7/102 [03:27<47:43, 30.14s/it]
       2/25      17.2G      1.132      1.123       1.21       1173        640:   8%|▊         | 8/102 [03:27<42:03, 26.85s/it]
       2/25      17.2G      1.128      1.116      1.207       1086        640:   8%|▊         | 8/102 [03:52<42:03, 26.85s/it]
       2/25      17.2G      1.128      1.116      1.207       1086        640:   9%|▉         | 9/102 [03:52<40:29, 26.12s/it]
       2/25      17.2G      1.127      1.114      1.208        992        640:   9%|▉         | 9/102 [04:13<40:29, 26.12s/it]
       2/25      17.2G      1.127      1.114      1.208        992        640:  10%|▉         | 10/102 [04:13<37:55, 24.74s/it]
       2/25      17.2G      1.127      1.108      1.208       1155        640:  10%|▉         | 10/102 [04:38<37:55, 24.74s/it]
       2/25      17.2G      1.127      1.108      1.208       1155        640:  11%|█         | 11/102 [04:38<37:35, 24.78s/it]
       2/25      17.2G      1.128      1.109      1.209       1275        640:  11%|█         | 11/102 [05:04<37:35, 24.78s/it]
       2/25      17.2G      1.128      1.109      1.209       1275        640:  12%|█▏        | 12/102 [05:04<37:44, 25.16s/it]
       2/25      17.2G      1.125      1.106      1.211        902        640:  12%|█▏        | 12/102 [05:26<37:44, 25.16s/it]
       2/25      17.2G      1.125      1.106      1.211        902        640:  13%|█▎        | 13/102 [05:26<35:45, 24.10s/it]
       2/25      17.2G      1.124      1.098       1.21       1213        640:  13%|█▎        | 13/102 [05:52<35:45, 24.10s/it]
       2/25      17.2G      1.124      1.098       1.21       1213        640:  14%|█▎        | 14/102 [05:52<36:11, 24.67s/it]
       2/25      17.2G      1.122      1.093      1.209       1234        640:  14%|█▎        | 14/102 [06:14<36:11, 24.67s/it]
       2/25      17.2G      1.122      1.093      1.209       1234        640:  15%|█▍        | 15/102 [06:14<34:49, 24.01s/it]
       2/25      17.2G      1.121      1.089      1.207       1168        640:  15%|█▍        | 15/102 [06:36<34:49, 24.01s/it]
       2/25      17.2G      1.121      1.089      1.207       1168        640:  16%|█▌        | 16/102 [06:36<33:30, 23.38s/it]
       2/25      17.2G      1.123      1.086      1.208       1133        640:  16%|█▌        | 16/102 [07:02<33:30, 23.38s/it]
       2/25      17.2G      1.123      1.086      1.208       1133        640:  17%|█▋        | 17/102 [07:02<33:54, 23.94s/it]
       2/25      17.2G      1.119      1.086      1.208        948        640:  17%|█▋        | 17/102 [07:23<33:54, 23.94s/it]
       2/25      17.2G      1.119      1.086      1.208        948        640:  18%|█▊        | 18/102 [07:23<32:18, 23.08s/it]
       2/25      17.2G      1.117      1.083      1.208       1111        640:  18%|█▊        | 18/102 [07:47<32:18, 23.08s/it]
       2/25      17.2G      1.117      1.083      1.208       1111        640:  19%|█▊        | 19/102 [07:47<32:29, 23.49s/it]
       2/25      17.2G      1.116      1.081      1.208       1160        640:  19%|█▊        | 19/102 [08:06<32:29, 23.49s/it]
       2/25      17.2G      1.116      1.081      1.208       1160        640:  20%|█▉        | 20/102 [08:06<30:15, 22.14s/it]
       2/25      17.2G      1.114      1.078      1.207        965        640:  20%|█▉        | 20/102 [08:30<30:15, 22.14s/it]
       2/25      17.2G      1.114      1.078      1.207        965        640:  21%|██        | 21/102 [08:30<30:33, 22.64s/it]
       2/25      17.2G      1.115      1.077      1.209        994        640:  21%|██        | 21/102 [08:54<30:33, 22.64s/it]
       2/25      17.2G      1.115      1.077      1.209        994        640:  22%|██▏       | 22/102 [08:54<30:41, 23.01s/it]
       2/25      17.2G      1.115      1.077      1.209        998        640:  22%|██▏       | 22/102 [09:15<30:41, 23.01s/it]
       2/25      17.2G      1.115      1.077      1.209        998        640:  23%|██▎       | 23/102 [09:15<29:39, 22.52s/it]
       2/25      17.2G      1.115      1.079       1.21        977        640:  23%|██▎       | 23/102 [09:40<29:39, 22.52s/it]
       2/25      17.2G      1.115      1.079       1.21        977        640:  24%|██▎       | 24/102 [09:40<30:09, 23.20s/it]
       2/25      17.2G      1.114      1.079       1.21        954        640:  24%|██▎       | 24/102 [10:00<30:09, 23.20s/it]
       2/25      17.2G      1.114      1.079       1.21        954        640:  25%|██▍       | 25/102 [10:00<28:36, 22.29s/it]
       2/25      17.2G      1.115      1.077       1.21       1074        640:  25%|██▍       | 25/102 [10:26<28:36, 22.29s/it]
       2/25      17.2G      1.115      1.077       1.21       1074        640:  25%|██▌       | 26/102 [10:26<29:27, 23.26s/it]
       2/25      17.2G      1.115      1.076      1.211       1029        640:  25%|██▌       | 26/102 [10:50<29:27, 23.26s/it]
       2/25      17.2G      1.115      1.076      1.211       1029        640:  26%|██▋       | 27/102 [10:50<29:32, 23.64s/it]
       2/25      17.2G      1.113      1.073      1.211        970        640:  26%|██▋       | 27/102 [11:12<29:32, 23.64s/it]
       2/25      17.2G      1.113      1.073      1.211        970        640:  27%|██▋       | 28/102 [11:12<28:27, 23.07s/it]
       2/25      17.2G      1.113      1.074      1.211        984        640:  27%|██▋       | 28/102 [11:37<28:27, 23.07s/it]
       2/25      17.2G      1.113      1.074      1.211        984        640:  28%|██▊       | 29/102 [11:37<28:47, 23.66s/it]
       2/25      17.2G      1.114      1.074      1.212        999        640:  28%|██▊       | 29/102 [12:03<28:47, 23.66s/it]
       2/25      17.2G      1.114      1.074      1.212        999        640:  29%|██▉       | 30/102 [12:03<29:17, 24.41s/it]
       2/25      17.2G      1.114      1.074      1.214        964        640:  29%|██▉       | 30/102 [12:26<29:17, 24.41s/it]
       2/25      17.2G      1.114      1.074      1.214        964        640:  30%|███       | 31/102 [12:26<28:26, 24.03s/it]
       2/25      17.2G      1.113      1.072      1.213       1068        640:  30%|███       | 31/102 [12:52<28:26, 24.03s/it]
       2/25      17.2G      1.113      1.072      1.213       1068        640:  31%|███▏      | 32/102 [12:52<28:45, 24.65s/it]
       2/25      17.2G      1.112      1.071      1.213        939        640:  31%|███▏      | 32/102 [13:16<28:45, 24.65s/it]
       2/25      17.2G      1.112      1.071      1.213        939        640:  32%|███▏      | 33/102 [13:16<28:02, 24.38s/it]
       2/25      17.2G      1.113       1.07      1.213       1111        640:  32%|███▏      | 33/102 [13:37<28:02, 24.38s/it]
       2/25      17.2G      1.113       1.07      1.213       1111        640:  33%|███▎      | 34/102 [13:37<26:36, 23.48s/it]
       2/25      17.2G      1.112      1.069      1.212       1150        640:  33%|███▎      | 34/102 [14:04<26:36, 23.48s/it]
       2/25      17.2G      1.112      1.069      1.212       1150        640:  34%|███▍      | 35/102 [14:04<27:07, 24.30s/it]
       2/25      17.2G      1.113      1.067      1.211       1093        640:  34%|███▍      | 35/102 [14:29<27:07, 24.30s/it]
       2/25      17.2G      1.113      1.067      1.211       1093        640:  35%|███▌      | 36/102 [14:29<27:04, 24.61s/it]
       2/25      17.2G      1.112      1.065       1.21       1123        640:  35%|███▌      | 36/102 [14:51<27:04, 24.61s/it]
       2/25      17.2G      1.112      1.065       1.21       1123        640:  36%|███▋      | 37/102 [14:51<25:57, 23.96s/it]
       2/25      17.2G      1.113      1.065      1.211       1028        640:  36%|███▋      | 37/102 [15:18<25:57, 23.96s/it]
       2/25      17.2G      1.113      1.065      1.211       1028        640:  37%|███▋      | 38/102 [15:18<26:26, 24.78s/it]
       2/25      17.2G      1.112      1.065       1.21        992        640:  37%|███▋      | 38/102 [15:45<26:26, 24.78s/it]
       2/25      17.2G      1.112      1.065       1.21        992        640:  38%|███▊      | 39/102 [15:45<26:35, 25.33s/it]
       2/25      17.2G      1.112      1.063      1.209       1046        640:  38%|███▊      | 39/102 [16:07<26:35, 25.33s/it]
       2/25      17.2G      1.112      1.063      1.209       1046        640:  39%|███▉      | 40/102 [16:07<25:19, 24.51s/it]
       2/25        18G      1.114      1.062      1.211       1193        640:  39%|███▉      | 40/102 [16:36<25:19, 24.51s/it]
       2/25        18G      1.114      1.062      1.211       1193        640:  40%|████      | 41/102 [16:36<26:13, 25.80s/it]
       2/25        18G      1.115      1.062      1.211        981        640:  40%|████      | 41/102 [17:04<26:13, 25.80s/it]
       2/25        18G      1.115      1.062      1.211        981        640:  41%|████      | 42/102 [17:04<26:22, 26.37s/it]
       2/25        18G      1.115       1.06      1.212       1175        640:  41%|████      | 42/102 [17:26<26:22, 26.37s/it]
       2/25        18G      1.115       1.06      1.212       1175        640:  42%|████▏     | 43/102 [17:26<24:39, 25.08s/it]
       2/25        18G      1.116      1.061      1.212       1096        640:  42%|████▏     | 43/102 [17:52<24:39, 25.08s/it]
       2/25        18G      1.116      1.061      1.212       1096        640:  43%|████▎     | 44/102 [17:52<24:38, 25.50s/it]
       2/25        18G      1.116      1.059      1.212        846        640:  43%|████▎     | 44/102 [18:19<24:38, 25.50s/it]
       2/25        18G      1.116      1.059      1.212        846        640:  44%|████▍     | 45/102 [18:19<24:35, 25.89s/it]
       2/25        18G      1.117      1.058      1.212       1092        640:  44%|████▍     | 45/102 [18:42<24:35, 25.89s/it]
       2/25        18G      1.117      1.058      1.212       1092        640:  45%|████▌     | 46/102 [18:42<23:23, 25.06s/it]
       2/25        18G      1.116      1.056      1.212        967        640:  45%|████▌     | 46/102 [19:07<23:23, 25.06s/it]
       2/25        18G      1.116      1.056      1.212        967        640:  46%|████▌     | 47/102 [19:07<23:01, 25.11s/it]
       2/25        18G      1.115      1.055      1.212        850        640:  46%|████▌     | 47/102 [19:34<23:01, 25.11s/it]
       2/25        18G      1.115      1.055      1.212        850        640:  47%|████▋     | 48/102 [19:34<23:02, 25.60s/it]
       2/25        18G      1.116      1.056      1.213       1026        640:  47%|████▋     | 48/102 [19:55<23:02, 25.60s/it]
       2/25        18G      1.116      1.056      1.213       1026        640:  48%|████▊     | 49/102 [19:55<21:25, 24.25s/it]
       2/25        18G      1.117      1.056      1.214        968        640:  48%|████▊     | 49/102 [20:19<21:25, 24.25s/it]
       2/25        18G      1.117      1.056      1.214        968        640:  49%|████▉     | 50/102 [20:19<20:54, 24.13s/it]
       2/25        18G      1.117      1.055      1.214       1166        640:  49%|████▉     | 50/102 [20:44<20:54, 24.13s/it]
       2/25        18G      1.117      1.055      1.214       1166        640:  50%|█████     | 51/102 [20:44<20:33, 24.19s/it]
       2/25        18G      1.117      1.053      1.214       1062        640:  50%|█████     | 51/102 [21:07<20:33, 24.19s/it]
       2/25        18G      1.117      1.053      1.214       1062        640:  51%|█████     | 52/102 [21:07<19:52, 23.85s/it]
       2/25        18G      1.117      1.053      1.214        960        640:  51%|█████     | 52/102 [21:32<19:52, 23.85s/it]
       2/25        18G      1.117      1.053      1.214        960        640:  52%|█████▏    | 53/102 [21:32<19:54, 24.38s/it]
       2/25        18G      1.116      1.051      1.213       1146        640:  52%|█████▏    | 53/102 [21:56<19:54, 24.38s/it]
       2/25        18G      1.116      1.051      1.213       1146        640:  53%|█████▎    | 54/102 [21:56<19:21, 24.19s/it]
       2/25        18G      1.116      1.051      1.213       1125        640:  53%|█████▎    | 54/102 [22:27<19:21, 24.19s/it]
       2/25        18G      1.116      1.051      1.213       1125        640:  54%|█████▍    | 55/102 [22:27<20:38, 26.35s/it]
       2/25        18G      1.116       1.05      1.213       1124        640:  54%|█████▍    | 55/102 [22:52<20:38, 26.35s/it]
       2/25        18G      1.116       1.05      1.213       1124        640:  55%|█████▍    | 56/102 [22:52<19:51, 25.91s/it]
       2/25        18G      1.116       1.05      1.212       1189        640:  55%|█████▍    | 56/102 [23:13<19:51, 25.91s/it]
       2/25        18G      1.116       1.05      1.212       1189        640:  56%|█████▌    | 57/102 [23:13<18:19, 24.42s/it]
       2/25        18G      1.116      1.048      1.212       1164        640:  56%|█████▌    | 57/102 [23:40<18:19, 24.42s/it]
       2/25        18G      1.116      1.048      1.212       1164        640:  57%|█████▋    | 58/102 [23:40<18:23, 25.08s/it]
       2/25        18G      1.116      1.048      1.212       1027        640:  57%|█████▋    | 58/102 [24:01<18:23, 25.08s/it]
       2/25        18G      1.116      1.048      1.212       1027        640:  58%|█████▊    | 59/102 [24:01<17:08, 23.93s/it]
       2/25        18G      1.116      1.048      1.212       1206        640:  58%|█████▊    | 59/102 [24:24<17:08, 23.93s/it]
       2/25        18G      1.116      1.048      1.212       1206        640:  59%|█████▉    | 60/102 [24:24<16:31, 23.60s/it]
       2/25        18G      1.116      1.047      1.211       1239        640:  59%|█████▉    | 60/102 [24:50<16:31, 23.60s/it]
       2/25        18G      1.116      1.047      1.211       1239        640:  60%|█████▉    | 61/102 [24:50<16:43, 24.47s/it]
       2/25        18G      1.116      1.045      1.211       1173        640:  60%|█████▉    | 61/102 [25:14<16:43, 24.47s/it]
       2/25        18G      1.116      1.045      1.211       1173        640:  61%|██████    | 62/102 [25:14<16:14, 24.36s/it]
       2/25        18G      1.116      1.045      1.211       1258        640:  61%|██████    | 62/102 [25:38<16:14, 24.36s/it]
       2/25        18G      1.116      1.045      1.211       1258        640:  62%|██████▏   | 63/102 [25:38<15:38, 24.05s/it]
       2/25        18G      1.116      1.045      1.211        910        640:  62%|██████▏   | 63/102 [26:04<15:38, 24.05s/it]
       2/25        18G      1.116      1.045      1.211        910        640:  63%|██████▎   | 64/102 [26:04<15:42, 24.80s/it]
       2/25        18G      1.116      1.043       1.21       1136        640:  63%|██████▎   | 64/102 [26:28<15:42, 24.80s/it]
       2/25        18G      1.116      1.043       1.21       1136        640:  64%|██████▎   | 65/102 [26:28<15:00, 24.33s/it]
       2/25        18G      1.116      1.043       1.21       1230        640:  64%|██████▎   | 65/102 [26:51<15:00, 24.33s/it]
       2/25        18G      1.116      1.043       1.21       1230        640:  65%|██████▍   | 66/102 [26:51<14:31, 24.20s/it]
       2/25        18G      1.116      1.043      1.209       1457        640:  65%|██████▍   | 66/102 [27:15<14:31, 24.20s/it]
       2/25        18G      1.116      1.043      1.209       1457        640:  66%|██████▌   | 67/102 [27:15<14:02, 24.06s/it]
       2/25        19G      1.117      1.042      1.209       1116        640:  66%|██████▌   | 67/102 [27:35<14:02, 24.06s/it]
       2/25        19G      1.117      1.042      1.209       1116        640:  67%|██████▋   | 68/102 [27:35<12:50, 22.66s/it]
       2/25        19G      1.118      1.042      1.209       1078        640:  67%|██████▋   | 68/102 [28:00<12:50, 22.66s/it]
       2/25        19G      1.118      1.042      1.209       1078        640:  68%|██████▊   | 69/102 [28:00<12:54, 23.47s/it]
       2/25        19G      1.119      1.042      1.209       1047        640:  68%|██████▊   | 69/102 [28:20<12:54, 23.47s/it]
       2/25        19G      1.119      1.042      1.209       1047        640:  69%|██████▊   | 70/102 [28:20<11:58, 22.45s/it]
       2/25        19G       1.12      1.042       1.21       1094        640:  69%|██████▊   | 70/102 [28:46<11:58, 22.45s/it]
       2/25        19G       1.12      1.042       1.21       1094        640:  70%|██████▉   | 71/102 [28:46<12:05, 23.39s/it]
       2/25        20G      1.121      1.042       1.21       1133        640:  70%|██████▉   | 71/102 [29:12<12:05, 23.39s/it]
       2/25        20G      1.121      1.042       1.21       1133        640:  71%|███████   | 72/102 [29:12<12:10, 24.36s/it]
       2/25        20G      1.122      1.043      1.211       1027        640:  71%|███████   | 72/102 [29:34<12:10, 24.36s/it]
       2/25        20G      1.122      1.043      1.211       1027        640:  72%|███████▏  | 73/102 [29:34<11:21, 23.49s/it]
       2/25        20G      1.123      1.045      1.212        983        640:  72%|███████▏  | 73/102 [29:59<11:21, 23.49s/it]
       2/25        20G      1.123      1.045      1.212        983        640:  73%|███████▎  | 74/102 [29:59<11:10, 23.95s/it]
       2/25        20G      1.123      1.044      1.212       1260        640:  73%|███████▎  | 74/102 [30:25<11:10, 23.95s/it]
       2/25        20G      1.123      1.044      1.212       1260        640:  74%|███████▎  | 75/102 [30:25<11:05, 24.63s/it]
       2/25        20G      1.123      1.045      1.212       1227        640:  74%|███████▎  | 75/102 [30:47<11:05, 24.63s/it]
       2/25        20G      1.123      1.045      1.212       1227        640:  75%|███████▍  | 76/102 [30:47<10:22, 23.95s/it]
       2/25        20G      1.123      1.045      1.212       1182        640:  75%|███████▍  | 76/102 [31:09<10:22, 23.95s/it]
       2/25        20G      1.123      1.045      1.212       1182        640:  75%|███████▌  | 77/102 [31:09<09:43, 23.34s/it]
       2/25        20G      1.124      1.045      1.212       1197        640:  75%|███████▌  | 77/102 [31:30<09:43, 23.34s/it]
       2/25        20G      1.124      1.045      1.212       1197        640:  76%|███████▋  | 78/102 [31:30<08:59, 22.46s/it]
       2/25        20G      1.124      1.044      1.211       1007        640:  76%|███████▋  | 78/102 [31:52<08:59, 22.46s/it]
       2/25        20G      1.124      1.044      1.211       1007        640:  77%|███████▋  | 79/102 [31:52<08:35, 22.43s/it]
       2/25        20G      1.123      1.044      1.211       1022        640:  77%|███████▋  | 79/102 [32:15<08:35, 22.43s/it]
       2/25        20G      1.123      1.044      1.211       1022        640:  78%|███████▊  | 80/102 [32:15<08:16, 22.58s/it]
       2/25        20G      1.123      1.044      1.211        981        640:  78%|███████▊  | 80/102 [32:35<08:16, 22.58s/it]
       2/25        20G      1.123      1.044      1.211        981        640:  79%|███████▉  | 81/102 [32:35<07:35, 21.71s/it]
       2/25        20G      1.124      1.045      1.211       1107        640:  79%|███████▉  | 81/102 [33:03<07:35, 21.71s/it]
       2/25        20G      1.124      1.045      1.211       1107        640:  80%|████████  | 82/102 [33:03<07:56, 23.84s/it]
       2/25        20G      1.124      1.044      1.212        943        640:  80%|████████  | 82/102 [33:24<07:56, 23.84s/it]
       2/25        20G      1.124      1.044      1.212        943        640:  81%|████████▏ | 83/102 [33:24<07:15, 22.93s/it]
       2/25        20G      1.125      1.044      1.212       1167        640:  81%|████████▏ | 83/102 [33:53<07:15, 22.93s/it]
       2/25        20G      1.125      1.044      1.212       1167        640:  82%|████████▏ | 84/102 [33:53<07:21, 24.55s/it]
       2/25        20G      1.126      1.045      1.212        953        640:  82%|████████▏ | 84/102 [34:13<07:21, 24.55s/it]
       2/25        20G      1.126      1.045      1.212        953        640:  83%|████████▎ | 85/102 [34:13<06:33, 23.18s/it]
       2/25        20G      1.126      1.045      1.212       1190        640:  83%|████████▎ | 85/102 [34:42<06:33, 23.18s/it]
       2/25        20G      1.126      1.045      1.212       1190        640:  84%|████████▍ | 86/102 [34:42<06:40, 25.03s/it]
       2/25        20G      1.126      1.045      1.212        871        640:  84%|████████▍ | 86/102 [35:07<06:40, 25.03s/it]
       2/25        20G      1.126      1.045      1.212        871        640:  85%|████████▌ | 87/102 [35:07<06:14, 24.95s/it]
       2/25        20G      1.126      1.045      1.213       1093        640:  85%|████████▌ | 87/102 [35:27<06:14, 24.95s/it]
       2/25        20G      1.126      1.045      1.213       1093        640:  86%|████████▋ | 88/102 [35:27<05:32, 23.72s/it]
       2/25        20G      1.126      1.045      1.213       1034        640:  86%|████████▋ | 88/102 [35:55<05:32, 23.72s/it]
       2/25        20G      1.126      1.045      1.213       1034        640:  87%|████████▋ | 89/102 [35:55<05:22, 24.79s/it]
       2/25        20G      1.126      1.044      1.213        999        640:  87%|████████▋ | 89/102 [36:17<05:22, 24.79s/it]
       2/25        20G      1.126      1.044      1.213        999        640:  88%|████████▊ | 90/102 [36:17<04:48, 24.01s/it]
       2/25        20G      1.127      1.044      1.213       1156        640:  88%|████████▊ | 90/102 [36:43<04:48, 24.01s/it]
       2/25        20G      1.127      1.044      1.213       1156        640:  89%|████████▉ | 91/102 [36:43<04:32, 24.73s/it]
       2/25        20G      1.127      1.044      1.213       1013        640:  89%|████████▉ | 91/102 [37:09<04:32, 24.73s/it]
       2/25        20G      1.127      1.044      1.213       1013        640:  90%|█████████ | 92/102 [37:09<04:09, 24.93s/it]
       2/25        20G      1.127      1.044      1.213       1185        640:  90%|█████████ | 92/102 [37:29<04:09, 24.93s/it]
       2/25        20G      1.127      1.044      1.213       1185        640:  91%|█████████ | 93/102 [37:29<03:32, 23.56s/it]
       2/25        20G      1.126      1.044      1.213        939        640:  91%|█████████ | 93/102 [38:00<03:32, 23.56s/it]
       2/25        20G      1.126      1.044      1.213        939        640:  92%|█████████▏| 94/102 [38:00<03:26, 25.80s/it]
       2/25        20G      1.127      1.044      1.213       1015        640:  92%|█████████▏| 94/102 [38:23<03:26, 25.80s/it]
       2/25        20G      1.127      1.044      1.213       1015        640:  93%|█████████▎| 95/102 [38:23<02:53, 24.83s/it]
       2/25        20G      1.126      1.044      1.213        995        640:  93%|█████████▎| 95/102 [38:46<02:53, 24.83s/it]
       2/25        20G      1.126      1.044      1.213        995        640:  94%|█████████▍| 96/102 [38:46<02:26, 24.48s/it]
       2/25        20G      1.127      1.044      1.213       1002        640:  94%|█████████▍| 96/102 [39:12<02:26, 24.48s/it]
       2/25        20G      1.127      1.044      1.213       1002        640:  95%|█████████▌| 97/102 [39:12<02:03, 24.76s/it]
       2/25        20G      1.127      1.044      1.214       1137        640:  95%|█████████▌| 97/102 [39:33<02:03, 24.76s/it]
       2/25        20G      1.127      1.044      1.214       1137        640:  96%|█████████▌| 98/102 [39:33<01:34, 23.67s/it]
       2/25        20G      1.127      1.044      1.214        969        640:  96%|█████████▌| 98/102 [39:58<01:34, 23.67s/it]
       2/25        20G      1.127      1.044      1.214        969        640:  97%|█████████▋| 99/102 [39:58<01:12, 24.15s/it]
       2/25        20G      1.128      1.045      1.214       1108        640:  97%|█████████▋| 99/102 [40:20<01:12, 24.15s/it]
       2/25        20G      1.128      1.045      1.214       1108        640:  98%|█████████▊| 100/102 [40:20<00:46, 23.38s/it]
       2/25        20G      1.127      1.044      1.214       1028        640:  98%|█████████▊| 100/102 [40:44<00:46, 23.38s/it]
       2/25        20G      1.127      1.044      1.214       1028        640:  99%|█████████▉| 101/102 [40:44<00:23, 23.71s/it]
       2/25        20G      1.128      1.044      1.213        320        640:  99%|█████████▉| 101/102 [40:49<00:23, 23.71s/it]
       2/25        20G      1.128      1.044      1.213        320        640: 100%|██████████| 102/102 [40:49<00:00, 17.92s/it]
       2/25        20G      1.128      1.044      1.213        320        640: 100%|██████████| 102/102 [40:49<00:00, 24.01s/it]

                 Class     Images  Instances      Box(P          R      mAP50  mAP50-95):   0%|          | 0/13 [00:00<?, ?it/s]
                 Class     Images  Instances      Box(P          R      mAP50  mAP50-95):   8%|▊         | 1/13 [00:00<00:04,  2.95it/s]
                 Class     Images  Instances      Box(P          R      mAP50  mAP50-95):  15%|█▌        | 2/13 [00:00<00:03,  2.84it/s]
                 Class     Images  Instances      Box(P          R      mAP50  mAP50-95):  23%|██▎       | 3/13 [00:01<00:03,  2.92it/s]
                 Class     Images  Instances      Box(P          R      mAP50  mAP50-95):  31%|███       | 4/13 [00:01<00:03,  2.99it/s]
                 Class     Images  Instances      Box(P          R      mAP50  mAP50-95):  38%|███▊      | 5/13 [02:27<07:03, 52.95s/it]
                 Class     Images  Instances      Box(P          R      mAP50  mAP50-95):  46%|████▌     | 6/13 [02:27<04:05, 35.04s/it]
                 Class     Images  Instances      Box(P          R      mAP50  mAP50-95):  54%|█████▍    | 7/13 [04:09<05:41, 56.91s/it]
                 Class     Images  Instances      Box(P          R      mAP50  mAP50-95):  62%|██████▏   | 8/13 [04:10<03:14, 38.92s/it]
                 Class     Images  Instances      Box(P          R      mAP50  mAP50-95):  69%|██████▉   | 9/13 [05:57<04:00, 60.21s/it]
                 Class     Images  Instances      Box(P          R      mAP50  mAP50-95):  77%|███████▋  | 10/13 [05:57<02:05, 41.72s/it]
                 Class     Images  Instances      Box(P          R      mAP50  mAP50-95):  85%|████████▍ | 11/13 [07:44<02:03, 61.66s/it]
                 Class     Images  Instances      Box(P          R      mAP50  mAP50-95):  92%|█████████▏| 12/13 [07:44<00:42, 43.00s/it]
                 Class     Images  Instances      Box(P          R      mAP50  mAP50-95): 100%|██████████| 13/13 [08:22<00:00, 41.51s/it]
                 Class     Images  Instances      Box(P          R      mAP50  mAP50-95): 100%|██████████| 13/13 [08:22<00:00, 38.68s/it]
                   all       1620      15401      0.673      0.317       0.34      0.203

      Epoch    GPU_mem   box_loss   cls_loss   dfl_loss  Instances       Size

  0%|          | 0/102 [00:00<?, ?it/s]
       3/25      15.8G      1.157      1.078      1.236       1161        640:   0%|          | 0/102 [00:00<?, ?it/s]
       3/25      15.8G      1.157      1.078      1.236       1161        640:   1%|          | 1/102 [00:00<00:18,  5.49it/s]
       3/25      16.2G      1.178      1.067       1.23        995        640:   1%|          | 1/102 [00:00<00:18,  5.49it/s]
       3/25      16.2G      1.178      1.067       1.23        995        640:   2%|▏         | 2/102 [00:00<00:17,  5.78it/s]
       3/25      16.2G      1.152      1.031      1.219        993        640:   2%|▏         | 2/102 [01:10<00:17,  5.78it/s]
       3/25      16.2G      1.152      1.031      1.219        993        640:   3%|▎         | 3/102 [01:10<53:17, 32.30s/it]
       3/25      16.6G      1.158      1.023      1.216       1253        640:   3%|▎         | 3/102 [01:55<53:17, 32.30s/it]
       3/25      16.6G      1.158      1.023      1.216       1253        640:   4%|▍         | 4/102 [01:55<1:00:46, 37.20s/it]
       3/25      16.6G      1.146      1.018      1.212       1044        640:   4%|▍         | 4/102 [02:41<1:00:46, 37.20s/it]
       3/25      16.6G      1.146      1.018      1.212       1044        640:   5%|▍         | 5/102 [02:41<1:05:15, 40.37s/it]
       3/25      16.6G      1.143      1.015      1.215       1054        640:   5%|▍         | 5/102 [03:14<1:05:15, 40.37s/it]
       3/25      16.6G      1.143      1.015      1.215       1054        640:   6%|▌         | 6/102 [03:14<1:00:36, 37.88s/it]
       3/25      16.6G      1.143      1.009      1.214       1029        640:   6%|▌         | 6/102 [03:43<1:00:36, 37.88s/it]
       3/25      16.6G      1.143      1.009      1.214       1029        640:   7%|▋         | 7/102 [03:43<55:13, 34.88s/it]
       3/25      16.6G      1.142       1.01      1.214       1068        640:   7%|▋         | 7/102 [04:12<55:13, 34.88s/it]
       3/25      16.6G      1.142       1.01      1.214       1068        640:   8%|▊         | 8/102 [04:12<51:44, 33.03s/it]
       3/25      16.6G      1.143      1.017      1.212       1068        640:   8%|▊         | 8/102 [04:34<51:44, 33.03s/it]
       3/25      16.6G      1.143      1.017      1.212       1068        640:   9%|▉         | 9/102 [04:34<46:07, 29.76s/it]
       3/25      17.3G       1.14      1.012      1.211       1080        640:   9%|▉         | 9/102 [05:02<46:07, 29.76s/it]
       3/25      17.3G       1.14      1.012      1.211       1080        640:  10%|▉         | 10/102 [05:02<44:41, 29.15s/it]
       3/25      17.3G      1.134      1.007      1.209        980        640:  10%|▉         | 10/102 [05:28<44:41, 29.15s/it]
       3/25      17.3G      1.134      1.007      1.209        980        640:  11%|█         | 11/102 [05:28<42:38, 28.11s/it]
       3/25      17.3G      1.133     0.9977      1.207       1050        640:  11%|█         | 11/102 [05:54<42:38, 28.11s/it]
       3/25      17.3G      1.133     0.9977      1.207       1050        640:  12%|█▏        | 12/102 [05:54<41:06, 27.40s/it]
       3/25      17.3G      1.134      1.001      1.209        943        640:  12%|█▏        | 12/102 [06:18<41:06, 27.40s/it]
       3/25      17.3G      1.134      1.001      1.209        943        640:  13%|█▎        | 13/102 [06:18<39:10, 26.41s/it]
       3/25      17.3G      1.138      1.002       1.21       1130        640:  13%|█▎        | 13/102 [06:46<39:10, 26.41s/it]
       3/25      17.3G      1.138      1.002       1.21       1130        640:  14%|█▎        | 14/102 [06:46<39:33, 26.97s/it]
       3/25      17.3G      1.138      1.001      1.209       1143        640:  14%|█▎        | 14/102 [07:13<39:33, 26.97s/it]
       3/25      17.3G      1.138      1.001      1.209       1143        640:  15%|█▍        | 15/102 [07:13<39:10, 27.01s/it]
       3/25      17.3G      1.137     0.9986      1.209        941        640:  15%|█▍        | 15/102 [07:36<39:10, 27.01s/it]
       3/25      17.3G      1.137     0.9986      1.209        941        640:  16%|█▌        | 16/102 [07:36<36:53, 25.74s/it]
       3/25      17.3G       1.14     0.9996      1.209       1174        640:  16%|█▌        | 16/102 [08:06<36:53, 25.74s/it]
       3/25      17.3G       1.14     0.9996      1.209       1174        640:  17%|█▋        | 17/102 [08:06<38:08, 26.92s/it]
       3/25      17.3G      1.136     0.9957      1.208       1130        640:  17%|█▋        | 17/102 [08:33<38:08, 26.92s/it]
       3/25      17.3G      1.136     0.9957      1.208       1130        640:  18%|█▊        | 18/102 [08:33<38:01, 27.16s/it]
       3/25      17.3G      1.134     0.9924      1.207       1092        640:  18%|█▊        | 18/102 [09:04<38:01, 27.16s/it]
       3/25      17.3G      1.134     0.9924      1.207       1092        640:  19%|█▊        | 19/102 [09:04<39:03, 28.24s/it]
       3/25      17.3G      1.132      0.991      1.206       1129        640:  19%|█▊        | 19/102 [09:32<39:03, 28.24s/it]
       3/25      17.3G      1.132      0.991      1.206       1129        640:  20%|█▉        | 20/102 [09:32<38:26, 28.13s/it]
       3/25      17.3G      1.133     0.9945      1.206       1072        640:  20%|█▉        | 20/102 [09:54<38:26, 28.13s/it]
       3/25      17.3G      1.133     0.9945      1.206       1072        640:  21%|██        | 21/102 [09:54<35:31, 26.31s/it]
       3/25      17.3G      1.132     0.9945      1.205       1214        640:  21%|██        | 21/102 [10:23<35:31, 26.31s/it]
       3/25      17.3G      1.132     0.9945      1.205       1214        640:  22%|██▏       | 22/102 [10:23<36:09, 27.12s/it]
       3/25      17.3G      1.136     0.9979      1.208       1007        640:  22%|██▏       | 22/102 [10:50<36:09, 27.12s/it]
       3/25      17.3G      1.136     0.9979      1.208       1007        640:  23%|██▎       | 23/102 [10:50<35:25, 26.91s/it]
       3/25      17.3G      1.135     0.9968      1.208        958        640:  23%|██▎       | 23/102 [11:16<35:25, 26.91s/it]
       3/25      17.3G      1.135     0.9968      1.208        958        640:  24%|██▎       | 24/102 [11:16<34:56, 26.88s/it]
       3/25      17.3G      1.134     0.9967      1.209       1032        640:  24%|██▎       | 24/102 [11:41<34:56, 26.88s/it]
       3/25      17.3G      1.134     0.9967      1.209       1032        640:  25%|██▍       | 25/102 [11:41<33:34, 26.16s/it]
       3/25      17.3G      1.132     0.9947      1.207       1292        640:  25%|██▍       | 25/102 [12:10<33:34, 26.16s/it]
       3/25      17.3G      1.132     0.9947      1.207       1292        640:  25%|██▌       | 26/102 [12:10<34:20, 27.12s/it]
       3/25      17.3G      1.132     0.9948      1.208        982        640:  25%|██▌       | 26/102 [12:38<34:20, 27.12s/it]
       3/25      17.3G      1.132     0.9948      1.208        982        640:  26%|██▋       | 27/102 [12:38<34:11, 27.35s/it]
       3/25      17.3G      1.132     0.9929      1.207       1188        640:  26%|██▋       | 27/102 [13:01<34:11, 27.35s/it]
       3/25      17.3G      1.132     0.9929      1.207       1188        640:  27%|██▋       | 28/102 [13:01<32:10, 26.08s/it]
       3/25      17.3G       1.13     0.9926      1.207       1024        640:  27%|██▋       | 28/102 [13:31<32:10, 26.08s/it]
       3/25      17.3G       1.13     0.9926      1.207       1024        640:  28%|██▊       | 29/102 [13:31<33:06, 27.22s/it]
       3/25      18.3G      1.129     0.9923      1.208       1035        640:  28%|██▊       | 29/102 [14:00<33:06, 27.22s/it]
       3/25      18.3G      1.129     0.9923      1.208       1035        640:  29%|██▉       | 30/102 [14:00<33:23, 27.82s/it]
       3/25      18.3G       1.13     0.9914      1.208       1157        640:  29%|██▉       | 30/102 [14:26<33:23, 27.82s/it]
       3/25      18.3G       1.13     0.9914      1.208       1157        640:  30%|███       | 31/102 [14:26<32:19, 27.32s/it]
       3/25      18.3G      1.131     0.9908      1.207       1223        640:  30%|███       | 31/102 [14:51<32:19, 27.32s/it]
       3/25      18.3G      1.131     0.9908      1.207       1223        640:  31%|███▏      | 32/102 [14:51<30:57, 26.53s/it]
       3/25      18.3G      1.131     0.9906      1.208        990        640:  31%|███▏      | 32/102 [15:23<30:57, 26.53s/it]
       3/25      18.3G      1.131     0.9906      1.208        990        640:  32%|███▏      | 33/102 [15:23<32:18, 28.09s/it]
       3/25      18.3G      1.131     0.9911      1.208       1211        640:  32%|███▏      | 33/102 [15:48<32:18, 28.09s/it]
       3/25      18.3G      1.131     0.9911      1.208       1211        640:  33%|███▎      | 34/102 [15:48<30:43, 27.10s/it]
       3/25      18.3G       1.13     0.9895      1.207       1203        640:  33%|███▎      | 34/102 [16:19<30:43, 27.10s/it]
       3/25      18.3G       1.13     0.9895      1.207       1203        640:  34%|███▍      | 35/102 [16:19<31:46, 28.45s/it]
       3/25      18.3G      1.129       0.99      1.207       1018        640:  34%|███▍      | 35/102 [16:48<31:46, 28.45s/it]
       3/25      18.3G      1.129       0.99      1.207       1018        640:  35%|███▌      | 36/102 [16:48<31:22, 28.52s/it]
       3/25      18.3G      1.129     0.9904      1.207       1098        640:  35%|███▌      | 36/102 [17:15<31:22, 28.52s/it]
       3/25      18.3G      1.129     0.9904      1.207       1098        640:  36%|███▋      | 37/102 [17:15<30:28, 28.13s/it]
       3/25      18.3G      1.131     0.9909      1.208       1185        640:  36%|███▋      | 37/102 [17:37<30:28, 28.13s/it]
       3/25      18.3G      1.131     0.9909      1.208       1185        640:  37%|███▋      | 38/102 [17:37<28:06, 26.35s/it]
       3/25      18.3G      1.131     0.9918      1.208       1161        640:  37%|███▋      | 38/102 [18:07<28:06, 26.35s/it]
       3/25      18.3G      1.131     0.9918      1.208       1161        640:  38%|███▊      | 39/102 [18:07<28:36, 27.25s/it]
       3/25      18.3G      1.133     0.9937      1.209       1026        640:  38%|███▊      | 39/102 [18:38<28:36, 27.25s/it]
       3/25      18.3G      1.133     0.9937      1.209       1026        640:  39%|███▉      | 40/102 [18:38<29:17, 28.35s/it]
       3/25      18.3G      1.132     0.9932      1.208       1139        640:  39%|███▉      | 40/102 [19:03<29:17, 28.35s/it]
       3/25      18.3G      1.132     0.9932      1.208       1139        640:  40%|████      | 41/102 [19:03<27:52, 27.43s/it]
       3/25      18.3G      1.132     0.9933      1.209        915        640:  40%|████      | 41/102 [19:31<27:52, 27.43s/it]
       3/25      18.3G      1.132     0.9933      1.209        915        640:  41%|████      | 42/102 [19:31<27:35, 27.60s/it]
       3/25      18.3G      1.132     0.9929      1.209       1139        640:  41%|████      | 42/102 [20:01<27:35, 27.60s/it]
       3/25      18.3G      1.132     0.9929      1.209       1139        640:  42%|████▏     | 43/102 [20:01<27:43, 28.19s/it]
       3/25      18.3G      1.131     0.9914      1.208       1062        640:  42%|████▏     | 43/102 [20:21<27:43, 28.19s/it]
       3/25      18.3G      1.131     0.9914      1.208       1062        640:  43%|████▎     | 44/102 [20:21<25:07, 25.99s/it]
       3/25      18.3G       1.13     0.9906      1.209       1057        640:  43%|████▎     | 44/102 [20:48<25:07, 25.99s/it]
       3/25      18.3G       1.13     0.9906      1.209       1057        640:  44%|████▍     | 45/102 [20:48<24:55, 26.23s/it]
       3/25      18.3G      1.131     0.9911       1.21       1002        640:  44%|████▍     | 45/102 [21:14<24:55, 26.23s/it]
       3/25      18.3G      1.131     0.9911       1.21       1002        640:  45%|████▌     | 46/102 [21:14<24:25, 26.18s/it]
       3/25      18.3G      1.131     0.9902       1.21       1123        640:  45%|████▌     | 46/102 [21:37<24:25, 26.18s/it]
       3/25      18.3G      1.131     0.9902       1.21       1123        640:  46%|████▌     | 47/102 [21:37<23:00, 25.10s/it]
       3/25      18.3G      1.131     0.9892       1.21       1128        640:  46%|████▌     | 47/102 [22:03<23:00, 25.10s/it]
       3/25      18.3G      1.131     0.9892       1.21       1128        640:  47%|████▋     | 48/102 [22:03<22:46, 25.30s/it]
       3/25      18.3G      1.131     0.9895       1.21       1065        640:  47%|████▋     | 48/102 [22:28<22:46, 25.30s/it]
       3/25      18.3G      1.131     0.9895       1.21       1065        640:  48%|████▊     | 49/102 [22:28<22:21, 25.31s/it]
       3/25      18.3G       1.13     0.9878       1.21       1099        640:  48%|████▊     | 49/102 [22:48<22:21, 25.31s/it]
       3/25      18.3G       1.13     0.9878       1.21       1099        640:  49%|████▉     | 50/102 [22:48<20:41, 23.87s/it]
       3/25      18.3G       1.13     0.9867      1.209       1119        640:  49%|████▉     | 50/102 [23:13<20:41, 23.87s/it]
       3/25      18.3G       1.13     0.9867      1.209       1119        640:  50%|█████     | 51/102 [23:13<20:31, 24.15s/it]
       3/25      18.3G       1.13     0.9883       1.21        927        640:  50%|█████     | 51/102 [23:35<20:31, 24.15s/it]
       3/25      18.3G       1.13     0.9883       1.21        927        640:  51%|█████     | 52/102 [23:35<19:31, 23.43s/it]
       3/25      18.3G       1.13     0.9888      1.209       1146        640:  51%|█████     | 52/102 [24:06<19:31, 23.43s/it]
       3/25      18.3G       1.13     0.9888      1.209       1146        640:  52%|█████▏    | 53/102 [24:06<20:58, 25.67s/it]
       3/25      18.3G      1.132     0.9902       1.21        982        640:  52%|█████▏    | 53/102 [24:33<20:58, 25.67s/it]
       3/25      18.3G      1.132     0.9902       1.21        982        640:  53%|█████▎    | 54/102 [24:33<20:59, 26.24s/it]
       3/25      18.3G      1.132     0.9918      1.211        967        640:  53%|█████▎    | 54/102 [24:55<20:59, 26.24s/it]
       3/25      18.3G      1.132     0.9918      1.211        967        640:  54%|█████▍    | 55/102 [24:55<19:24, 24.78s/it]
       3/25      18.3G      1.134      0.993      1.211       1491        640:  54%|█████▍    | 55/102 [25:24<19:24, 24.78s/it]
       3/25      18.3G      1.134      0.993      1.211       1491        640:  55%|█████▍    | 56/102 [25:24<20:06, 26.22s/it]
       3/25      18.3G      1.134     0.9942      1.212       1074        640:  55%|█████▍    | 56/102 [25:47<20:06, 26.22s/it]
       3/25      18.3G      1.134     0.9942      1.212       1074        640:  56%|█████▌    | 57/102 [25:47<18:46, 25.03s/it]
       3/25      18.3G      1.134     0.9946      1.212       1016        640:  56%|█████▌    | 57/102 [26:14<18:46, 25.03s/it]
       3/25      18.3G      1.134     0.9946      1.212       1016        640:  57%|█████▋    | 58/102 [26:14<18:45, 25.58s/it]
       3/25      18.3G      1.135     0.9949      1.212       1242        640:  57%|█████▋    | 58/102 [26:40<18:45, 25.58s/it]
       3/25      18.3G      1.135     0.9949      1.212       1242        640:  58%|█████▊    | 59/102 [26:40<18:30, 25.82s/it]
       3/25      18.3G      1.136     0.9962      1.212       1042        640:  58%|█████▊    | 59/102 [27:03<18:30, 25.82s/it]
       3/25      18.3G      1.136     0.9962      1.212       1042        640:  59%|█████▉    | 60/102 [27:03<17:31, 25.03s/it]
       3/25      18.3G      1.138     0.9985      1.213       1194        640:  59%|█████▉    | 60/102 [27:33<17:31, 25.03s/it]
       3/25      18.3G      1.138     0.9985      1.213       1194        640:  60%|█████▉    | 61/102 [27:33<18:03, 26.44s/it]
       3/25      18.3G      1.138     0.9997      1.213       1159        640:  60%|█████▉    | 61/102 [28:01<18:03, 26.44s/it]
       3/25      18.3G      1.138     0.9997      1.213       1159        640:  61%|██████    | 62/102 [28:01<17:59, 26.99s/it]
       3/25      18.3G      1.139          1      1.212       1140        640:  61%|██████    | 62/102 [28:22<17:59, 26.99s/it]
       3/25      18.3G      1.139          1      1.212       1140        640:  62%|██████▏   | 63/102 [28:22<16:23, 25.21s/it]
       3/25      18.3G       1.14      1.001      1.212       1186        640:  62%|██████▏   | 63/102 [28:57<16:23, 25.21s/it]
       3/25      18.3G       1.14      1.001      1.212       1186        640:  63%|██████▎   | 64/102 [28:57<17:48, 28.11s/it]
       3/25      18.3G       1.14      1.002      1.212       1054        640:  63%|██████▎   | 64/102 [29:21<17:48, 28.11s/it]
       3/25      18.3G       1.14      1.002      1.212       1054        640:  64%|██████▎   | 65/102 [29:21<16:31, 26.79s/it]
       3/25      18.3G       1.14      1.002      1.212       1247        640:  64%|██████▎   | 65/102 [29:45<16:31, 26.79s/it]
       3/25      18.3G       1.14      1.002      1.212       1247        640:  65%|██████▍   | 66/102 [29:45<15:41, 26.15s/it]
       3/25      18.3G      1.141      1.003      1.212       1237        640:  65%|██████▍   | 66/102 [30:13<15:41, 26.15s/it]
       3/25      18.3G      1.141      1.003      1.212       1237        640:  66%|██████▌   | 67/102 [30:13<15:25, 26.45s/it]
       3/25      18.3G      1.141      1.003      1.212       1041        640:  66%|██████▌   | 67/102 [30:34<15:25, 26.45s/it]
       3/25      18.3G      1.141      1.003      1.212       1041        640:  67%|██████▋   | 68/102 [30:34<14:04, 24.85s/it]
       3/25      18.3G      1.141      1.002      1.212       1061        640:  67%|██████▋   | 68/102 [30:59<14:04, 24.85s/it]
       3/25      18.3G      1.141      1.002      1.212       1061        640:  68%|██████▊   | 69/102 [30:59<13:48, 25.10s/it]
       3/25      18.3G      1.142      1.003      1.212       1116        640:  68%|██████▊   | 69/102 [31:26<13:48, 25.10s/it]
       3/25      18.3G      1.142      1.003      1.212       1116        640:  69%|██████▊   | 70/102 [31:26<13:37, 25.54s/it]
       3/25      18.3G      1.141      1.003      1.212        979        640:  69%|██████▊   | 70/102 [31:48<13:37, 25.54s/it]
       3/25      18.3G      1.141      1.003      1.212        979        640:  70%|██████▉   | 71/102 [31:48<12:43, 24.63s/it]
       3/25      18.3G      1.141      1.002      1.212       1099        640:  70%|██████▉   | 71/102 [32:15<12:43, 24.63s/it]
       3/25      18.3G      1.141      1.002      1.212       1099        640:  71%|███████   | 72/102 [32:15<12:32, 25.10s/it]
       3/25      18.3G       1.14      1.002      1.212       1052        640:  71%|███████   | 72/102 [32:45<12:32, 25.10s/it]
       3/25      18.3G       1.14      1.002      1.212       1052        640:  72%|███████▏  | 73/102 [32:45<12:52, 26.64s/it]
       3/25      18.3G      1.141      1.003      1.213        985        640:  72%|███████▏  | 73/102 [33:10<12:52, 26.64s/it]
       3/25      18.3G      1.141      1.003      1.213        985        640:  73%|███████▎  | 74/102 [33:10<12:13, 26.20s/it]
       3/25      18.3G      1.141      1.006      1.213       1006        640:  73%|███████▎  | 74/102 [33:33<12:13, 26.20s/it]
       3/25      18.3G      1.141      1.006      1.213       1006        640:  74%|███████▎  | 75/102 [33:33<11:19, 25.17s/it]
       3/25      18.3G      1.142      1.007      1.214       1282        640:  74%|███████▎  | 75/102 [33:58<11:19, 25.17s/it]
       3/25      18.3G      1.142      1.007      1.214       1282        640:  75%|███████▍  | 76/102 [33:58<10:54, 25.19s/it]
       3/25      18.3G      1.142      1.008      1.214       1010        640:  75%|███████▍  | 76/102 [34:20<10:54, 25.19s/it]
       3/25      18.3G      1.142      1.008      1.214       1010        640:  75%|███████▌  | 77/102 [34:20<10:02, 24.12s/it]
       3/25      18.3G      1.143      1.009      1.215       1000        640:  75%|███████▌  | 77/102 [34:47<10:02, 24.12s/it]
       3/25      18.3G      1.143      1.009      1.215       1000        640:  76%|███████▋  | 78/102 [34:47<10:04, 25.18s/it]
       3/25      18.3G      1.143      1.009      1.215       1018        640:  76%|███████▋  | 78/102 [35:18<10:04, 25.18s/it]
       3/25      18.3G      1.143      1.009      1.215       1018        640:  77%|███████▋  | 79/102 [35:18<10:13, 26.69s/it]
       3/25      18.3G      1.144       1.01      1.215       1287        640:  77%|███████▋  | 79/102 [35:41<10:13, 26.69s/it]
       3/25      18.3G      1.144       1.01      1.215       1287        640:  78%|███████▊  | 80/102 [35:41<09:23, 25.60s/it]
       3/25      18.3G      1.144       1.01      1.215       1146        640:  78%|███████▊  | 80/102 [36:07<09:23, 25.60s/it]
       3/25      18.3G      1.144       1.01      1.215       1146        640:  79%|███████▉  | 81/102 [36:07<09:04, 25.94s/it]
       3/25      18.3G      1.144      1.009      1.215       1255        640:  79%|███████▉  | 81/102 [36:35<09:04, 25.94s/it]
       3/25      18.3G      1.144      1.009      1.215       1255        640:  80%|████████  | 82/102 [36:35<08:47, 26.36s/it]
       3/25      18.3G      1.145       1.01      1.216        991        640:  80%|████████  | 82/102 [36:58<08:47, 26.36s/it]
       3/25      18.3G      1.145       1.01      1.216        991        640:  81%|████████▏ | 83/102 [36:58<08:02, 25.41s/it]
       3/25      18.3G      1.145       1.01      1.216       1229        640:  81%|████████▏ | 83/102 [37:22<08:02, 25.41s/it]
       3/25      18.3G      1.145       1.01      1.216       1229        640:  82%|████████▏ | 84/102 [37:22<07:32, 25.13s/it]
       3/25      18.3G      1.145       1.01      1.216       1021        640:  82%|████████▏ | 84/102 [37:48<07:32, 25.13s/it]
       3/25      18.3G      1.145       1.01      1.216       1021        640:  83%|████████▎ | 85/102 [37:48<07:08, 25.21s/it]
       3/25      18.3G      1.144       1.01      1.216       1048        640:  83%|████████▎ | 85/102 [38:11<07:08, 25.21s/it]
       3/25      18.3G      1.144       1.01      1.216       1048        640:  84%|████████▍ | 86/102 [38:11<06:35, 24.72s/it]
       3/25      18.3G      1.145       1.01      1.217        952        640:  84%|████████▍ | 86/102 [38:38<06:35, 24.72s/it]
       3/25      18.3G      1.145       1.01      1.217        952        640:  85%|████████▌ | 87/102 [38:38<06:19, 25.32s/it]
       3/25      18.3G      1.145       1.01      1.216       1234        640:  85%|████████▌ | 87/102 [39:02<06:19, 25.32s/it]
       3/25      18.3G      1.145       1.01      1.216       1234        640:  86%|████████▋ | 88/102 [39:02<05:47, 24.83s/it]
       3/25      18.3G      1.145       1.01      1.217       1005        640:  86%|████████▋ | 88/102 [39:26<05:47, 24.83s/it]
       3/25      18.3G      1.145       1.01      1.217       1005        640:  87%|████████▋ | 89/102 [39:26<05:21, 24.72s/it]
       3/25      18.3G      1.146       1.01      1.217       1299        640:  87%|████████▋ | 89/102 [39:55<05:21, 24.72s/it]
       3/25      18.3G      1.146       1.01      1.217       1299        640:  88%|████████▊ | 90/102 [39:55<05:12, 26.03s/it]
       3/25      18.3G      1.146       1.01      1.216       1125        640:  88%|████████▊ | 90/102 [40:22<05:12, 26.03s/it]
       3/25      18.3G      1.146       1.01      1.216       1125        640:  89%|████████▉ | 91/102 [40:22<04:47, 26.18s/it]
       3/25      18.3G      1.146       1.01      1.217       1147        640:  89%|████████▉ | 91/102 [40:46<04:47, 26.18s/it]
       3/25      18.3G      1.146       1.01      1.217       1147        640:  90%|█████████ | 92/102 [40:46<04:14, 25.50s/it]
       3/25      19.5G      1.147      1.011      1.217       1248        640:  90%|█████████ | 92/102 [41:13<04:14, 25.50s/it]
       3/25      19.5G      1.147      1.011      1.217       1248        640:  91%|█████████ | 93/102 [41:13<03:54, 26.06s/it]
       3/25      19.5G      1.147      1.011      1.217       1127        640:  91%|█████████ | 93/102 [41:36<03:54, 26.06s/it]
       3/25      19.5G      1.147      1.011      1.217       1127        640:  92%|█████████▏| 94/102 [41:36<03:21, 25.15s/it]
       3/25      20.7G      1.148       1.01      1.217       1238        640:  92%|█████████▏| 94/102 [42:03<03:21, 25.15s/it]
       3/25      20.7G      1.148       1.01      1.217       1238        640:  93%|█████████▎| 95/102 [42:03<03:00, 25.72s/it]
       3/25      20.7G      1.148       1.01      1.217       1169        640:  93%|█████████▎| 95/102 [42:29<03:00, 25.72s/it]
       3/25      20.7G      1.148       1.01      1.217       1169        640:  94%|█████████▍| 96/102 [42:29<02:34, 25.76s/it]
       3/25      20.7G      1.148       1.01      1.217       1123        640:  94%|█████████▍| 96/102 [42:50<02:34, 25.76s/it]
       3/25      20.7G      1.148       1.01      1.217       1123        640:  95%|█████████▌| 97/102 [42:50<02:02, 24.47s/it]
       3/25      20.7G      1.148      1.011      1.217       1029        640:  95%|█████████▌| 97/102 [43:15<02:02, 24.47s/it]
       3/25      20.7G      1.148      1.011      1.217       1029        640:  96%|█████████▌| 98/102 [43:15<01:37, 24.44s/it]
       3/25      20.7G      1.149      1.011      1.217       1086        640:  96%|█████████▌| 98/102 [43:42<01:37, 24.44s/it]
       3/25      20.7G      1.149      1.011      1.217       1086        640:  97%|█████████▋| 99/102 [43:42<01:15, 25.23s/it]
       3/25      20.7G      1.149      1.012      1.218       1120        640:  97%|█████████▋| 99/102 [44:05<01:15, 25.23s/it]
       3/25      20.7G      1.149      1.012      1.218       1120        640:  98%|█████████▊| 100/102 [44:05<00:49, 24.70s/it]
       3/25      20.7G       1.15      1.012      1.218       1035        640:  98%|█████████▊| 100/102 [44:30<00:49, 24.70s/it]
       3/25      20.7G       1.15      1.012      1.218       1035        640:  99%|█████████▉| 101/102 [44:30<00:24, 24.81s/it]
       3/25      20.7G       1.15      1.013      1.219        187        640:  99%|█████████▉| 101/102 [44:36<00:24, 24.81s/it]
       3/25      20.7G       1.15      1.013      1.219        187        640: 100%|██████████| 102/102 [44:36<00:00, 19.02s/it]
       3/25      20.7G       1.15      1.013      1.219        187        640: 100%|██████████| 102/102 [44:36<00:00, 26.24s/it]

                 Class     Images  Instances      Box(P          R      mAP50  mAP50-95):   0%|          | 0/13 [00:00<?, ?it/s]
                 Class     Images  Instances      Box(P          R      mAP50  mAP50-95):   8%|▊         | 1/13 [00:00<00:04,  2.78it/s]
                 Class     Images  Instances      Box(P          R      mAP50  mAP50-95):  15%|█▌        | 2/13 [00:00<00:04,  2.68it/s]
                 Class     Images  Instances      Box(P          R      mAP50  mAP50-95):  23%|██▎       | 3/13 [00:01<00:03,  2.86it/s]
                 Class     Images  Instances      Box(P          R      mAP50  mAP50-95):  31%|███       | 4/13 [00:01<00:03,  2.92it/s]
                 Class     Images  Instances      Box(P          R      mAP50  mAP50-95):  38%|███▊      | 5/13 [02:21<06:45, 50.70s/it]
                 Class     Images  Instances      Box(P          R      mAP50  mAP50-95):  46%|████▌     | 6/13 [02:21<03:54, 33.57s/it]
                 Class     Images  Instances      Box(P          R      mAP50  mAP50-95):  54%|█████▍    | 7/13 [03:47<05:03, 50.51s/it]
                 Class     Images  Instances      Box(P          R      mAP50  mAP50-95):  62%|██████▏   | 8/13 [03:47<02:52, 34.55s/it]
                 Class     Images  Instances      Box(P          R      mAP50  mAP50-95):  69%|██████▉   | 9/13 [05:25<03:37, 54.37s/it]
                 Class     Images  Instances      Box(P          R      mAP50  mAP50-95):  77%|███████▋  | 10/13 [05:25<01:53, 37.68s/it]
                 Class     Images  Instances      Box(P          R      mAP50  mAP50-95):  85%|████████▍ | 11/13 [07:01<01:50, 55.45s/it]
                 Class     Images  Instances      Box(P          R      mAP50  mAP50-95):  92%|█████████▏| 12/13 [07:01<00:38, 38.68s/it]
                 Class     Images  Instances      Box(P          R      mAP50  mAP50-95): 100%|██████████| 13/13 [07:34<00:00, 37.02s/it]
                 Class     Images  Instances      Box(P          R      mAP50  mAP50-95): 100%|██████████| 13/13 [07:34<00:00, 35.00s/it]
                   all       1620      15401       0.55      0.339      0.352      0.205

      Epoch    GPU_mem   box_loss   cls_loss   dfl_loss  Instances       Size

  0%|          | 0/102 [00:00<?, ?it/s]
       4/25      16.7G       1.12      1.025       1.21       1228        640:   0%|          | 0/102 [00:00<?, ?it/s]
       4/25      16.7G       1.12      1.025       1.21       1228        640:   1%|          | 1/102 [00:00<00:21,  4.73it/s]
       4/25      16.7G      1.124      1.035      1.217       1109        640:   1%|          | 1/102 [00:00<00:21,  4.73it/s]
       4/25      16.7G      1.124      1.035      1.217       1109        640:   2%|▏         | 2/102 [00:00<00:18,  5.36it/s]
       4/25      16.7G      1.144      1.048      1.241        904        640:   2%|▏         | 2/102 [00:49<00:18,  5.36it/s]
       4/25      16.7G      1.144      1.048      1.241        904        640:   3%|▎         | 3/102 [00:49<37:13, 22.56s/it]
       4/25      16.7G      1.159      1.056      1.247       1007        640:   3%|▎         | 3/102 [01:28<37:13, 22.56s/it]
       4/25      16.7G      1.159      1.056      1.247       1007        640:   4%|▍         | 4/102 [01:28<47:14, 28.93s/it]
       4/25      16.7G      1.159      1.054      1.249       1053        640:   4%|▍         | 4/102 [02:05<47:14, 28.93s/it]
       4/25      16.7G      1.159      1.054      1.249       1053        640:   5%|▍         | 5/102 [02:05<51:25, 31.81s/it]
       4/25      17.6G      1.168      1.055      1.247       1127        640:   5%|▍         | 5/102 [02:42<51:25, 31.81s/it]
       4/25      17.6G      1.168      1.055      1.247       1127        640:   6%|▌         | 6/102 [02:42<54:02, 33.77s/it]
       4/25      17.6G      1.166      1.053      1.244       1079        640:   6%|▌         | 6/102 [03:10<54:02, 33.77s/it]
       4/25      17.6G      1.166      1.053      1.244       1079        640:   7%|▋         | 7/102 [03:10<50:12, 31.71s/it]
       4/25      17.6G      1.172      1.067      1.255        824        640:   7%|▋         | 7/102 [03:31<50:12, 31.71s/it]
       4/25      17.6G      1.172      1.067      1.255        824        640:   8%|▊         | 8/102 [03:31<44:13, 28.23s/it]
       4/25      17.6G       1.17      1.067      1.254        882        640:   8%|▊         | 8/102 [03:59<44:13, 28.23s/it]
       4/25      17.6G       1.17      1.067      1.254        882        640:   9%|▉         | 9/102 [03:59<43:46, 28.24s/it]
       4/25      17.6G       1.17      1.066      1.254        913        640:   9%|▉         | 9/102 [04:20<43:46, 28.24s/it]
       4/25      17.6G       1.17      1.066      1.254        913        640:  10%|▉         | 10/102 [04:20<39:49, 25.97s/it]
       4/25      17.6G      1.164      1.057      1.247       1173        640:  10%|▉         | 10/102 [04:47<39:49, 25.97s/it]
       4/25      17.6G      1.164      1.057      1.247       1173        640:  11%|█         | 11/102 [04:47<40:10, 26.49s/it]
       4/25      17.6G       1.16      1.051      1.245        914        640:  11%|█         | 11/102 [05:15<40:10, 26.49s/it]
       4/25      17.6G       1.16      1.051      1.245        914        640:  12%|█▏        | 12/102 [05:15<40:05, 26.73s/it]
       4/25      17.6G      1.159      1.046      1.243        969        640:  12%|█▏        | 12/102 [05:34<40:05, 26.73s/it]
       4/25      17.6G      1.159      1.046      1.243        969        640:  13%|█▎        | 13/102 [05:34<36:16, 24.46s/it]
       4/25      17.6G      1.159      1.051      1.241       1039        640:  13%|█▎        | 13/102 [05:59<36:16, 24.46s/it]
       4/25      17.6G      1.159      1.051      1.241       1039        640:  14%|█▎        | 14/102 [05:59<36:04, 24.60s/it]
       4/25      17.6G      1.157      1.048      1.237        986        640:  14%|█▎        | 14/102 [06:23<36:04, 24.60s/it]
       4/25      17.6G      1.157      1.048      1.237        986        640:  15%|█▍        | 15/102 [06:23<35:19, 24.37s/it]
       4/25      17.6G      1.156      1.046      1.234       1165        640:  15%|█▍        | 15/102 [06:47<35:19, 24.37s/it]
       4/25      17.6G      1.156      1.046      1.234       1165        640:  16%|█▌        | 16/102 [06:47<34:51, 24.32s/it]
       4/25      17.6G      1.157      1.049      1.234       1036        640:  16%|█▌        | 16/102 [07:12<34:51, 24.32s/it]
       4/25      17.6G      1.157      1.049      1.234       1036        640:  17%|█▋        | 17/102 [07:12<34:58, 24.68s/it]
       4/25      17.6G      1.161       1.05      1.236       1111        640:  17%|█▋        | 17/102 [07:33<34:58, 24.68s/it]
       4/25      17.6G      1.161       1.05      1.236       1111        640:  18%|█▊        | 18/102 [07:33<32:58, 23.56s/it]
       4/25      17.6G       1.16      1.045      1.236       1050        640:  18%|█▊        | 18/102 [07:56<32:58, 23.56s/it]
       4/25      17.6G       1.16      1.045      1.236       1050        640:  19%|█▊        | 19/102 [07:56<32:18, 23.35s/it]
       4/25      17.6G      1.161      1.044      1.236       1199        640:  19%|█▊        | 19/102 [08:23<32:18, 23.35s/it]
       4/25      17.6G      1.161      1.044      1.236       1199        640:  20%|█▉        | 20/102 [08:23<33:23, 24.43s/it]
       4/25      17.6G      1.159      1.041      1.235       1146        640:  20%|█▉        | 20/102 [08:45<33:23, 24.43s/it]
       4/25      17.6G      1.159      1.041      1.235       1146        640:  21%|██        | 21/102 [08:45<32:09, 23.82s/it]
       4/25      17.6G      1.158      1.039      1.234       1230        640:  21%|██        | 21/102 [09:11<32:09, 23.82s/it]
       4/25      17.6G      1.158      1.039      1.234       1230        640:  22%|██▏       | 22/102 [09:11<32:17, 24.22s/it]
       4/25      17.6G      1.156      1.035      1.232       1179        640:  22%|██▏       | 22/102 [09:37<32:17, 24.22s/it]
       4/25      17.6G      1.156      1.035      1.232       1179        640:  23%|██▎       | 23/102 [09:37<32:33, 24.73s/it]
       4/25      17.6G      1.157      1.035      1.234       1050        640:  23%|██▎       | 23/102 [09:58<32:33, 24.73s/it]
       4/25      17.6G      1.157      1.035      1.234       1050        640:  24%|██▎       | 24/102 [09:58<30:44, 23.65s/it]
       4/25      17.6G      1.157      1.033      1.232       1106        640:  24%|██▎       | 24/102 [10:23<30:44, 23.65s/it]
       4/25      17.6G      1.157      1.033      1.232       1106        640:  25%|██▍       | 25/102 [10:23<30:53, 24.08s/it]
       4/25      17.6G      1.156      1.031      1.232       1189        640:  25%|██▍       | 25/102 [10:44<30:53, 24.08s/it]
       4/25      17.6G      1.156      1.031      1.232       1189        640:  25%|██▌       | 26/102 [10:44<29:30, 23.30s/it]
       4/25      17.6G      1.156      1.032      1.233        909        640:  25%|██▌       | 26/102 [11:09<29:30, 23.30s/it]
       4/25      17.6G      1.156      1.032      1.233        909        640:  26%|██▋       | 27/102 [11:09<29:33, 23.64s/it]
       4/25      17.6G      1.155      1.028      1.231       1204        640:  26%|██▋       | 27/102 [11:36<29:33, 23.64s/it]
       4/25      17.6G      1.155      1.028      1.231       1204        640:  27%|██▋       | 28/102 [11:36<30:21, 24.61s/it]
       4/25      17.6G      1.155      1.029      1.231       1017        640:  27%|██▋       | 28/102 [11:58<30:21, 24.61s/it]
       4/25      17.6G      1.155      1.029      1.231       1017        640:  28%|██▊       | 29/102 [11:58<28:59, 23.82s/it]
       4/25      17.6G      1.153      1.026      1.228       1097        640:  28%|██▊       | 29/102 [12:22<28:59, 23.82s/it]
       4/25      17.6G      1.153      1.026      1.228       1097        640:  29%|██▉       | 30/102 [12:22<28:59, 24.16s/it]
       4/25      17.6G      1.153      1.024      1.229       1202        640:  29%|██▉       | 30/102 [12:47<28:59, 24.16s/it]
       4/25      17.6G      1.153      1.024      1.229       1202        640:  30%|███       | 31/102 [12:47<28:41, 24.25s/it]
       4/25      17.6G      1.154      1.024      1.228       1138        640:  30%|███       | 31/102 [13:09<28:41, 24.25s/it]
       4/25      17.6G      1.154      1.024      1.228       1138        640:  31%|███▏      | 32/102 [13:09<27:34, 23.63s/it]
       4/25      17.6G      1.154      1.023      1.229       1110        640:  31%|███▏      | 32/102 [13:35<27:34, 23.63s/it]
       4/25      17.6G      1.154      1.023      1.229       1110        640:  32%|███▏      | 33/102 [13:35<28:00, 24.35s/it]
       4/25      17.6G      1.154      1.023      1.229       1095        640:  32%|███▏      | 33/102 [14:02<28:00, 24.35s/it]
       4/25      17.6G      1.154      1.023      1.229       1095        640:  33%|███▎      | 34/102 [14:02<28:26, 25.09s/it]
       4/25      17.6G      1.153      1.021      1.227       1070        640:  33%|███▎      | 34/102 [14:23<28:26, 25.09s/it]
       4/25      17.6G      1.153      1.021      1.227       1070        640:  34%|███▍      | 35/102 [14:23<26:32, 23.77s/it]
       4/25      17.6G      1.153      1.021      1.226        971        640:  34%|███▍      | 35/102 [14:48<26:32, 23.77s/it]
       4/25      17.6G      1.153      1.021      1.226        971        640:  35%|███▌      | 36/102 [14:48<26:47, 24.36s/it]
       4/25      17.6G      1.154      1.024      1.228        778        640:  35%|███▌      | 36/102 [15:08<26:47, 24.36s/it]
       4/25      17.6G      1.154      1.024      1.228        778        640:  36%|███▋      | 37/102 [15:08<24:59, 23.07s/it]
       4/25      17.6G      1.156      1.024      1.229       1056        640:  36%|███▋      | 37/102 [15:35<24:59, 23.07s/it]
       4/25      17.6G      1.156      1.024      1.229       1056        640:  37%|███▋      | 38/102 [15:35<25:46, 24.16s/it]
       4/25      17.6G      1.157      1.024       1.23       1078        640:  37%|███▋      | 38/102 [16:01<25:46, 24.16s/it]
       4/25      17.6G      1.157      1.024       1.23       1078        640:  38%|███▊      | 39/102 [16:01<25:48, 24.59s/it]
       4/25      17.6G      1.156      1.021      1.229       1069        640:  38%|███▊      | 39/102 [16:22<25:48, 24.59s/it]
       4/25      17.6G      1.156      1.021      1.229       1069        640:  39%|███▉      | 40/102 [16:22<24:13, 23.45s/it]
       4/25      17.6G      1.156      1.021      1.229       1078        640:  39%|███▉      | 40/102 [16:49<24:13, 23.45s/it]
       4/25      17.6G      1.156      1.021      1.229       1078        640:  40%|████      | 41/102 [16:49<25:04, 24.67s/it]
       4/25      17.6G      1.158      1.022       1.23       1074        640:  40%|████      | 41/102 [17:16<25:04, 24.67s/it]
       4/25      17.6G      1.158      1.022       1.23       1074        640:  41%|████      | 42/102 [17:16<25:16, 25.28s/it]
       4/25      17.6G      1.158      1.022      1.229       1244        640:  41%|████      | 42/102 [17:37<25:16, 25.28s/it]
       4/25      17.6G      1.158      1.022      1.229       1244        640:  42%|████▏     | 43/102 [17:37<23:35, 23.98s/it]
       4/25      17.6G      1.157      1.021      1.229       1103        640:  42%|████▏     | 43/102 [18:02<23:35, 23.98s/it]
       4/25      17.6G      1.157      1.021      1.229       1103        640:  43%|████▎     | 44/102 [18:02<23:34, 24.38s/it]
       4/25      17.6G      1.157      1.019      1.228       1243        640:  43%|████▎     | 44/102 [18:22<23:34, 24.38s/it]
       4/25      17.6G      1.157      1.019      1.228       1243        640:  44%|████▍     | 45/102 [18:22<21:54, 23.06s/it]
       4/25      17.6G      1.157      1.019      1.228       1083        640:  44%|████▍     | 45/102 [18:47<21:54, 23.06s/it]
       4/25      17.6G      1.157      1.019      1.228       1083        640:  45%|████▌     | 46/102 [18:47<22:11, 23.77s/it]
       4/25      17.6G      1.157      1.017      1.227       1146        640:  45%|████▌     | 46/102 [19:12<22:11, 23.77s/it]
       4/25      17.6G      1.157      1.017      1.227       1146        640:  46%|████▌     | 47/102 [19:12<21:52, 23.87s/it]
       4/25      17.6G      1.158      1.016      1.227       1164        640:  46%|████▌     | 47/102 [19:31<21:52, 23.87s/it]
       4/25      17.6G      1.158      1.016      1.227       1164        640:  47%|████▋     | 48/102 [19:31<20:23, 22.66s/it]
       4/25      17.6G      1.157      1.016      1.226       1058        640:  47%|████▋     | 48/102 [19:57<20:23, 22.66s/it]
       4/25      17.6G      1.157      1.016      1.226       1058        640:  48%|████▊     | 49/102 [19:57<20:45, 23.49s/it]
       4/25      17.6G      1.157      1.015      1.226       1194        640:  48%|████▊     | 49/102 [20:21<20:45, 23.49s/it]
       4/25      17.6G      1.157      1.015      1.226       1194        640:  49%|████▉     | 50/102 [20:21<20:40, 23.85s/it]
       4/25      17.6G      1.157      1.013      1.225       1194        640:  49%|████▉     | 50/102 [20:42<20:40, 23.85s/it]
       4/25      17.6G      1.157      1.013      1.225       1194        640:  50%|█████     | 51/102 [20:42<19:23, 22.80s/it]
       4/25      17.6G      1.158      1.015      1.225       1136        640:  50%|█████     | 51/102 [21:09<19:23, 22.80s/it]
       4/25      17.6G      1.158      1.015      1.225       1136        640:  51%|█████     | 52/102 [21:09<20:12, 24.25s/it]
       4/25      17.6G      1.157      1.013      1.225       1165        640:  51%|█████     | 52/102 [21:27<20:12, 24.25s/it]
       4/25      17.6G      1.157      1.013      1.225       1165        640:  52%|█████▏    | 53/102 [21:27<18:16, 22.37s/it]
       4/25      17.6G      1.157      1.014      1.225        928        640:  52%|█████▏    | 53/102 [21:49<18:16, 22.37s/it]
       4/25      17.6G      1.157      1.014      1.225        928        640:  53%|█████▎    | 54/102 [21:49<17:41, 22.10s/it]
       4/25      17.6G      1.157      1.014      1.225       1003        640:  53%|█████▎    | 54/102 [22:08<17:41, 22.10s/it]
       4/25      17.6G      1.157      1.014      1.225       1003        640:  54%|█████▍    | 55/102 [22:08<16:42, 21.33s/it]
       4/25      17.6G      1.158      1.014      1.226       1163        640:  54%|█████▍    | 55/102 [22:31<16:42, 21.33s/it]
       4/25      17.6G      1.158      1.014      1.226       1163        640:  55%|█████▍    | 56/102 [22:31<16:43, 21.82s/it]
       4/25      17.6G      1.157      1.013      1.226       1067        640:  55%|█████▍    | 56/102 [22:55<16:43, 21.82s/it]
       4/25      17.6G      1.157      1.013      1.226       1067        640:  56%|█████▌    | 57/102 [22:55<16:42, 22.28s/it]
       4/25      17.6G      1.157      1.012      1.225       1078        640:  56%|█████▌    | 57/102 [23:15<16:42, 22.28s/it]
       4/25      17.6G      1.157      1.012      1.225       1078        640:  57%|█████▋    | 58/102 [23:15<15:52, 21.65s/it]
       4/25      17.6G      1.156      1.011      1.225        943        640:  57%|█████▋    | 58/102 [23:37<15:52, 21.65s/it]
       4/25      17.6G      1.156      1.011      1.225        943        640:  58%|█████▊    | 59/102 [23:37<15:40, 21.87s/it]
       4/25      17.6G      1.155       1.01      1.225       1094        640:  58%|█████▊    | 59/102 [24:01<15:40, 21.87s/it]
       4/25      17.6G      1.155       1.01      1.225       1094        640:  59%|█████▉    | 60/102 [24:01<15:40, 22.39s/it]
       4/25      17.6G      1.156       1.01      1.225        997        640:  59%|█████▉    | 60/102 [24:23<15:40, 22.39s/it]
       4/25      17.6G      1.156       1.01      1.225        997        640:  60%|█████▉    | 61/102 [24:23<15:11, 22.23s/it]
       4/25      17.6G      1.155       1.01      1.225       1074        640:  60%|█████▉    | 61/102 [24:43<15:11, 22.23s/it]
       4/25      17.6G      1.155       1.01      1.225       1074        640:  61%|██████    | 62/102 [24:43<14:25, 21.64s/it]
       4/25      17.6G      1.154      1.008      1.224       1052        640:  61%|██████    | 62/102 [25:02<14:25, 21.64s/it]
       4/25      17.6G      1.154      1.008      1.224       1052        640:  62%|██████▏   | 63/102 [25:02<13:33, 20.85s/it]
       4/25      17.6G      1.153      1.007      1.224        953        640:  62%|██████▏   | 63/102 [25:23<13:33, 20.85s/it]
       4/25      17.6G      1.153      1.007      1.224        953        640:  63%|██████▎   | 64/102 [25:23<13:13, 20.87s/it]
       4/25      17.6G      1.153      1.007      1.223       1107        640:  63%|██████▎   | 64/102 [25:44<13:13, 20.87s/it]
       4/25      17.6G      1.153      1.007      1.223       1107        640:  64%|██████▎   | 65/102 [25:44<12:52, 20.88s/it]
       4/25      17.6G      1.152      1.006      1.223       1012        640:  64%|██████▎   | 65/102 [26:06<12:52, 20.88s/it]
       4/25      17.6G      1.152      1.006      1.223       1012        640:  65%|██████▍   | 66/102 [26:06<12:43, 21.21s/it]
       4/25      17.6G      1.153      1.005      1.224       1134        640:  65%|██████▍   | 66/102 [26:27<12:43, 21.21s/it]
       4/25      17.6G      1.153      1.005      1.224       1134        640:  66%|██████▌   | 67/102 [26:27<12:22, 21.22s/it]
       4/25      17.6G      1.153      1.005      1.224       1003        640:  66%|██████▌   | 67/102 [26:47<12:22, 21.22s/it]
       4/25      17.6G      1.153      1.005      1.224       1003        640:  67%|██████▋   | 68/102 [26:47<11:42, 20.67s/it]
       4/25      17.6G      1.153      1.004      1.224       1168        640:  67%|██████▋   | 68/102 [27:08<11:42, 20.67s/it]
       4/25      17.6G      1.153      1.004      1.224       1168        640:  68%|██████▊   | 69/102 [27:08<11:32, 20.97s/it]
       4/25      17.6G      1.153      1.003      1.223       1133        640:  68%|██████▊   | 69/102 [27:29<11:32, 20.97s/it]
       4/25      17.6G      1.153      1.003      1.223       1133        640:  69%|██████▊   | 70/102 [27:29<11:09, 20.92s/it]
       4/25      17.6G      1.153      1.003      1.224       1104        640:  69%|██████▊   | 70/102 [27:58<11:09, 20.92s/it]
       4/25      17.6G      1.153      1.003      1.224       1104        640:  70%|██████▉   | 71/102 [27:58<12:00, 23.26s/it]
       4/25      17.6G      1.153      1.002      1.224       1052        640:  70%|██████▉   | 71/102 [28:32<12:00, 23.26s/it]
       4/25      17.6G      1.153      1.002      1.224       1052        640:  71%|███████   | 72/102 [28:32<13:16, 26.54s/it]
       4/25      17.6G      1.153      1.001      1.224       1036        640:  71%|███████   | 72/102 [28:55<13:16, 26.54s/it]
       4/25      17.6G      1.153      1.001      1.224       1036        640:  72%|███████▏  | 73/102 [28:55<12:17, 25.44s/it]
       4/25      17.6G      1.153      1.001      1.224       1229        640:  72%|███████▏  | 73/102 [29:16<12:17, 25.44s/it]
       4/25      17.6G      1.153      1.001      1.224       1229        640:  73%|███████▎  | 74/102 [29:16<11:13, 24.05s/it]
       4/25      17.6G      1.153      1.001      1.225        927        640:  73%|███████▎  | 74/102 [29:38<11:13, 24.05s/it]
       4/25      17.6G      1.153      1.001      1.225        927        640:  74%|███████▎  | 75/102 [29:38<10:36, 23.58s/it]
       4/25      17.6G      1.153      1.001      1.225        990        640:  74%|███████▎  | 75/102 [30:00<10:36, 23.58s/it]
       4/25      17.6G      1.153      1.001      1.225        990        640:  75%|███████▍  | 76/102 [30:00<10:00, 23.08s/it]
       4/25      17.6G      1.154      1.001      1.225        943        640:  75%|███████▍  | 76/102 [30:22<10:00, 23.08s/it]
       4/25      17.6G      1.154      1.001      1.225        943        640:  75%|███████▌  | 77/102 [30:22<09:25, 22.62s/it]
       4/25      17.6G      1.154      1.001      1.225       1065        640:  75%|███████▌  | 77/102 [30:41<09:25, 22.62s/it]
       4/25      17.6G      1.154      1.001      1.225       1065        640:  76%|███████▋  | 78/102 [30:41<08:41, 21.71s/it]
       4/25      17.6G      1.154      1.002      1.225       1034        640:  76%|███████▋  | 78/102 [31:02<08:41, 21.71s/it]
       4/25      17.6G      1.154      1.002      1.225       1034        640:  77%|███████▋  | 79/102 [31:02<08:11, 21.39s/it]
       4/25      17.6G      1.154      1.002      1.225        982        640:  77%|███████▋  | 79/102 [31:24<08:11, 21.39s/it]
       4/25      17.6G      1.154      1.002      1.225        982        640:  78%|███████▊  | 80/102 [31:24<07:55, 21.61s/it]
       4/25      17.6G      1.154      1.002      1.225        972        640:  78%|███████▊  | 80/102 [31:46<07:55, 21.61s/it]
       4/25      17.6G      1.154      1.002      1.225        972        640:  79%|███████▉  | 81/102 [31:46<07:36, 21.75s/it]
       4/25      17.6G      1.153      1.002      1.225        870        640:  79%|███████▉  | 81/102 [32:08<07:36, 21.75s/it]
       4/25      17.6G      1.153      1.002      1.225        870        640:  80%|████████  | 82/102 [32:08<07:17, 21.89s/it]
       4/25      17.6G      1.153      1.001      1.225       1160        640:  80%|████████  | 82/102 [32:31<07:17, 21.89s/it]
       4/25      17.6G      1.153      1.001      1.225       1160        640:  81%|████████▏ | 83/102 [32:31<06:59, 22.09s/it]
       4/25      17.6G      1.152          1      1.224       1123        640:  81%|████████▏ | 83/102 [32:54<06:59, 22.09s/it]
       4/25      17.6G      1.152          1      1.224       1123        640:  82%|████████▏ | 84/102 [32:54<06:42, 22.37s/it]
       4/25      17.6G      1.153     0.9995      1.224       1298        640:  82%|████████▏ | 84/102 [33:16<06:42, 22.37s/it]
       4/25      17.6G      1.153     0.9995      1.224       1298        640:  83%|████████▎ | 85/102 [33:16<06:19, 22.30s/it]
       4/25      17.6G      1.153     0.9997      1.224       1075        640:  83%|████████▎ | 85/102 [33:40<06:19, 22.30s/it]
       4/25      17.6G      1.153     0.9997      1.224       1075        640:  84%|████████▍ | 86/102 [33:40<06:06, 22.90s/it]
       4/25      17.6G      1.153      0.999      1.224       1377        640:  84%|████████▍ | 86/102 [34:03<06:06, 22.90s/it]
       4/25      17.6G      1.153      0.999      1.224       1377        640:  85%|████████▌ | 87/102 [34:03<05:42, 22.86s/it]
       4/25      17.6G      1.153     0.9988      1.224       1015        640:  85%|████████▌ | 87/102 [34:28<05:42, 22.86s/it]
       4/25      17.6G      1.153     0.9988      1.224       1015        640:  86%|████████▋ | 88/102 [34:28<05:27, 23.39s/it]
       4/25      17.6G      1.153     0.9994      1.224        986        640:  86%|████████▋ | 88/102 [34:52<05:27, 23.39s/it]
       4/25      17.6G      1.153     0.9994      1.224        986        640:  87%|████████▋ | 89/102 [34:52<05:07, 23.62s/it]
       4/25      17.6G      1.153     0.9994      1.225       1010        640:  87%|████████▋ | 89/102 [35:17<05:07, 23.62s/it]
       4/25      17.6G      1.153     0.9994      1.225       1010        640:  88%|████████▊ | 90/102 [35:17<04:49, 24.14s/it]
       4/25      17.6G      1.153     0.9985      1.224       1210        640:  88%|████████▊ | 90/102 [35:42<04:49, 24.14s/it]
       4/25      17.6G      1.153     0.9985      1.224       1210        640:  89%|████████▉ | 91/102 [35:42<04:27, 24.31s/it]
       4/25      17.6G      1.153     0.9983      1.225       1168        640:  89%|████████▉ | 91/102 [36:06<04:27, 24.31s/it]
       4/25      17.6G      1.153     0.9983      1.225       1168        640:  90%|█████████ | 92/102 [36:06<04:03, 24.34s/it]
       4/25      17.6G      1.154     0.9987      1.225       1142        640:  90%|█████████ | 92/102 [36:29<04:03, 24.34s/it]
       4/25      17.6G      1.154     0.9987      1.225       1142        640:  91%|█████████ | 93/102 [36:29<03:35, 23.94s/it]
       4/25      17.6G      1.154     0.9993      1.225       1006        640:  91%|█████████ | 93/102 [36:56<03:35, 23.94s/it]
       4/25      17.6G      1.154     0.9993      1.225       1006        640:  92%|█████████▏| 94/102 [36:56<03:17, 24.70s/it]
       4/25      17.6G      1.155          1      1.225       1332        640:  92%|█████████▏| 94/102 [37:21<03:17, 24.70s/it]
       4/25      17.6G      1.155          1      1.225       1332        640:  93%|█████████▎| 95/102 [37:21<02:53, 24.82s/it]
       4/25      17.6G      1.155          1      1.225       1010        640:  93%|█████████▎| 95/102 [37:46<02:53, 24.82s/it]
       4/25      17.6G      1.155          1      1.225       1010        640:  94%|█████████▍| 96/102 [37:46<02:30, 25.02s/it]
       4/25      17.6G      1.156          1      1.226        857        640:  94%|█████████▍| 96/102 [38:10<02:30, 25.02s/it]
       4/25      17.6G      1.156          1      1.226        857        640:  95%|█████████▌| 97/102 [38:10<02:03, 24.70s/it]
       4/25      17.6G      1.155     0.9995      1.226       1163        640:  95%|█████████▌| 97/102 [38:34<02:03, 24.70s/it]
       4/25      17.6G      1.155     0.9995      1.226       1163        640:  96%|█████████▌| 98/102 [38:34<01:38, 24.50s/it]
       4/25      17.6G      1.155     0.9983      1.225       1241        640:  96%|█████████▌| 98/102 [38:59<01:38, 24.50s/it]
       4/25      17.6G      1.155     0.9983      1.225       1241        640:  97%|█████████▋| 99/102 [38:59<01:13, 24.46s/it]
       4/25      17.6G      1.155     0.9979      1.225       1121        640:  97%|█████████▋| 99/102 [39:22<01:13, 24.46s/it]
       4/25      17.6G      1.155     0.9979      1.225       1121        640:  98%|█████████▊| 100/102 [39:22<00:48, 24.13s/it]
       4/25      17.6G      1.154     0.9977      1.225       1399        640:  98%|█████████▊| 100/102 [39:45<00:48, 24.13s/it]
       4/25      17.6G      1.154     0.9977      1.225       1399        640:  99%|█████████▉| 101/102 [39:45<00:23, 23.92s/it]
       4/25      17.6G      1.153     0.9978      1.224        273        640:  99%|█████████▉| 101/102 [39:50<00:23, 23.92s/it]
       4/25      17.6G      1.153     0.9978      1.224        273        640: 100%|██████████| 102/102 [39:50<00:00, 18.24s/it]
       4/25      17.6G      1.153     0.9978      1.224        273        640: 100%|██████████| 102/102 [39:50<00:00, 23.44s/it]

                 Class     Images  Instances      Box(P          R      mAP50  mAP50-95):   0%|          | 0/13 [00:00<?, ?it/s]
                 Class     Images  Instances      Box(P          R      mAP50  mAP50-95):   8%|▊         | 1/13 [00:00<00:03,  3.03it/s]
                 Class     Images  Instances      Box(P          R      mAP50  mAP50-95):  15%|█▌        | 2/13 [00:00<00:03,  3.01it/s]
                 Class     Images  Instances      Box(P          R      mAP50  mAP50-95):  23%|██▎       | 3/13 [00:00<00:03,  3.08it/s]
                 Class     Images  Instances      Box(P          R      mAP50  mAP50-95):  31%|███       | 4/13 [00:01<00:02,  3.21it/s]
                 Class     Images  Instances      Box(P          R      mAP50  mAP50-95):  38%|███▊      | 5/13 [02:23<06:51, 51.48s/it]
                 Class     Images  Instances      Box(P          R      mAP50  mAP50-95):  46%|████▌     | 6/13 [02:23<03:58, 34.08s/it]
                 Class     Images  Instances      Box(P          R      mAP50  mAP50-95):  54%|█████▍    | 7/13 [03:55<05:16, 52.76s/it]
                 Class     Images  Instances      Box(P          R      mAP50  mAP50-95):  62%|██████▏   | 8/13 [03:55<03:00, 36.07s/it]
                 Class     Images  Instances      Box(P          R      mAP50  mAP50-95):  69%|██████▉   | 9/13 [05:34<03:42, 55.69s/it]
                 Class     Images  Instances      Box(P          R      mAP50  mAP50-95):  77%|███████▋  | 10/13 [05:34<01:55, 38.59s/it]
                 Class     Images  Instances      Box(P          R      mAP50  mAP50-95):  85%|████████▍ | 11/13 [07:11<01:53, 56.57s/it]
                 Class     Images  Instances      Box(P          R      mAP50  mAP50-95):  92%|█████████▏| 12/13 [07:12<00:39, 39.45s/it]
                 Class     Images  Instances      Box(P          R      mAP50  mAP50-95): 100%|██████████| 13/13 [07:46<00:00, 37.80s/it]
                 Class     Images  Instances      Box(P          R      mAP50  mAP50-95): 100%|██████████| 13/13 [07:46<00:00, 35.85s/it]
                   all       1620      15401      0.564      0.351      0.376      0.221

      Epoch    GPU_mem   box_loss   cls_loss   dfl_loss  Instances       Size

  0%|          | 0/102 [00:00<?, ?it/s]
       5/25      15.8G      1.153     0.9708      1.215       1230        640:   0%|          | 0/102 [00:00<?, ?it/s]
       5/25      15.8G      1.153     0.9708      1.215       1230        640:   1%|          | 1/102 [00:00<00:17,  5.68it/s]
       5/25      16.3G      1.142     0.9629      1.196       1190        640:   1%|          | 1/102 [00:00<00:17,  5.68it/s]
       5/25      16.3G      1.142     0.9629      1.196       1190        640:   2%|▏         | 2/102 [00:00<00:16,  5.90it/s]
       5/25      16.3G      1.144      0.977       1.21       1013        640:   2%|▏         | 2/102 [01:07<00:16,  5.90it/s]
       5/25      16.3G      1.144      0.977       1.21       1013        640:   3%|▎         | 3/102 [01:07<50:36, 30.67s/it]
       5/25      16.3G      1.139     0.9647      1.211       1091        640:   3%|▎         | 3/102 [01:52<50:36, 30.67s/it]
       5/25      16.3G      1.139     0.9647      1.211       1091        640:   4%|▍         | 4/102 [01:52<59:33, 36.47s/it]
       5/25      16.3G      1.145     0.9763      1.221        944        640:   4%|▍         | 4/102 [02:36<59:33, 36.47s/it]
       5/25      16.3G      1.145     0.9763      1.221        944        640:   5%|▍         | 5/102 [02:36<1:03:31, 39.30s/it]
       5/25      16.3G      1.137     0.9734      1.219       1051        640:   5%|▍         | 5/102 [03:18<1:03:31, 39.30s/it]
       5/25      16.3G      1.137     0.9734      1.219       1051        640:   6%|▌         | 6/102 [03:18<1:03:50, 39.90s/it]
       5/25      16.3G      1.134     0.9636      1.216       1069        640:   6%|▌         | 6/102 [03:47<1:03:50, 39.90s/it]
       5/25      16.3G      1.134     0.9636      1.216       1069        640:   7%|▋         | 7/102 [03:47<57:47, 36.50s/it]
       5/25      16.3G      1.135     0.9613      1.214       1217        640:   7%|▋         | 7/102 [04:17<57:47, 36.50s/it]
       5/25      16.3G      1.135     0.9613      1.214       1217        640:   8%|▊         | 8/102 [04:17<53:56, 34.43s/it]
       5/25      16.9G      1.141     0.9649      1.213       1224        640:   8%|▊         | 8/102 [04:49<53:56, 34.43s/it]
       5/25      16.9G      1.141     0.9649      1.213       1224        640:   9%|▉         | 9/102 [04:49<52:11, 33.68s/it]
       5/25      16.9G      1.142     0.9647      1.212       1077        640:   9%|▉         | 9/102 [05:20<52:11, 33.68s/it]
       5/25      16.9G      1.142     0.9647      1.212       1077        640:  10%|▉         | 10/102 [05:20<50:22, 32.86s/it]
       5/25      16.9G      1.138      0.959      1.211       1025        640:  10%|▉         | 10/102 [05:48<50:22, 32.86s/it]
       5/25      16.9G      1.138      0.959      1.211       1025        640:  11%|█         | 11/102 [05:48<47:33, 31.35s/it]
       5/25      17.6G      1.138     0.9599      1.211       1104        640:  11%|█         | 11/102 [06:14<47:33, 31.35s/it]
       5/25      17.6G      1.138     0.9599      1.211       1104        640:  12%|█▏        | 12/102 [06:14<44:22, 29.58s/it]
       5/25      17.6G       1.14     0.9601      1.216       1000        640:  12%|█▏        | 12/102 [06:46<44:22, 29.58s/it]
       5/25      17.6G       1.14     0.9601      1.216       1000        640:  13%|█▎        | 13/102 [06:46<44:57, 30.31s/it]
       5/25      17.6G      1.142     0.9617      1.214       1206        640:  13%|█▎        | 13/102 [07:21<44:57, 30.31s/it]
       5/25      17.6G      1.142     0.9617      1.214       1206        640:  14%|█▎        | 14/102 [07:21<46:49, 31.93s/it]
       5/25      17.6G      1.142     0.9615      1.214       1086        640:  14%|█▎        | 14/102 [07:48<46:49, 31.93s/it]
       5/25      17.6G      1.142     0.9615      1.214       1086        640:  15%|█▍        | 15/102 [07:48<44:06, 30.42s/it]
       5/25      17.6G      1.137     0.9619      1.214        885        640:  15%|█▍        | 15/102 [08:14<44:06, 30.42s/it]
       5/25      17.6G      1.137     0.9619      1.214        885        640:  16%|█▌        | 16/102 [08:14<41:46, 29.14s/it]
       5/25      17.6G      1.135     0.9599      1.212       1173        640:  16%|█▌        | 16/102 [08:46<41:46, 29.14s/it]
       5/25      17.6G      1.135     0.9599      1.212       1173        640:  17%|█▋        | 17/102 [08:46<42:17, 29.85s/it]
       5/25      17.6G      1.132      0.956      1.211       1068        640:  17%|█▋        | 17/102 [09:19<42:17, 29.85s/it]
       5/25      17.6G      1.132      0.956      1.211       1068        640:  18%|█▊        | 18/102 [09:19<43:02, 30.74s/it]
       5/25      17.6G       1.13     0.9502       1.21       1065        640:  18%|█▊        | 18/102 [09:51<43:02, 30.74s/it]
       5/25      17.6G       1.13     0.9502       1.21       1065        640:  19%|█▊        | 19/102 [09:51<43:09, 31.19s/it]
       5/25      17.6G       1.13     0.9493      1.209        993        640:  19%|█▊        | 19/102 [10:17<43:09, 31.19s/it]
       5/25      17.6G       1.13     0.9493      1.209        993        640:  20%|█▉        | 20/102 [10:17<40:31, 29.65s/it]
       5/25      17.6G      1.134     0.9533       1.21       1247        640:  20%|█▉        | 20/102 [10:45<40:31, 29.65s/it]
       5/25      17.6G      1.134     0.9533       1.21       1247        640:  21%|██        | 21/102 [10:45<39:33, 29.31s/it]
       5/25      17.6G      1.134     0.9548      1.211       1081        640:  21%|██        | 21/102 [11:14<39:33, 29.31s/it]
       5/25      17.6G      1.134     0.9548      1.211       1081        640:  22%|██▏       | 22/102 [11:14<38:43, 29.04s/it]
       5/25      17.6G      1.136     0.9541       1.21       1262        640:  22%|██▏       | 22/102 [11:42<38:43, 29.04s/it]
       5/25      17.6G      1.136     0.9541       1.21       1262        640:  23%|██▎       | 23/102 [11:42<37:52, 28.76s/it]
       5/25      17.6G      1.135     0.9533      1.209       1168        640:  23%|██▎       | 23/102 [12:14<37:52, 28.76s/it]
       5/25      17.6G      1.135     0.9533      1.209       1168        640:  24%|██▎       | 24/102 [12:14<38:37, 29.71s/it]
       5/25      17.6G      1.135     0.9525      1.209       1110        640:  24%|██▎       | 24/102 [12:43<38:37, 29.71s/it]
       5/25      17.6G      1.135     0.9525      1.209       1110        640:  25%|██▍       | 25/102 [12:43<38:04, 29.67s/it]
       5/25      17.6G      1.133     0.9505      1.209        985        640:  25%|██▍       | 25/102 [13:23<38:04, 29.67s/it]
       5/25      17.6G      1.133     0.9505      1.209        985        640:  25%|██▌       | 26/102 [13:23<41:23, 32.68s/it]
       5/25      17.6G      1.134     0.9502      1.208       1221        640:  25%|██▌       | 26/102 [13:52<41:23, 32.68s/it]
       5/25      17.6G      1.134     0.9502      1.208       1221        640:  26%|██▋       | 27/102 [13:52<39:20, 31.47s/it]
       5/25      17.6G      1.134     0.9494      1.208       1174        640:  26%|██▋       | 27/102 [14:24<39:20, 31.47s/it]
       5/25      17.6G      1.134     0.9494      1.208       1174        640:  27%|██▋       | 28/102 [14:24<39:05, 31.70s/it]
       5/25      17.6G      1.134     0.9516      1.209        786        640:  27%|██▋       | 28/102 [14:55<39:05, 31.70s/it]
       5/25      17.6G      1.134     0.9516      1.209        786        640:  28%|██▊       | 29/102 [14:55<38:07, 31.34s/it]
       5/25      17.6G      1.134     0.9527       1.21        944        640:  28%|██▊       | 29/102 [15:29<38:07, 31.34s/it]
       5/25      17.6G      1.134     0.9527       1.21        944        640:  29%|██▉       | 30/102 [15:29<38:48, 32.34s/it]
       5/25      17.6G      1.134     0.9524      1.209       1172        640:  29%|██▉       | 30/102 [16:01<38:48, 32.34s/it]
       5/25      17.6G      1.134     0.9524      1.209       1172        640:  30%|███       | 31/102 [16:01<37:54, 32.03s/it]
       5/25      17.6G      1.134     0.9516      1.209       1250        640:  30%|███       | 31/102 [16:24<37:54, 32.03s/it]
       5/25      17.6G      1.134     0.9516      1.209       1250        640:  31%|███▏      | 32/102 [16:24<34:30, 29.59s/it]
       5/25      18.5G      1.133       0.95      1.208       1223        640:  31%|███▏      | 32/102 [16:56<34:30, 29.59s/it]
       5/25      18.5G      1.133       0.95      1.208       1223        640:  32%|███▏      | 33/102 [16:56<34:35, 30.08s/it]
       5/25      19.5G      1.132     0.9499      1.207       1065        640:  32%|███▏      | 33/102 [17:25<34:35, 30.08s/it]
       5/25      19.5G      1.132     0.9499      1.207       1065        640:  33%|███▎      | 34/102 [17:25<33:59, 29.99s/it]
       5/25      19.5G      1.132     0.9489      1.206       1112        640:  33%|███▎      | 34/102 [18:00<33:59, 29.99s/it]
       5/25      19.5G      1.132     0.9489      1.206       1112        640:  34%|███▍      | 35/102 [18:00<35:01, 31.37s/it]
       5/25      19.5G      1.132     0.9497      1.206       1184        640:  34%|███▍      | 35/102 [18:36<35:01, 31.37s/it]
       5/25      19.5G      1.132     0.9497      1.206       1184        640:  35%|███▌      | 36/102 [18:36<35:56, 32.68s/it]
       5/25      19.5G      1.131     0.9491      1.206       1182        640:  35%|███▌      | 36/102 [19:01<35:56, 32.68s/it]
       5/25      19.5G      1.131     0.9491      1.206       1182        640:  36%|███▋      | 37/102 [19:01<33:07, 30.58s/it]
       5/25      19.5G       1.13     0.9488      1.206        915        640:  36%|███▋      | 37/102 [19:30<33:07, 30.58s/it]
       5/25      19.5G       1.13     0.9488      1.206        915        640:  37%|███▋      | 38/102 [19:30<31:58, 29.97s/it]
       5/25      19.5G       1.13     0.9479      1.206       1085        640:  37%|███▋      | 38/102 [19:56<31:58, 29.97s/it]
       5/25      19.5G       1.13     0.9479      1.206       1085        640:  38%|███▊      | 39/102 [19:56<30:15, 28.82s/it]
       5/25      19.5G      1.129     0.9489      1.206        957        640:  38%|███▊      | 39/102 [20:22<30:15, 28.82s/it]
       5/25      19.5G      1.129     0.9489      1.206        957        640:  39%|███▉      | 40/102 [20:22<28:57, 28.02s/it]
       5/25      19.5G       1.13     0.9505      1.206       1152        640:  39%|███▉      | 40/102 [20:48<28:57, 28.02s/it]
       5/25      19.5G       1.13     0.9505      1.206       1152        640:  40%|████      | 41/102 [20:48<27:43, 27.27s/it]
       5/25      19.5G      1.131     0.9519      1.206        966        640:  40%|████      | 41/102 [21:13<27:43, 27.27s/it]
       5/25      19.5G      1.131     0.9519      1.206        966        640:  41%|████      | 42/102 [21:13<26:37, 26.62s/it]
       5/25      19.5G      1.132     0.9532      1.207        918        640:  41%|████      | 42/102 [21:41<26:37, 26.62s/it]
       5/25      19.5G      1.132     0.9532      1.207        918        640:  42%|████▏     | 43/102 [21:41<26:31, 26.97s/it]
       5/25      19.5G      1.132     0.9535      1.207       1015        640:  42%|████▏     | 43/102 [22:07<26:31, 26.97s/it]
       5/25      19.5G      1.132     0.9535      1.207       1015        640:  43%|████▎     | 44/102 [22:07<25:59, 26.88s/it]
       5/25      19.5G      1.131     0.9547      1.207        974        640:  43%|████▎     | 44/102 [22:38<25:59, 26.88s/it]
       5/25      19.5G      1.131     0.9547      1.207        974        640:  44%|████▍     | 45/102 [22:38<26:31, 27.92s/it]
       5/25      19.5G       1.13     0.9532      1.207        903        640:  44%|████▍     | 45/102 [23:06<26:31, 27.92s/it]
       5/25      19.5G       1.13     0.9532      1.207        903        640:  45%|████▌     | 46/102 [23:06<26:05, 27.96s/it]
       5/25      19.5G      1.129     0.9534      1.207       1078        640:  45%|████▌     | 46/102 [23:35<26:05, 27.96s/it]
       5/25      19.5G      1.129     0.9534      1.207       1078        640:  46%|████▌     | 47/102 [23:35<25:51, 28.20s/it]
       5/25      19.5G      1.128      0.951      1.206       1178        640:  46%|████▌     | 47/102 [24:01<25:51, 28.20s/it]
       5/25      19.5G      1.128      0.951      1.206       1178        640:  47%|████▋     | 48/102 [24:01<25:00, 27.79s/it]
       5/25      19.5G      1.128     0.9515      1.207       1097        640:  47%|████▋     | 48/102 [24:30<25:00, 27.79s/it]
       5/25      19.5G      1.128     0.9515      1.207       1097        640:  48%|████▊     | 49/102 [24:30<24:43, 28.00s/it]
       5/25      19.5G      1.127     0.9514      1.206       1156        640:  48%|████▊     | 49/102 [24:54<24:43, 28.00s/it]
       5/25      19.5G      1.127     0.9514      1.206       1156        640:  49%|████▉     | 50/102 [24:54<23:20, 26.93s/it]
       5/25      19.5G      1.128     0.9527      1.207       1126        640:  49%|████▉     | 50/102 [25:20<23:20, 26.93s/it]
       5/25      19.5G      1.128     0.9527      1.207       1126        640:  50%|█████     | 51/102 [25:20<22:32, 26.51s/it]
       5/25      20.6G      1.127     0.9533      1.207       1109        640:  50%|█████     | 51/102 [25:45<22:32, 26.51s/it]
       5/25      20.6G      1.127     0.9533      1.207       1109        640:  51%|█████     | 52/102 [25:45<21:39, 25.98s/it]
       5/25      20.6G      1.128     0.9537      1.208        938        640:  51%|█████     | 52/102 [26:10<21:39, 25.98s/it]
       5/25      20.6G      1.128     0.9537      1.208        938        640:  52%|█████▏    | 53/102 [26:10<21:00, 25.73s/it]
       5/25      20.6G      1.127     0.9544      1.208       1036        640:  52%|█████▏    | 53/102 [26:39<21:00, 25.73s/it]
       5/25      20.6G      1.127     0.9544      1.208       1036        640:  53%|█████▎    | 54/102 [26:39<21:29, 26.86s/it]
       5/25      20.6G      1.128     0.9546      1.208        874        640:  53%|█████▎    | 54/102 [27:06<21:29, 26.86s/it]
       5/25      20.6G      1.128     0.9546      1.208        874        640:  54%|█████▍    | 55/102 [27:06<20:58, 26.78s/it]
       5/25      20.6G      1.127     0.9551      1.208        931        640:  54%|█████▍    | 55/102 [27:32<20:58, 26.78s/it]
       5/25      20.6G      1.127     0.9551      1.208        931        640:  55%|█████▍    | 56/102 [27:32<20:27, 26.68s/it]
       5/25      20.6G      1.128     0.9562      1.209        963        640:  55%|█████▍    | 56/102 [28:04<20:27, 26.68s/it]
       5/25      20.6G      1.128     0.9562      1.209        963        640:  56%|█████▌    | 57/102 [28:04<21:14, 28.33s/it]
       5/25      20.6G      1.127     0.9548      1.208       1083        640:  56%|█████▌    | 57/102 [28:32<21:14, 28.33s/it]
       5/25      20.6G      1.127     0.9548      1.208       1083        640:  57%|█████▋    | 58/102 [28:32<20:34, 28.06s/it]
       5/25      20.6G      1.126     0.9548      1.209        879        640:  57%|█████▋    | 58/102 [28:56<20:34, 28.06s/it]
       5/25      20.6G      1.126     0.9548      1.209        879        640:  58%|█████▊    | 59/102 [28:56<19:12, 26.80s/it]
       5/25      20.6G      1.126     0.9553      1.209        918        640:  58%|█████▊    | 59/102 [29:20<19:12, 26.80s/it]
       5/25      20.6G      1.126     0.9553      1.209        918        640:  59%|█████▉    | 60/102 [29:20<18:11, 25.99s/it]
       5/25      20.6G      1.125     0.9543      1.208       1059        640:  59%|█████▉    | 60/102 [29:52<18:11, 25.99s/it]
       5/25      20.6G      1.125     0.9543      1.208       1059        640:  60%|█████▉    | 61/102 [29:52<19:04, 27.91s/it]
       5/25      20.6G      1.126      0.954      1.209        933        640:  60%|█████▉    | 61/102 [30:16<19:04, 27.91s/it]
       5/25      20.6G      1.126      0.954      1.209        933        640:  61%|██████    | 62/102 [30:16<17:42, 26.56s/it]
       5/25      20.6G      1.125     0.9537      1.208       1083        640:  61%|██████    | 62/102 [30:43<17:42, 26.56s/it]
       5/25      20.6G      1.125     0.9537      1.208       1083        640:  62%|██████▏   | 63/102 [30:43<17:22, 26.72s/it]
       5/25      20.6G      1.126     0.9539      1.208       1070        640:  62%|██████▏   | 63/102 [31:15<17:22, 26.72s/it]
       5/25      20.6G      1.126     0.9539      1.208       1070        640:  63%|██████▎   | 64/102 [31:15<17:56, 28.33s/it]
       5/25      20.6G      1.126     0.9532      1.208       1013        640:  63%|██████▎   | 64/102 [31:44<17:56, 28.33s/it]
       5/25      20.6G      1.126     0.9532      1.208       1013        640:  64%|██████▎   | 65/102 [31:44<17:33, 28.47s/it]
       5/25      20.6G      1.126     0.9523      1.208       1199        640:  64%|██████▎   | 65/102 [32:08<17:33, 28.47s/it]
       5/25      20.6G      1.126     0.9523      1.208       1199        640:  65%|██████▍   | 66/102 [32:08<16:26, 27.40s/it]
       5/25      20.6G      1.126     0.9508      1.208       1148        640:  65%|██████▍   | 66/102 [32:37<16:26, 27.40s/it]
       5/25      20.6G      1.126     0.9508      1.208       1148        640:  66%|██████▌   | 67/102 [32:37<16:11, 27.75s/it]
       5/25      20.6G      1.126     0.9499      1.207       1234        640:  66%|██████▌   | 67/102 [33:01<16:11, 27.75s/it]
       5/25      20.6G      1.126     0.9499      1.207       1234        640:  67%|██████▋   | 68/102 [33:01<15:09, 26.74s/it]
       5/25      20.6G      1.126     0.9492      1.207       1077        640:  67%|██████▋   | 68/102 [33:27<15:09, 26.74s/it]
       5/25      20.6G      1.126     0.9492      1.207       1077        640:  68%|██████▊   | 69/102 [33:27<14:30, 26.37s/it]
       5/25      20.6G      1.127     0.9502      1.208       1159        640:  68%|██████▊   | 69/102 [33:56<14:30, 26.37s/it]
       5/25      20.6G      1.127     0.9502      1.208       1159        640:  69%|██████▊   | 70/102 [33:56<14:27, 27.10s/it]
       5/25      20.6G      1.127     0.9501      1.207       1170        640:  69%|██████▊   | 70/102 [34:21<14:27, 27.10s/it]
       5/25      20.6G      1.127     0.9501      1.207       1170        640:  70%|██████▉   | 71/102 [34:21<13:46, 26.68s/it]
       5/25      20.6G      1.128     0.9512      1.208       1050        640:  70%|██████▉   | 71/102 [35:02<13:46, 26.68s/it]
       5/25      20.6G      1.128     0.9512      1.208       1050        640:  71%|███████   | 72/102 [35:02<15:27, 30.91s/it]
       5/25      20.6G      1.128     0.9517      1.207       1181        640:  71%|███████   | 72/102 [35:29<15:27, 30.91s/it]
       5/25      20.6G      1.128     0.9517      1.207       1181        640:  72%|███████▏  | 73/102 [35:29<14:17, 29.56s/it]
       5/25      20.6G      1.128      0.952      1.207       1193        640:  72%|███████▏  | 73/102 [35:59<14:17, 29.56s/it]
       5/25      20.6G      1.128      0.952      1.207       1193        640:  73%|███████▎  | 74/102 [35:59<13:57, 29.89s/it]
       5/25      20.6G      1.127     0.9532      1.207        997        640:  73%|███████▎  | 74/102 [36:26<13:57, 29.89s/it]
       5/25      20.6G      1.127     0.9532      1.207        997        640:  74%|███████▎  | 75/102 [36:26<13:03, 29.01s/it]
       5/25      20.6G      1.127     0.9531      1.207       1012        640:  74%|███████▎  | 75/102 [36:54<13:03, 29.01s/it]
       5/25      20.6G      1.127     0.9531      1.207       1012        640:  75%|███████▍  | 76/102 [36:54<12:26, 28.73s/it]
       5/25      20.6G      1.127      0.953      1.207        919        640:  75%|███████▍  | 76/102 [37:22<12:26, 28.73s/it]
       5/25      20.6G      1.127      0.953      1.207        919        640:  75%|███████▌  | 77/102 [37:22<11:51, 28.47s/it]
       5/25      20.6G      1.126     0.9522      1.207       1198        640:  75%|███████▌  | 77/102 [37:47<11:51, 28.47s/it]
       5/25      20.6G      1.126     0.9522      1.207       1198        640:  76%|███████▋  | 78/102 [37:47<10:54, 27.28s/it]
       5/25      20.6G      1.126     0.9529      1.207        972        640:  76%|███████▋  | 78/102 [38:14<10:54, 27.28s/it]
       5/25      20.6G      1.126     0.9529      1.207        972        640:  77%|███████▋  | 79/102 [38:14<10:25, 27.19s/it]
       5/25      20.6G      1.126     0.9529      1.207       1310        640:  77%|███████▋  | 79/102 [38:44<10:25, 27.19s/it]
       5/25      20.6G      1.126     0.9529      1.207       1310        640:  78%|███████▊  | 80/102 [38:44<10:20, 28.21s/it]
       5/25      20.6G      1.126     0.9521      1.206       1230        640:  78%|███████▊  | 80/102 [39:11<10:20, 28.21s/it]
       5/25      20.6G      1.126     0.9521      1.206       1230        640:  79%|███████▉  | 81/102 [39:11<09:40, 27.66s/it]
       5/25      20.6G      1.126      0.952      1.206       1115        640:  79%|███████▉  | 81/102 [39:37<09:40, 27.66s/it]
       5/25      20.6G      1.126      0.952      1.206       1115        640:  80%|████████  | 82/102 [39:37<09:05, 27.27s/it]
       5/25      20.6G      1.126     0.9512      1.206       1130        640:  80%|████████  | 82/102 [40:05<09:05, 27.27s/it]
       5/25      20.6G      1.126     0.9512      1.206       1130        640:  81%|████████▏ | 83/102 [40:05<08:41, 27.45s/it]
       5/25      20.6G      1.125     0.9506      1.206        991        640:  81%|████████▏ | 83/102 [40:33<08:41, 27.45s/it]
       5/25      20.6G      1.125     0.9506      1.206        991        640:  82%|████████▏ | 84/102 [40:33<08:19, 27.77s/it]
       5/25      20.6G      1.125     0.9509      1.206        914        640:  82%|████████▏ | 84/102 [41:01<08:19, 27.77s/it]
       5/25      20.6G      1.125     0.9509      1.206        914        640:  83%|████████▎ | 85/102 [41:01<07:51, 27.75s/it]
       5/25      20.6G      1.125     0.9503      1.206       1033        640:  83%|████████▎ | 85/102 [41:25<07:51, 27.75s/it]
       5/25      20.6G      1.125     0.9503      1.206       1033        640:  84%|████████▍ | 86/102 [41:25<07:05, 26.62s/it]
       5/25      20.6G      1.125     0.9495      1.206       1133        640:  84%|████████▍ | 86/102 [41:55<07:05, 26.62s/it]
       5/25      20.6G      1.125     0.9495      1.206       1133        640:  85%|████████▌ | 87/102 [41:55<06:53, 27.57s/it]
       5/25      20.6G      1.125     0.9489      1.205       1096        640:  85%|████████▌ | 87/102 [42:24<06:53, 27.57s/it]
       5/25      20.6G      1.125     0.9489      1.205       1096        640:  86%|████████▋ | 88/102 [42:24<06:33, 28.08s/it]
       5/25      20.6G      1.124     0.9486      1.205       1060        640:  86%|████████▋ | 88/102 [42:51<06:33, 28.08s/it]
       5/25      20.6G      1.124     0.9486      1.205       1060        640:  87%|████████▋ | 89/102 [42:51<06:00, 27.75s/it]
       5/25      20.6G      1.124     0.9485      1.205       1144        640:  87%|████████▋ | 89/102 [43:16<06:00, 27.75s/it]
       5/25      20.6G      1.124     0.9485      1.205       1144        640:  88%|████████▊ | 90/102 [43:16<05:23, 26.97s/it]
       5/25      20.6G      1.124     0.9479      1.205       1051        640:  88%|████████▊ | 90/102 [43:42<05:23, 26.97s/it]
       5/25      20.6G      1.124     0.9479      1.205       1051        640:  89%|████████▉ | 91/102 [43:42<04:53, 26.66s/it]
       5/25      20.6G      1.124     0.9473      1.205       1140        640:  89%|████████▉ | 91/102 [44:08<04:53, 26.66s/it]
       5/25      20.6G      1.124     0.9473      1.205       1140        640:  90%|█████████ | 92/102 [44:08<04:24, 26.41s/it]
       5/25      20.6G      1.124     0.9475      1.205        976        640:  90%|█████████ | 92/102 [44:33<04:24, 26.41s/it]
       5/25      20.6G      1.124     0.9475      1.205        976        640:  91%|█████████ | 93/102 [44:33<03:53, 25.94s/it]
       5/25      20.6G      1.124     0.9476      1.205        993        640:  91%|█████████ | 93/102 [45:01<03:53, 25.94s/it]
       5/25      20.6G      1.124     0.9476      1.205        993        640:  92%|█████████▏| 94/102 [45:01<03:33, 26.72s/it]
       5/25      20.6G      1.124     0.9471      1.204        961        640:  92%|█████████▏| 94/102 [45:29<03:33, 26.72s/it]
       5/25      20.6G      1.124     0.9471      1.204        961        640:  93%|█████████▎| 95/102 [45:29<03:08, 26.98s/it]
       5/25      20.6G      1.124     0.9469      1.205       1053        640:  93%|█████████▎| 95/102 [45:54<03:08, 26.98s/it]
       5/25      20.6G      1.124     0.9469      1.205       1053        640:  94%|█████████▍| 96/102 [45:54<02:38, 26.43s/it]
       5/25      20.6G      1.124     0.9465      1.205       1031        640:  94%|█████████▍| 96/102 [46:17<02:38, 26.43s/it]
       5/25      20.6G      1.124     0.9465      1.205       1031        640:  95%|█████████▌| 97/102 [46:17<02:07, 25.44s/it]
       5/25      20.6G      1.123     0.9463      1.204       1149        640:  95%|█████████▌| 97/102 [46:44<02:07, 25.44s/it]
       5/25      20.6G      1.123     0.9463      1.204       1149        640:  96%|█████████▌| 98/102 [46:44<01:42, 25.70s/it]
       5/25      20.6G      1.123     0.9473      1.205       1260        640:  96%|█████████▌| 98/102 [47:13<01:42, 25.70s/it]
       5/25      20.6G      1.123     0.9473      1.205       1260        640:  97%|█████████▋| 99/102 [47:13<01:20, 26.83s/it]
       5/25      20.6G      1.124     0.9473      1.205        990        640:  97%|█████████▋| 99/102 [47:42<01:20, 26.83s/it]
       5/25      20.6G      1.124     0.9473      1.205        990        640:  98%|█████████▊| 100/102 [47:42<00:55, 27.51s/it]
       5/25      20.6G      1.124     0.9471      1.205        993        640:  98%|█████████▊| 100/102 [48:19<00:55, 27.51s/it]
       5/25      20.6G      1.124     0.9471      1.205        993        640:  99%|█████████▉| 101/102 [48:19<00:30, 30.24s/it]
       5/25      20.6G      1.123     0.9484      1.205        198        640:  99%|█████████▉| 101/102 [48:27<00:30, 30.24s/it]
       5/25      20.6G      1.123     0.9484      1.205        198        640: 100%|██████████| 102/102 [48:27<00:00, 23.63s/it]
       5/25      20.6G      1.123     0.9484      1.205        198        640: 100%|██████████| 102/102 [48:27<00:00, 28.50s/it]

                 Class     Images  Instances      Box(P          R      mAP50  mAP50-95):   0%|          | 0/13 [00:00<?, ?it/s]
                 Class     Images  Instances      Box(P          R      mAP50  mAP50-95):   8%|▊         | 1/13 [00:00<00:04,  2.71it/s]
                 Class     Images  Instances      Box(P          R      mAP50  mAP50-95):  15%|█▌        | 2/13 [00:00<00:04,  2.73it/s]
                 Class     Images  Instances      Box(P          R      mAP50  mAP50-95):  23%|██▎       | 3/13 [00:01<00:03,  2.92it/s]
                 Class     Images  Instances      Box(P          R      mAP50  mAP50-95):  31%|███       | 4/13 [00:01<00:02,  3.03it/s]
                 Class     Images  Instances      Box(P          R      mAP50  mAP50-95):  38%|███▊      | 5/13 [02:17<06:33, 49.14s/it]
                 Class     Images  Instances      Box(P          R      mAP50  mAP50-95):  46%|████▌     | 6/13 [02:17<03:47, 32.54s/it]
                 Class     Images  Instances      Box(P          R      mAP50  mAP50-95):  54%|█████▍    | 7/13 [03:42<04:58, 49.71s/it]
                 Class     Images  Instances      Box(P          R      mAP50  mAP50-95):  62%|██████▏   | 8/13 [03:42<02:49, 33.99s/it]
                 Class     Images  Instances      Box(P          R      mAP50  mAP50-95):  69%|██████▉   | 9/13 [05:16<03:30, 52.58s/it]
                 Class     Images  Instances      Box(P          R      mAP50  mAP50-95):  77%|███████▋  | 10/13 [05:16<01:49, 36.44s/it]
                 Class     Images  Instances      Box(P          R      mAP50  mAP50-95):  85%|████████▍ | 11/13 [06:48<01:46, 53.45s/it]
                 Class     Images  Instances      Box(P          R      mAP50  mAP50-95):  92%|█████████▏| 12/13 [06:48<00:37, 37.28s/it]
                 Class     Images  Instances      Box(P          R      mAP50  mAP50-95): 100%|██████████| 13/13 [07:23<00:00, 36.36s/it]
                 Class     Images  Instances      Box(P          R      mAP50  mAP50-95): 100%|██████████| 13/13 [07:23<00:00, 34.08s/it]
                   all       1620      15401      0.545      0.353      0.374      0.223

      Epoch    GPU_mem   box_loss   cls_loss   dfl_loss  Instances       Size

  0%|          | 0/102 [00:00<?, ?it/s]
       6/25      15.7G       1.09      1.009      1.228        858        640:   0%|          | 0/102 [00:00<?, ?it/s]
       6/25      15.7G       1.09      1.009      1.228        858        640:   1%|          | 1/102 [00:00<00:18,  5.61it/s]
       6/25      16.6G        1.1      1.002      1.215       1120        640:   1%|          | 1/102 [00:00<00:18,  5.61it/s]
       6/25      16.6G        1.1      1.002      1.215       1120        640:   2%|▏         | 2/102 [00:00<00:17,  5.79it/s]
       6/25      16.6G      1.101     0.9671       1.22        930        640:   2%|▏         | 2/102 [00:58<00:17,  5.79it/s]
       6/25      16.6G      1.101     0.9671       1.22        930        640:   3%|▎         | 3/102 [00:58<43:50, 26.57s/it]
       6/25      16.6G      1.105     0.9691      1.227       1067        640:   3%|▎         | 3/102 [01:42<43:50, 26.57s/it]
       6/25      16.6G      1.105     0.9691      1.227       1067        640:   4%|▍         | 4/102 [01:42<54:26, 33.33s/it]
       6/25      17.3G       1.12     0.9765      1.231       1100        640:   4%|▍         | 4/102 [02:23<54:26, 33.33s/it]
       6/25      17.3G       1.12     0.9765      1.231       1100        640:   5%|▍         | 5/102 [02:23<58:29, 36.18s/it]
       6/25      17.3G      1.115     0.9673      1.225       1003        640:   5%|▍         | 5/102 [02:59<58:29, 36.18s/it]
       6/25      17.3G      1.115     0.9673      1.225       1003        640:   6%|▌         | 6/102 [02:59<57:58, 36.23s/it]
       6/25      17.3G      1.114     0.9655       1.23        894        640:   6%|▌         | 6/102 [03:23<57:58, 36.23s/it]
       6/25      17.3G      1.114     0.9655       1.23        894        640:   7%|▋         | 7/102 [03:23<51:02, 32.24s/it]
       6/25      17.3G      1.112     0.9599      1.226       1104        640:   7%|▋         | 7/102 [03:49<51:02, 32.24s/it]
       6/25      17.3G      1.112     0.9599      1.226       1104        640:   8%|▊         | 8/102 [03:49<47:18, 30.19s/it]
       6/25      17.3G      1.109     0.9561       1.22       1067        640:   8%|▊         | 8/102 [04:15<47:18, 30.19s/it]
       6/25      17.3G      1.109     0.9561       1.22       1067        640:   9%|▉         | 9/102 [04:15<44:54, 28.97s/it]
       6/25      17.3G      1.118     0.9606      1.219       1242        640:   9%|▉         | 9/102 [04:39<44:54, 28.97s/it]
       6/25      17.3G      1.118     0.9606      1.219       1242        640:  10%|▉         | 10/102 [04:39<41:58, 27.37s/it]
       6/25      17.3G      1.118     0.9597       1.22        981        640:  10%|▉         | 10/102 [05:05<41:58, 27.37s/it]
       6/25      17.3G      1.118     0.9597       1.22        981        640:  11%|█         | 11/102 [05:05<40:58, 27.01s/it]
       6/25      17.3G      1.118     0.9577      1.218       1196        640:  11%|█         | 11/102 [05:29<40:58, 27.01s/it]
       6/25      17.3G      1.118     0.9577      1.218       1196        640:  12%|█▏        | 12/102 [05:29<39:01, 26.01s/it]
       6/25      17.3G      1.119     0.9584      1.222       1057        640:  12%|█▏        | 12/102 [05:53<39:01, 26.01s/it]
       6/25      17.3G      1.119     0.9584      1.222       1057        640:  13%|█▎        | 13/102 [05:53<37:35, 25.35s/it]
       6/25      17.3G      1.116     0.9519      1.218        991        640:  13%|█▎        | 13/102 [06:16<37:35, 25.35s/it]
       6/25      17.3G      1.116     0.9519      1.218        991        640:  14%|█▎        | 14/102 [06:16<36:18, 24.76s/it]
       6/25      17.3G      1.115     0.9465      1.217       1118        640:  14%|█▎        | 14/102 [06:41<36:18, 24.76s/it]
       6/25      17.3G      1.115     0.9465      1.217       1118        640:  15%|█▍        | 15/102 [06:41<35:55, 24.78s/it]
       6/25      17.3G      1.119     0.9453      1.215       1187        640:  15%|█▍        | 15/102 [07:05<35:55, 24.78s/it]
       6/25      17.3G      1.119     0.9453      1.215       1187        640:  16%|█▌        | 16/102 [07:05<35:05, 24.49s/it]
       6/25      17.3G      1.116     0.9393       1.21       1145        640:  16%|█▌        | 16/102 [07:30<35:05, 24.49s/it]
       6/25      17.3G      1.116     0.9393       1.21       1145        640:  17%|█▋        | 17/102 [07:30<35:03, 24.75s/it]
       6/25      17.3G      1.113     0.9372      1.207       1091        640:  17%|█▋        | 17/102 [07:55<35:03, 24.75s/it]
       6/25      17.3G      1.113     0.9372      1.207       1091        640:  18%|█▊        | 18/102 [07:55<34:33, 24.68s/it]
       6/25      17.3G      1.112      0.935      1.205       1081        640:  18%|█▊        | 18/102 [08:19<34:33, 24.68s/it]
       6/25      17.3G      1.112      0.935      1.205       1081        640:  19%|█▊        | 19/102 [08:19<34:06, 24.65s/it]
       6/25      17.3G      1.111     0.9358      1.205        925        640:  19%|█▊        | 19/102 [08:39<34:06, 24.65s/it]
       6/25      17.3G      1.111     0.9358      1.205        925        640:  20%|█▉        | 20/102 [08:39<31:37, 23.14s/it]
       6/25      17.3G      1.111     0.9338      1.202       1226        640:  20%|█▉        | 20/102 [09:06<31:37, 23.14s/it]
       6/25      17.3G      1.111     0.9338      1.202       1226        640:  21%|██        | 21/102 [09:06<32:57, 24.42s/it]
       6/25      17.3G      1.111     0.9318      1.202       1131        640:  21%|██        | 21/102 [09:34<32:57, 24.42s/it]
       6/25      17.3G      1.111     0.9318      1.202       1131        640:  22%|██▏       | 22/102 [09:34<33:51, 25.39s/it]
       6/25      17.3G      1.109     0.9302      1.201        959        640:  22%|██▏       | 22/102 [09:58<33:51, 25.39s/it]
       6/25      17.3G      1.109     0.9302      1.201        959        640:  23%|██▎       | 23/102 [09:58<32:47, 24.91s/it]
       6/25      17.3G      1.108     0.9279      1.199       1259        640:  23%|██▎       | 23/102 [10:20<32:47, 24.91s/it]
       6/25      17.3G      1.108     0.9279      1.199       1259        640:  24%|██▎       | 24/102 [10:20<31:32, 24.26s/it]
       6/25      17.3G      1.107     0.9266      1.198        978        640:  24%|██▎       | 24/102 [10:47<31:32, 24.26s/it]
       6/25      17.3G      1.107     0.9266      1.198        978        640:  25%|██▍       | 25/102 [10:47<31:51, 24.82s/it]
       6/25      17.3G      1.108     0.9292        1.2        924        640:  25%|██▍       | 25/102 [11:11<31:51, 24.82s/it]
       6/25      17.3G      1.108     0.9292        1.2        924        640:  25%|██▌       | 26/102 [11:11<31:21, 24.76s/it]
       6/25      17.3G      1.109     0.9304      1.202        801        640:  25%|██▌       | 26/102 [11:33<31:21, 24.76s/it]
       6/25      17.3G      1.109     0.9304      1.202        801        640:  26%|██▋       | 27/102 [11:33<29:50, 23.88s/it]
       6/25      18.3G      1.109     0.9291      1.202       1183        640:  26%|██▋       | 27/102 [11:58<29:50, 23.88s/it]
       6/25      18.3G      1.109     0.9291      1.202       1183        640:  27%|██▋       | 28/102 [11:58<29:51, 24.21s/it]
       6/25      18.3G      1.111      0.929      1.203        895        640:  27%|██▋       | 28/102 [12:20<29:51, 24.21s/it]
       6/25      18.3G      1.111      0.929      1.203        895        640:  28%|██▊       | 29/102 [12:20<28:46, 23.65s/it]
       6/25      18.3G      1.112     0.9287      1.202       1173        640:  28%|██▊       | 29/102 [12:43<28:46, 23.65s/it]
       6/25      18.3G      1.112     0.9287      1.202       1173        640:  29%|██▉       | 30/102 [12:43<28:08, 23.45s/it]
       6/25      18.3G      1.112     0.9289      1.203        979        640:  29%|██▉       | 30/102 [13:07<28:08, 23.45s/it]
       6/25      18.3G      1.112     0.9289      1.203        979        640:  30%|███       | 31/102 [13:07<27:50, 23.54s/it]
       6/25      18.3G      1.113     0.9294      1.203       1194        640:  30%|███       | 31/102 [13:31<27:50, 23.54s/it]
       6/25      18.3G      1.113     0.9294      1.203       1194        640:  31%|███▏      | 32/102 [13:31<27:29, 23.57s/it]
       6/25      18.3G       1.11     0.9274      1.202        925        640:  31%|███▏      | 32/102 [13:53<27:29, 23.57s/it]
       6/25      18.3G       1.11     0.9274      1.202        925        640:  32%|███▏      | 33/102 [13:53<26:49, 23.33s/it]
       6/25      18.3G      1.109     0.9265      1.202        929        640:  32%|███▏      | 33/102 [14:18<26:49, 23.33s/it]
       6/25      18.3G      1.109     0.9265      1.202        929        640:  33%|███▎      | 34/102 [14:18<26:48, 23.66s/it]
       6/25      18.3G       1.11     0.9267      1.202       1005        640:  33%|███▎      | 34/102 [14:47<26:48, 23.66s/it]
       6/25      18.3G       1.11     0.9267      1.202       1005        640:  34%|███▍      | 35/102 [14:47<28:08, 25.20s/it]
       6/25      18.3G       1.11     0.9255      1.203       1125        640:  34%|███▍      | 35/102 [15:16<28:08, 25.20s/it]
       6/25      18.3G       1.11     0.9255      1.203       1125        640:  35%|███▌      | 36/102 [15:16<29:12, 26.55s/it]
       6/25      18.3G       1.11      0.927      1.203       1048        640:  35%|███▌      | 36/102 [15:38<29:12, 26.55s/it]
       6/25      18.3G       1.11      0.927      1.203       1048        640:  36%|███▋      | 37/102 [15:38<27:16, 25.18s/it]
       6/25      18.3G      1.111     0.9258      1.203       1263        640:  36%|███▋      | 37/102 [16:07<27:16, 25.18s/it]
       6/25      18.3G      1.111     0.9258      1.203       1263        640:  37%|███▋      | 38/102 [16:07<27:49, 26.08s/it]
       6/25      18.3G      1.111     0.9246      1.202       1184        640:  37%|███▋      | 38/102 [16:28<27:49, 26.08s/it]
       6/25      18.3G      1.111     0.9246      1.202       1184        640:  38%|███▊      | 39/102 [16:28<26:00, 24.77s/it]
       6/25      18.3G       1.11      0.922        1.2       1182        640:  38%|███▊      | 39/102 [16:55<26:00, 24.77s/it]
       6/25      18.3G       1.11      0.922        1.2       1182        640:  39%|███▉      | 40/102 [16:55<26:11, 25.34s/it]
       6/25      18.3G      1.109     0.9207        1.2       1061        640:  39%|███▉      | 40/102 [17:18<26:11, 25.34s/it]
       6/25      18.3G      1.109     0.9207        1.2       1061        640:  40%|████      | 41/102 [17:18<24:56, 24.53s/it]
       6/25      18.3G      1.109     0.9197      1.199       1198        640:  40%|████      | 41/102 [17:45<24:56, 24.53s/it]
       6/25      18.3G      1.109     0.9197      1.199       1198        640:  41%|████      | 42/102 [17:45<25:22, 25.38s/it]
       6/25      18.3G      1.108     0.9186      1.199       1054        640:  41%|████      | 42/102 [18:14<25:22, 25.38s/it]
       6/25      18.3G      1.108     0.9186      1.199       1054        640:  42%|████▏     | 43/102 [18:14<26:05, 26.54s/it]
       6/25      18.3G      1.108      0.917      1.197       1165        640:  42%|████▏     | 43/102 [18:42<26:05, 26.54s/it]
       6/25      18.3G      1.108      0.917      1.197       1165        640:  43%|████▎     | 44/102 [18:42<25:55, 26.81s/it]
       6/25      18.3G      1.108     0.9166      1.197       1104        640:  43%|████▎     | 44/102 [19:15<25:55, 26.81s/it]
       6/25      18.3G      1.108     0.9166      1.197       1104        640:  44%|████▍     | 45/102 [19:15<27:16, 28.71s/it]
       6/25      18.3G      1.108     0.9154      1.196       1056        640:  44%|████▍     | 45/102 [19:46<27:16, 28.71s/it]
       6/25      18.3G      1.108     0.9154      1.196       1056        640:  45%|████▌     | 46/102 [19:46<27:29, 29.46s/it]
       6/25      18.3G      1.107     0.9152      1.196       1072        640:  45%|████▌     | 46/102 [20:10<27:29, 29.46s/it]
       6/25      18.3G      1.107     0.9152      1.196       1072        640:  46%|████▌     | 47/102 [20:10<25:24, 27.72s/it]
       6/25      18.3G      1.107     0.9149      1.196        909        640:  46%|████▌     | 47/102 [20:39<25:24, 27.72s/it]
       6/25      18.3G      1.107     0.9149      1.196        909        640:  47%|████▋     | 48/102 [20:39<25:21, 28.18s/it]
       6/25      18.3G      1.107      0.915      1.196        947        640:  47%|████▋     | 48/102 [21:02<25:21, 28.18s/it]
       6/25      18.3G      1.107      0.915      1.196        947        640:  48%|████▊     | 49/102 [21:02<23:32, 26.64s/it]
       6/25      18.3G      1.106     0.9155      1.197        981        640:  48%|████▊     | 49/102 [21:28<23:32, 26.64s/it]
       6/25      18.3G      1.106     0.9155      1.197        981        640:  49%|████▉     | 50/102 [21:28<22:59, 26.53s/it]
       6/25      18.3G      1.107     0.9162      1.196       1146        640:  49%|████▉     | 50/102 [21:55<22:59, 26.53s/it]
       6/25      18.3G      1.107     0.9162      1.196       1146        640:  50%|█████     | 51/102 [21:55<22:35, 26.58s/it]
       6/25      18.3G      1.107      0.916      1.196       1191        640:  50%|█████     | 51/102 [22:19<22:35, 26.58s/it]
       6/25      18.3G      1.107      0.916      1.196       1191        640:  51%|█████     | 52/102 [22:19<21:38, 25.96s/it]
       6/25      18.3G      1.108     0.9156      1.196       1051        640:  51%|█████     | 52/102 [22:47<21:38, 25.96s/it]
       6/25      18.3G      1.108     0.9156      1.196       1051        640:  52%|█████▏    | 53/102 [22:47<21:40, 26.55s/it]
       6/25      18.3G      1.108     0.9154      1.196       1132        640:  52%|█████▏    | 53/102 [23:16<21:40, 26.55s/it]
       6/25      18.3G      1.108     0.9154      1.196       1132        640:  53%|█████▎    | 54/102 [23:16<21:43, 27.15s/it]
       6/25      18.3G      1.108     0.9145      1.195       1277        640:  53%|█████▎    | 54/102 [23:42<21:43, 27.15s/it]
       6/25      18.3G      1.108     0.9145      1.195       1277        640:  54%|█████▍    | 55/102 [23:42<20:58, 26.77s/it]
       6/25      18.3G      1.107     0.9141      1.195        993        640:  54%|█████▍    | 55/102 [24:05<20:58, 26.77s/it]
       6/25      18.3G      1.107     0.9141      1.195        993        640:  55%|█████▍    | 56/102 [24:05<19:49, 25.85s/it]
       6/25      18.3G      1.108     0.9131      1.195       1259        640:  55%|█████▍    | 56/102 [24:31<19:49, 25.85s/it]
       6/25      18.3G      1.108     0.9131      1.195       1259        640:  56%|█████▌    | 57/102 [24:31<19:20, 25.79s/it]
       6/25      18.3G      1.109     0.9138      1.195       1085        640:  56%|█████▌    | 57/102 [24:54<19:20, 25.79s/it]
       6/25      18.3G      1.109     0.9138      1.195       1085        640:  57%|█████▋    | 58/102 [24:54<18:22, 25.05s/it]
       6/25      18.3G      1.108     0.9133      1.194       1186        640:  57%|█████▋    | 58/102 [25:18<18:22, 25.05s/it]
       6/25      18.3G      1.108     0.9133      1.194       1186        640:  58%|█████▊    | 59/102 [25:18<17:42, 24.70s/it]
       6/25      18.3G      1.108     0.9131      1.194       1049        640:  58%|█████▊    | 59/102 [25:42<17:42, 24.70s/it]
       6/25      18.3G      1.108     0.9131      1.194       1049        640:  59%|█████▉    | 60/102 [25:42<17:08, 24.49s/it]
       6/25      18.3G      1.108     0.9127      1.193       1189        640:  59%|█████▉    | 60/102 [26:06<17:08, 24.49s/it]
       6/25      18.3G      1.108     0.9127      1.193       1189        640:  60%|█████▉    | 61/102 [26:06<16:40, 24.39s/it]
       6/25      18.3G      1.108     0.9123      1.193       1239        640:  60%|█████▉    | 61/102 [26:31<16:40, 24.39s/it]
       6/25      18.3G      1.108     0.9123      1.193       1239        640:  61%|██████    | 62/102 [26:31<16:16, 24.40s/it]
       6/25      18.3G      1.108     0.9111      1.192       1327        640:  61%|██████    | 62/102 [26:56<16:16, 24.40s/it]
       6/25      18.3G      1.108     0.9111      1.192       1327        640:  62%|██████▏   | 63/102 [26:56<15:59, 24.61s/it]
       6/25      18.3G      1.108     0.9115      1.192       1228        640:  62%|██████▏   | 63/102 [27:21<15:59, 24.61s/it]
       6/25      18.3G      1.108     0.9115      1.192       1228        640:  63%|██████▎   | 64/102 [27:21<15:41, 24.79s/it]
       6/25      18.3G      1.108     0.9108      1.192       1335        640:  63%|██████▎   | 64/102 [27:51<15:41, 24.79s/it]
       6/25      18.3G      1.108     0.9108      1.192       1335        640:  64%|██████▎   | 65/102 [27:51<16:13, 26.32s/it]
       6/25      18.3G      1.108     0.9109      1.191       1282        640:  64%|██████▎   | 65/102 [28:16<16:13, 26.32s/it]
       6/25      18.3G      1.108     0.9109      1.191       1282        640:  65%|██████▍   | 66/102 [28:16<15:27, 25.76s/it]
       6/25      18.3G      1.108     0.9105       1.19       1282        640:  65%|██████▍   | 66/102 [28:41<15:27, 25.76s/it]
       6/25      18.3G      1.108     0.9105       1.19       1282        640:  66%|██████▌   | 67/102 [28:41<15:01, 25.77s/it]
       6/25      18.3G      1.107     0.9105       1.19        997        640:  66%|██████▌   | 67/102 [29:08<15:01, 25.77s/it]
       6/25      18.3G      1.107     0.9105       1.19        997        640:  67%|██████▋   | 68/102 [29:08<14:40, 25.90s/it]
       6/25      18.3G      1.107     0.9103       1.19       1203        640:  67%|██████▋   | 68/102 [29:35<14:40, 25.90s/it]
       6/25      18.3G      1.107     0.9103       1.19       1203        640:  68%|██████▊   | 69/102 [29:35<14:34, 26.51s/it]
       6/25      18.3G      1.106      0.909       1.19       1084        640:  68%|██████▊   | 69/102 [30:00<14:34, 26.51s/it]
       6/25      18.3G      1.106      0.909       1.19       1084        640:  69%|██████▊   | 70/102 [30:00<13:52, 26.02s/it]
       6/25      18.3G      1.106     0.9085       1.19       1186        640:  69%|██████▊   | 70/102 [30:32<13:52, 26.02s/it]
       6/25      18.3G      1.106     0.9085       1.19       1186        640:  70%|██████▉   | 71/102 [30:32<14:16, 27.63s/it]
       6/25      18.3G      1.106     0.9077       1.19       1070        640:  70%|██████▉   | 71/102 [31:01<14:16, 27.63s/it]
       6/25      18.3G      1.106     0.9077       1.19       1070        640:  71%|███████   | 72/102 [31:01<14:06, 28.20s/it]
       6/25      19.5G      1.107     0.9081       1.19       1466        640:  71%|███████   | 72/102 [31:26<14:06, 28.20s/it]
       6/25      19.5G      1.107     0.9081       1.19       1466        640:  72%|███████▏  | 73/102 [31:26<13:08, 27.18s/it]
       6/25      19.5G      1.106     0.9067      1.189       1161        640:  72%|███████▏  | 73/102 [31:50<13:08, 27.18s/it]
       6/25      19.5G      1.106     0.9067      1.189       1161        640:  73%|███████▎  | 74/102 [31:50<12:16, 26.31s/it]
       6/25      19.5G      1.107     0.9073      1.189       1186        640:  73%|███████▎  | 74/102 [32:18<12:16, 26.31s/it]
       6/25      19.5G      1.107     0.9073      1.189       1186        640:  74%|███████▎  | 75/102 [32:18<12:03, 26.81s/it]
       6/25      19.5G      1.107     0.9075       1.19       1092        640:  74%|███████▎  | 75/102 [32:46<12:03, 26.81s/it]
       6/25      19.5G      1.107     0.9075       1.19       1092        640:  75%|███████▍  | 76/102 [32:46<11:46, 27.19s/it]
       6/25      19.5G      1.107     0.9067      1.189       1252        640:  75%|███████▍  | 76/102 [33:11<11:46, 27.19s/it]
       6/25      19.5G      1.107     0.9067      1.189       1252        640:  75%|███████▌  | 77/102 [33:11<10:57, 26.31s/it]
       6/25      19.5G      1.106      0.906      1.189       1080        640:  75%|███████▌  | 77/102 [33:35<10:57, 26.31s/it]
       6/25      19.5G      1.106      0.906      1.189       1080        640:  76%|███████▋  | 78/102 [33:35<10:17, 25.72s/it]
       6/25      19.5G      1.106     0.9057      1.189       1145        640:  76%|███████▋  | 78/102 [34:01<10:17, 25.72s/it]
       6/25      19.5G      1.106     0.9057      1.189       1145        640:  77%|███████▋  | 79/102 [34:01<09:50, 25.66s/it]
       6/25      19.5G      1.106     0.9059      1.189        970        640:  77%|███████▋  | 79/102 [34:32<09:50, 25.66s/it]
       6/25      19.5G      1.106     0.9059      1.189        970        640:  78%|███████▊  | 80/102 [34:32<10:03, 27.45s/it]
       6/25      19.5G      1.106     0.9057      1.189       1070        640:  78%|███████▊  | 80/102 [35:00<10:03, 27.45s/it]
       6/25      19.5G      1.106     0.9057      1.189       1070        640:  79%|███████▉  | 81/102 [35:00<09:37, 27.49s/it]
       6/25      19.5G      1.105     0.9052      1.189       1087        640:  79%|███████▉  | 81/102 [35:28<09:37, 27.49s/it]
       6/25      19.5G      1.105     0.9052      1.189       1087        640:  80%|████████  | 82/102 [35:28<09:12, 27.63s/it]
       6/25      19.5G      1.105     0.9053      1.188       1102        640:  80%|████████  | 82/102 [35:56<09:12, 27.63s/it]
       6/25      19.5G      1.105     0.9053      1.188       1102        640:  81%|████████▏ | 83/102 [35:56<08:49, 27.87s/it]
       6/25      19.5G      1.105     0.9053      1.188       1143        640:  81%|████████▏ | 83/102 [36:29<08:49, 27.87s/it]
       6/25      19.5G      1.105     0.9053      1.188       1143        640:  82%|████████▏ | 84/102 [36:29<08:47, 29.29s/it]
       6/25      19.5G      1.105     0.9055      1.187       1235        640:  82%|████████▏ | 84/102 [36:55<08:47, 29.29s/it]
       6/25      19.5G      1.105     0.9055      1.187       1235        640:  83%|████████▎ | 85/102 [36:55<08:01, 28.33s/it]
       6/25      19.5G      1.105     0.9054      1.187       1197        640:  83%|████████▎ | 85/102 [37:19<08:01, 28.33s/it]
       6/25      19.5G      1.105     0.9054      1.187       1197        640:  84%|████████▍ | 86/102 [37:19<07:13, 27.12s/it]
       6/25      19.5G      1.106     0.9066      1.188       1066        640:  84%|████████▍ | 86/102 [37:45<07:13, 27.12s/it]
       6/25      19.5G      1.106     0.9066      1.188       1066        640:  85%|████████▌ | 87/102 [37:45<06:42, 26.83s/it]
       6/25      19.5G      1.106     0.9068      1.188       1034        640:  85%|████████▌ | 87/102 [38:12<06:42, 26.83s/it]
       6/25      19.5G      1.106     0.9068      1.188       1034        640:  86%|████████▋ | 88/102 [38:12<06:15, 26.83s/it]
       6/25      19.5G      1.106     0.9073      1.188       1107        640:  86%|████████▋ | 88/102 [38:39<06:15, 26.83s/it]
       6/25      19.5G      1.106     0.9073      1.188       1107        640:  87%|████████▋ | 89/102 [38:39<05:49, 26.89s/it]
       6/25      19.5G      1.107     0.9084      1.188       1109        640:  87%|████████▋ | 89/102 [39:05<05:49, 26.89s/it]
       6/25      19.5G      1.107     0.9084      1.188       1109        640:  88%|████████▊ | 90/102 [39:05<05:18, 26.52s/it]
       6/25      19.5G      1.107     0.9085      1.188       1018        640:  88%|████████▊ | 90/102 [39:34<05:18, 26.52s/it]
       6/25      19.5G      1.107     0.9085      1.188       1018        640:  89%|████████▉ | 91/102 [39:34<05:01, 27.38s/it]
       6/25      19.5G      1.107     0.9085      1.188       1324        640:  89%|████████▉ | 91/102 [40:03<05:01, 27.38s/it]
       6/25      19.5G      1.107     0.9085      1.188       1324        640:  90%|█████████ | 92/102 [40:03<04:38, 27.84s/it]
       6/25      20.8G      1.107     0.9088      1.188       1187        640:  90%|█████████ | 92/102 [40:29<04:38, 27.84s/it]
       6/25      20.8G      1.107     0.9088      1.188       1187        640:  91%|█████████ | 93/102 [40:29<04:04, 27.20s/it]
       6/25      20.8G      1.107     0.9087      1.188       1238        640:  91%|█████████ | 93/102 [40:54<04:04, 27.20s/it]
       6/25      20.8G      1.107     0.9087      1.188       1238        640:  92%|█████████▏| 94/102 [40:54<03:33, 26.70s/it]
       6/25      20.8G      1.107     0.9085      1.188        995        640:  92%|█████████▏| 94/102 [41:19<03:33, 26.70s/it]
       6/25      20.8G      1.107     0.9085      1.188        995        640:  93%|█████████▎| 95/102 [41:19<03:02, 26.14s/it]
       6/25      20.8G      1.107     0.9084      1.188       1162        640:  93%|█████████▎| 95/102 [41:51<03:02, 26.14s/it]
       6/25      20.8G      1.107     0.9084      1.188       1162        640:  94%|█████████▍| 96/102 [41:51<02:46, 27.77s/it]
       6/25      20.8G      1.108      0.909      1.188       1113        640:  94%|█████████▍| 96/102 [42:18<02:46, 27.77s/it]
       6/25      20.8G      1.108      0.909      1.188       1113        640:  95%|█████████▌| 97/102 [42:18<02:18, 27.66s/it]
       6/25      20.8G      1.107     0.9085      1.188        897        640:  95%|█████████▌| 97/102 [42:44<02:18, 27.66s/it]
       6/25      20.8G      1.107     0.9085      1.188        897        640:  96%|█████████▌| 98/102 [42:44<01:47, 26.98s/it]
       6/25      20.8G      1.107     0.9083      1.188       1080        640:  96%|█████████▌| 98/102 [43:09<01:47, 26.98s/it]
       6/25      20.8G      1.107     0.9083      1.188       1080        640:  97%|█████████▋| 99/102 [43:09<01:19, 26.38s/it]
       6/25      20.8G      1.106     0.9078      1.188       1056        640:  97%|█████████▋| 99/102 [43:32<01:19, 26.38s/it]
       6/25      20.8G      1.106     0.9078      1.188       1056        640:  98%|█████████▊| 100/102 [43:32<00:50, 25.45s/it]
       6/25      20.8G      1.106     0.9076      1.187       1189        640:  98%|█████████▊| 100/102 [43:58<00:50, 25.45s/it]
       6/25      20.8G      1.106     0.9076      1.187       1189        640:  99%|█████████▉| 101/102 [43:58<00:25, 25.79s/it]
       6/25      20.8G      1.106     0.9083      1.187        270        640:  99%|█████████▉| 101/102 [44:07<00:25, 25.79s/it]
       6/25      20.8G      1.106     0.9083      1.187        270        640: 100%|██████████| 102/102 [44:07<00:00, 20.54s/it]
       6/25      20.8G      1.106     0.9083      1.187        270        640: 100%|██████████| 102/102 [44:07<00:00, 25.95s/it]

                 Class     Images  Instances      Box(P          R      mAP50  mAP50-95):   0%|          | 0/13 [00:00<?, ?it/s]
                 Class     Images  Instances      Box(P          R      mAP50  mAP50-95):   8%|▊         | 1/13 [00:00<00:04,  2.89it/s]
                 Class     Images  Instances      Box(P          R      mAP50  mAP50-95):  15%|█▌        | 2/13 [00:00<00:04,  2.74it/s]
                 Class     Images  Instances      Box(P          R      mAP50  mAP50-95):  23%|██▎       | 3/13 [00:01<00:03,  2.86it/s]
                 Class     Images  Instances      Box(P          R      mAP50  mAP50-95):  31%|███       | 4/13 [00:01<00:03,  2.95it/s]
                 Class     Images  Instances      Box(P          R      mAP50  mAP50-95):  38%|███▊      | 5/13 [02:13<06:24, 48.04s/it]
                 Class     Images  Instances      Box(P          R      mAP50  mAP50-95):  46%|████▌     | 6/13 [02:14<03:42, 31.81s/it]
                 Class     Images  Instances      Box(P          R      mAP50  mAP50-95):  54%|█████▍    | 7/13 [03:43<05:02, 50.44s/it]
                 Class     Images  Instances      Box(P          R      mAP50  mAP50-95):  62%|██████▏   | 8/13 [03:43<02:52, 34.48s/it]
                 Class     Images  Instances      Box(P          R      mAP50  mAP50-95):  69%|██████▉   | 9/13 [05:15<03:29, 52.44s/it]
                 Class     Images  Instances      Box(P          R      mAP50  mAP50-95):  77%|███████▋  | 10/13 [05:15<01:49, 36.34s/it]
                 Class     Images  Instances      Box(P          R      mAP50  mAP50-95):  85%|████████▍ | 11/13 [06:49<01:47, 53.92s/it]
                 Class     Images  Instances      Box(P          R      mAP50  mAP50-95):  92%|█████████▏| 12/13 [06:49<00:37, 37.61s/it]
                 Class     Images  Instances      Box(P          R      mAP50  mAP50-95): 100%|██████████| 13/13 [07:22<00:00, 36.08s/it]
                 Class     Images  Instances      Box(P          R      mAP50  mAP50-95): 100%|██████████| 13/13 [07:22<00:00, 34.02s/it]
                   all       1620      15401      0.542      0.387      0.401      0.239

      Epoch    GPU_mem   box_loss   cls_loss   dfl_loss  Instances       Size

  0%|          | 0/102 [00:00<?, ?it/s]
       7/25      16.5G      1.058     0.8756      1.143        999        640:   0%|          | 0/102 [00:00<?, ?it/s]
       7/25      16.5G      1.058     0.8756      1.143        999        640:   1%|          | 1/102 [00:00<00:18,  5.37it/s]
       7/25      16.5G      1.102     0.9128      1.172       1001        640:   1%|          | 1/102 [00:00<00:18,  5.37it/s]
       7/25      16.5G      1.102     0.9128      1.172       1001        640:   2%|▏         | 2/102 [00:00<00:17,  5.60it/s]
       7/25      16.5G      1.097     0.9122      1.179        903        640:   2%|▏         | 2/102 [01:00<00:17,  5.60it/s]
       7/25      16.5G      1.097     0.9122      1.179        903        640:   3%|▎         | 3/102 [01:00<45:47, 27.75s/it]
       7/25      16.5G      1.098     0.9014      1.178       1062        640:   3%|▎         | 3/102 [01:48<45:47, 27.75s/it]
       7/25      16.5G      1.098     0.9014      1.178       1062        640:   4%|▍         | 4/102 [01:48<57:57, 35.49s/it]
       7/25      16.5G      1.098      0.896      1.174       1107        640:   4%|▍         | 4/102 [02:32<57:57, 35.49s/it]
       7/25      16.5G      1.098      0.896      1.174       1107        640:   5%|▍         | 5/102 [02:32<1:02:14, 38.50s/it]
       7/25      16.5G      1.095      0.887      1.167       1304        640:   5%|▍         | 5/102 [03:02<1:02:14, 38.50s/it]
       7/25      16.5G      1.095      0.887      1.167       1304        640:   6%|▌         | 6/102 [03:02<57:12, 35.76s/it]
       7/25      16.5G      1.091     0.8827      1.164       1140        640:   6%|▌         | 6/102 [03:28<57:12, 35.76s/it]
       7/25      16.5G      1.091     0.8827      1.164       1140        640:   7%|▋         | 7/102 [03:28<51:23, 32.46s/it]
       7/25      17.2G       1.09     0.8757      1.163       1166        640:   7%|▋         | 7/102 [03:54<51:23, 32.46s/it]
       7/25      17.2G       1.09     0.8757      1.163       1166        640:   8%|▊         | 8/102 [03:54<48:00, 30.65s/it]
       7/25      17.2G      1.092     0.8803      1.163       1055        640:   8%|▊         | 8/102 [04:22<48:00, 30.65s/it]
       7/25      17.2G      1.092     0.8803      1.163       1055        640:   9%|▉         | 9/102 [04:22<46:07, 29.76s/it]
       7/25      17.2G      1.095      0.882      1.163       1146        640:   9%|▉         | 9/102 [04:49<46:07, 29.76s/it]
       7/25      17.2G      1.095      0.882      1.163       1146        640:  10%|▉         | 10/102 [04:49<44:03, 28.73s/it]
       7/25      17.2G      1.091     0.8762      1.162        985        640:  10%|▉         | 10/102 [05:16<44:03, 28.73s/it]
       7/25      17.2G      1.091     0.8762      1.162        985        640:  11%|█         | 11/102 [05:16<43:00, 28.36s/it]
       7/25      17.2G      1.089     0.8764       1.16       1064        640:  11%|█         | 11/102 [05:46<43:00, 28.36s/it]
       7/25      17.2G      1.089     0.8764       1.16       1064        640:  12%|█▏        | 12/102 [05:46<43:07, 28.75s/it]
       7/25      17.2G      1.089     0.8759       1.16       1218        640:  12%|█▏        | 12/102 [06:15<43:07, 28.75s/it]
       7/25      17.2G      1.089     0.8759       1.16       1218        640:  13%|█▎        | 13/102 [06:15<42:40, 28.76s/it]
       7/25      17.2G      1.089     0.8788      1.163        967        640:  13%|█▎        | 13/102 [06:40<42:40, 28.76s/it]
       7/25      17.2G      1.089     0.8788      1.163        967        640:  14%|█▎        | 14/102 [06:40<40:50, 27.85s/it]
       7/25      17.2G      1.087     0.8777      1.162       1037        640:  14%|█▎        | 14/102 [07:05<40:50, 27.85s/it]
       7/25      17.2G      1.087     0.8777      1.162       1037        640:  15%|█▍        | 15/102 [07:05<38:55, 26.84s/it]
       7/25      17.2G      1.086     0.8762      1.164       1072        640:  15%|█▍        | 15/102 [07:31<38:55, 26.84s/it]
       7/25      17.2G      1.086     0.8762      1.164       1072        640:  16%|█▌        | 16/102 [07:31<37:56, 26.47s/it]
       7/25      17.2G      1.087      0.875      1.165       1259        640:  16%|█▌        | 16/102 [07:56<37:56, 26.47s/it]
       7/25      17.2G      1.087      0.875      1.165       1259        640:  17%|█▋        | 17/102 [07:56<37:06, 26.19s/it]
       7/25      17.2G      1.091     0.8781      1.167       1091        640:  17%|█▋        | 17/102 [08:22<37:06, 26.19s/it]
       7/25      17.2G      1.091     0.8781      1.167       1091        640:  18%|█▊        | 18/102 [08:22<36:31, 26.09s/it]
       7/25      17.2G      1.092     0.8765      1.167       1099        640:  18%|█▊        | 18/102 [08:51<36:31, 26.09s/it]
       7/25      17.2G      1.092     0.8765      1.167       1099        640:  19%|█▊        | 19/102 [08:51<37:25, 27.05s/it]
       7/25      17.2G       1.09     0.8739      1.167       1077        640:  19%|█▊        | 19/102 [09:19<37:25, 27.05s/it]
       7/25      17.2G       1.09     0.8739      1.167       1077        640:  20%|█▉        | 20/102 [09:19<37:23, 27.35s/it]
       7/25      17.2G       1.09     0.8736      1.167       1069        640:  20%|█▉        | 20/102 [09:46<37:23, 27.35s/it]
       7/25      17.2G       1.09     0.8736      1.167       1069        640:  21%|██        | 21/102 [09:46<36:33, 27.08s/it]
       7/25      17.2G       1.09     0.8735      1.166       1252        640:  21%|██        | 21/102 [10:14<36:33, 27.08s/it]
       7/25      17.2G       1.09     0.8735      1.166       1252        640:  22%|██▏       | 22/102 [10:14<36:31, 27.39s/it]
       7/25      17.2G       1.09     0.8723      1.166        985        640:  22%|██▏       | 22/102 [10:39<36:31, 27.39s/it]
       7/25      17.2G       1.09     0.8723      1.166        985        640:  23%|██▎       | 23/102 [10:39<35:20, 26.84s/it]
       7/25      17.2G       1.09     0.8713      1.167       1079        640:  23%|██▎       | 23/102 [11:04<35:20, 26.84s/it]
       7/25      17.2G       1.09     0.8713      1.167       1079        640:  24%|██▎       | 24/102 [11:04<34:02, 26.19s/it]
       7/25      17.2G      1.088     0.8696      1.166       1164        640:  24%|██▎       | 24/102 [11:32<34:02, 26.19s/it]
       7/25      17.2G      1.088     0.8696      1.166       1164        640:  25%|██▍       | 25/102 [11:32<34:11, 26.64s/it]
       7/25      17.2G      1.089     0.8706      1.167       1083        640:  25%|██▍       | 25/102 [11:56<34:11, 26.64s/it]
       7/25      17.2G      1.089     0.8706      1.167       1083        640:  25%|██▌       | 26/102 [11:56<32:41, 25.81s/it]
       7/25      17.2G      1.089     0.8716      1.166       1236        640:  25%|██▌       | 26/102 [12:20<32:41, 25.81s/it]
       7/25      17.2G      1.089     0.8716      1.166       1236        640:  26%|██▋       | 27/102 [12:20<31:43, 25.37s/it]
       7/25      17.2G       1.09     0.8735      1.168       1120        640:  26%|██▋       | 27/102 [12:46<31:43, 25.37s/it]
       7/25      17.2G       1.09     0.8735      1.168       1120        640:  27%|██▋       | 28/102 [12:46<31:41, 25.70s/it]
       7/25      18.1G      1.091     0.8731      1.168       1260        640:  27%|██▋       | 28/102 [13:09<31:41, 25.70s/it]
       7/25      18.1G      1.091     0.8731      1.168       1260        640:  28%|██▊       | 29/102 [13:09<29:59, 24.65s/it]
       7/25      18.1G      1.091     0.8742      1.169        983        640:  28%|██▊       | 29/102 [13:32<29:59, 24.65s/it]
       7/25      18.1G      1.091     0.8742      1.169        983        640:  29%|██▉       | 30/102 [13:32<29:02, 24.20s/it]
       7/25      18.1G       1.09     0.8743       1.17        926        640:  29%|██▉       | 30/102 [13:54<29:02, 24.20s/it]
       7/25      18.1G       1.09     0.8743       1.17        926        640:  30%|███       | 31/102 [13:54<27:49, 23.52s/it]
       7/25      18.1G      1.091     0.8755       1.17       1116        640:  30%|███       | 31/102 [14:19<27:49, 23.52s/it]
       7/25      18.1G      1.091     0.8755       1.17       1116        640:  31%|███▏      | 32/102 [14:19<27:54, 23.93s/it]
       7/25      18.1G      1.094     0.8768      1.171       1245        640:  31%|███▏      | 32/102 [14:43<27:54, 23.93s/it]
       7/25      18.1G      1.094     0.8768      1.171       1245        640:  32%|███▏      | 33/102 [14:43<27:48, 24.19s/it]
       7/25      18.1G      1.092     0.8757       1.17        960        640:  32%|███▏      | 33/102 [15:12<27:48, 24.19s/it]
       7/25      18.1G      1.092     0.8757       1.17        960        640:  33%|███▎      | 34/102 [15:12<28:45, 25.38s/it]
       7/25      18.1G      1.091     0.8754       1.17        939        640:  33%|███▎      | 34/102 [15:36<28:45, 25.38s/it]
       7/25      18.1G      1.091     0.8754       1.17        939        640:  34%|███▍      | 35/102 [15:36<27:52, 24.96s/it]
       7/25      18.1G       1.09      0.875       1.17       1051        640:  34%|███▍      | 35/102 [16:04<27:52, 24.96s/it]
       7/25      18.1G       1.09      0.875       1.17       1051        640:  35%|███▌      | 36/102 [16:04<28:30, 25.92s/it]
       7/25      18.1G      1.089     0.8759       1.17        898        640:  35%|███▌      | 36/102 [16:29<28:30, 25.92s/it]
       7/25      18.1G      1.089     0.8759       1.17        898        640:  36%|███▋      | 37/102 [16:29<27:59, 25.84s/it]
       7/25      18.1G       1.09     0.8761       1.17       1060        640:  36%|███▋      | 37/102 [16:54<27:59, 25.84s/it]
       7/25      18.1G       1.09     0.8761       1.17       1060        640:  37%|███▋      | 38/102 [16:54<27:19, 25.61s/it]
       7/25      18.1G      1.089     0.8758      1.171       1019        640:  37%|███▋      | 38/102 [17:20<27:19, 25.61s/it]
       7/25      18.1G      1.089     0.8758      1.171       1019        640:  38%|███▊      | 39/102 [17:20<27:01, 25.74s/it]
       7/25      18.1G       1.09     0.8768      1.171        982        640:  38%|███▊      | 39/102 [17:48<27:01, 25.74s/it]
       7/25      18.1G       1.09     0.8768      1.171        982        640:  39%|███▉      | 40/102 [17:48<27:00, 26.13s/it]
       7/25      18.1G      1.088     0.8751       1.17       1227        640:  39%|███▉      | 40/102 [18:12<27:00, 26.13s/it]
       7/25      18.1G      1.088     0.8751       1.17       1227        640:  40%|████      | 41/102 [18:12<26:10, 25.74s/it]
       7/25      18.1G      1.089     0.8751       1.17       1038        640:  40%|████      | 41/102 [18:41<26:10, 25.74s/it]
       7/25      18.1G      1.089     0.8751       1.17       1038        640:  41%|████      | 42/102 [18:41<26:43, 26.73s/it]
       7/25      18.1G      1.088     0.8749       1.17       1128        640:  41%|████      | 42/102 [19:07<26:43, 26.73s/it]
       7/25      18.1G      1.088     0.8749       1.17       1128        640:  42%|████▏     | 43/102 [19:07<25:55, 26.36s/it]
       7/25      18.1G      1.088     0.8751       1.17       1102        640:  42%|████▏     | 43/102 [19:36<25:55, 26.36s/it]
       7/25      18.1G      1.088     0.8751       1.17       1102        640:  43%|████▎     | 44/102 [19:36<26:12, 27.12s/it]
       7/25      18.1G      1.086     0.8732       1.17       1137        640:  43%|████▎     | 44/102 [20:00<26:12, 27.12s/it]
       7/25      18.1G      1.086     0.8732       1.17       1137        640:  44%|████▍     | 45/102 [20:00<25:02, 26.36s/it]
       7/25      18.1G      1.087     0.8736      1.171       1108        640:  44%|████▍     | 45/102 [20:28<25:02, 26.36s/it]
       7/25      18.1G      1.087     0.8736      1.171       1108        640:  45%|████▌     | 46/102 [20:28<25:04, 26.87s/it]
       7/25      18.1G      1.087     0.8745      1.171       1173        640:  45%|████▌     | 46/102 [20:57<25:04, 26.87s/it]
       7/25      18.1G      1.087     0.8745      1.171       1173        640:  46%|████▌     | 47/102 [20:57<25:00, 27.28s/it]
       7/25      18.1G      1.087     0.8738      1.172       1110        640:  46%|████▌     | 47/102 [21:24<25:00, 27.28s/it]
       7/25      18.1G      1.087     0.8738      1.172       1110        640:  47%|████▋     | 48/102 [21:24<24:38, 27.39s/it]
       7/25      18.1G      1.088     0.8749      1.172       1070        640:  47%|████▋     | 48/102 [21:49<24:38, 27.39s/it]
       7/25      18.1G      1.088     0.8749      1.172       1070        640:  48%|████▊     | 49/102 [21:49<23:26, 26.53s/it]
       7/25      18.1G      1.088     0.8756      1.173       1054        640:  48%|████▊     | 49/102 [22:13<23:26, 26.53s/it]
       7/25      18.1G      1.088     0.8756      1.173       1054        640:  49%|████▉     | 50/102 [22:13<22:24, 25.86s/it]
       7/25      18.1G      1.088     0.8757      1.174        891        640:  49%|████▉     | 50/102 [22:36<22:24, 25.86s/it]
       7/25      18.1G      1.088     0.8757      1.174        891        640:  50%|█████     | 51/102 [22:36<21:20, 25.10s/it]
       7/25      18.1G      1.088      0.876      1.174       1162        640:  50%|█████     | 51/102 [23:04<21:20, 25.10s/it]
       7/25      18.1G      1.088      0.876      1.174       1162        640:  51%|█████     | 52/102 [23:04<21:27, 25.74s/it]
       7/25      18.1G      1.088     0.8775      1.175       1091        640:  51%|█████     | 52/102 [23:27<21:27, 25.74s/it]
       7/25      18.1G      1.088     0.8775      1.175       1091        640:  52%|█████▏    | 53/102 [23:27<20:27, 25.06s/it]
       7/25      18.1G      1.089     0.8781      1.174       1236        640:  52%|█████▏    | 53/102 [23:52<20:27, 25.06s/it]
       7/25      18.1G      1.089     0.8781      1.174       1236        640:  53%|█████▎    | 54/102 [23:52<20:01, 25.03s/it]
       7/25      18.1G      1.088     0.8776      1.174       1096        640:  53%|█████▎    | 54/102 [24:17<20:01, 25.03s/it]
       7/25      18.1G      1.088     0.8776      1.174       1096        640:  54%|█████▍    | 55/102 [24:17<19:35, 25.01s/it]
       7/25      18.1G      1.088     0.8785      1.175        998        640:  54%|█████▍    | 55/102 [24:47<19:35, 25.01s/it]
       7/25      18.1G      1.088     0.8785      1.175        998        640:  55%|█████▍    | 56/102 [24:47<20:12, 26.36s/it]
       7/25      18.1G      1.087     0.8777      1.174       1008        640:  55%|█████▍    | 56/102 [25:11<20:12, 26.36s/it]
       7/25      18.1G      1.087     0.8777      1.174       1008        640:  56%|█████▌    | 57/102 [25:11<19:15, 25.68s/it]
       7/25      18.1G      1.087     0.8774      1.174        991        640:  56%|█████▌    | 57/102 [25:34<19:15, 25.68s/it]
       7/25      18.1G      1.087     0.8774      1.174        991        640:  57%|█████▋    | 58/102 [25:34<18:24, 25.11s/it]
       7/25      18.1G      1.087     0.8771      1.174        886        640:  57%|█████▋    | 58/102 [26:01<18:24, 25.11s/it]
       7/25      18.1G      1.087     0.8771      1.174        886        640:  58%|█████▊    | 59/102 [26:01<18:12, 25.40s/it]
       7/25      18.1G      1.088     0.8781      1.174       1099        640:  58%|█████▊    | 59/102 [26:29<18:12, 25.40s/it]
       7/25      18.1G      1.088     0.8781      1.174       1099        640:  59%|█████▉    | 60/102 [26:29<18:21, 26.22s/it]
       7/25      18.1G      1.087     0.8779      1.174       1064        640:  59%|█████▉    | 60/102 [26:52<18:21, 26.22s/it]
       7/25      18.1G      1.087     0.8779      1.174       1064        640:  60%|█████▉    | 61/102 [26:52<17:23, 25.44s/it]
       7/25      18.1G      1.087     0.8781      1.174       1113        640:  60%|█████▉    | 61/102 [27:17<17:23, 25.44s/it]
       7/25      18.1G      1.087     0.8781      1.174       1113        640:  61%|██████    | 62/102 [27:17<16:52, 25.30s/it]
       7/25      18.1G      1.086      0.877      1.173       1066        640:  61%|██████    | 62/102 [27:44<16:52, 25.30s/it]
       7/25      18.1G      1.086      0.877      1.173       1066        640:  62%|██████▏   | 63/102 [27:44<16:37, 25.58s/it]
       7/25      18.1G      1.086     0.8771      1.173       1011        640:  62%|██████▏   | 63/102 [28:04<16:37, 25.58s/it]
       7/25      18.1G      1.086     0.8771      1.173       1011        640:  63%|██████▎   | 64/102 [28:04<15:11, 23.99s/it]
       7/25      18.1G      1.086     0.8772      1.173       1166        640:  63%|██████▎   | 64/102 [28:28<15:11, 23.99s/it]
       7/25      18.1G      1.086     0.8772      1.173       1166        640:  64%|██████▎   | 65/102 [28:28<14:52, 24.13s/it]
       7/25      18.1G      1.085     0.8772      1.174       1011        640:  64%|██████▎   | 65/102 [28:53<14:52, 24.13s/it]
       7/25      18.1G      1.085     0.8772      1.174       1011        640:  65%|██████▍   | 66/102 [28:53<14:35, 24.31s/it]
       7/25      18.1G      1.085     0.8766      1.173       1190        640:  65%|██████▍   | 66/102 [29:21<14:35, 24.31s/it]
       7/25      18.1G      1.085     0.8766      1.173       1190        640:  66%|██████▌   | 67/102 [29:21<14:47, 25.35s/it]
       7/25      18.1G      1.085     0.8763      1.173       1239        640:  66%|██████▌   | 67/102 [29:46<14:47, 25.35s/it]
       7/25      18.1G      1.085     0.8763      1.173       1239        640:  67%|██████▋   | 68/102 [29:46<14:16, 25.19s/it]
       7/25      18.1G      1.084     0.8763      1.173       1025        640:  67%|██████▋   | 68/102 [30:11<14:16, 25.19s/it]
       7/25      18.1G      1.084     0.8763      1.173       1025        640:  68%|██████▊   | 69/102 [30:11<13:53, 25.26s/it]
       7/25      18.1G      1.085     0.8767      1.173       1243        640:  68%|██████▊   | 69/102 [30:34<13:53, 25.26s/it]
       7/25      18.1G      1.085     0.8767      1.173       1243        640:  69%|██████▊   | 70/102 [30:34<13:03, 24.49s/it]
       7/25      18.1G      1.085     0.8764      1.173       1066        640:  69%|██████▊   | 70/102 [30:58<13:03, 24.49s/it]
       7/25      18.1G      1.085     0.8764      1.173       1066        640:  70%|██████▉   | 71/102 [30:58<12:40, 24.54s/it]
       7/25      18.1G      1.086     0.8764      1.173       1228        640:  70%|██████▉   | 71/102 [31:22<12:40, 24.54s/it]
       7/25      18.1G      1.086     0.8764      1.173       1228        640:  71%|███████   | 72/102 [31:22<12:09, 24.32s/it]
       7/25      18.1G      1.087     0.8777      1.174       1054        640:  71%|███████   | 72/102 [31:46<12:09, 24.32s/it]
       7/25      18.1G      1.087     0.8777      1.174       1054        640:  72%|███████▏  | 73/102 [31:46<11:40, 24.15s/it]
       7/25      18.1G      1.087     0.8782      1.174       1047        640:  72%|███████▏  | 73/102 [32:09<11:40, 24.15s/it]
       7/25      18.1G      1.087     0.8782      1.174       1047        640:  73%|███████▎  | 74/102 [32:09<11:03, 23.69s/it]
       7/25      18.1G      1.087     0.8786      1.174       1309        640:  73%|███████▎  | 74/102 [32:33<11:03, 23.69s/it]
       7/25      18.1G      1.087     0.8786      1.174       1309        640:  74%|███████▎  | 75/102 [32:33<10:49, 24.06s/it]
       7/25      18.1G      1.087     0.8789      1.174        919        640:  74%|███████▎  | 75/102 [32:58<10:49, 24.06s/it]
       7/25      18.1G      1.087     0.8789      1.174        919        640:  75%|███████▍  | 76/102 [32:58<10:32, 24.34s/it]
       7/25      18.1G      1.086     0.8787      1.174       1018        640:  75%|███████▍  | 76/102 [33:23<10:32, 24.34s/it]
       7/25      18.1G      1.086     0.8787      1.174       1018        640:  75%|███████▌  | 77/102 [33:23<10:12, 24.49s/it]
       7/25      18.1G      1.086      0.879      1.174       1297        640:  75%|███████▌  | 77/102 [33:47<10:12, 24.49s/it]
       7/25      18.1G      1.086      0.879      1.174       1297        640:  76%|███████▋  | 78/102 [33:47<09:44, 24.34s/it]
       7/25      18.1G      1.086     0.8784      1.173       1068        640:  76%|███████▋  | 78/102 [34:12<09:44, 24.34s/it]
       7/25      18.1G      1.086     0.8784      1.173       1068        640:  77%|███████▋  | 79/102 [34:12<09:21, 24.40s/it]
       7/25      18.1G      1.086     0.8797      1.174       1160        640:  77%|███████▋  | 79/102 [34:37<09:21, 24.40s/it]
       7/25      18.1G      1.086     0.8797      1.174       1160        640:  78%|███████▊  | 80/102 [34:37<08:59, 24.53s/it]
       7/25      18.1G      1.087     0.8804      1.174       1171        640:  78%|███████▊  | 80/102 [35:03<08:59, 24.53s/it]
       7/25      18.1G      1.087     0.8804      1.174       1171        640:  79%|███████▉  | 81/102 [35:03<08:44, 24.95s/it]
       7/25      18.1G      1.087      0.881      1.174       1155        640:  79%|███████▉  | 81/102 [35:27<08:44, 24.95s/it]
       7/25      18.1G      1.087      0.881      1.174       1155        640:  80%|████████  | 82/102 [35:27<08:17, 24.89s/it]
       7/25      18.1G      1.087     0.8812      1.174       1092        640:  80%|████████  | 82/102 [35:50<08:17, 24.89s/it]
       7/25      18.1G      1.087     0.8812      1.174       1092        640:  81%|████████▏ | 83/102 [35:50<07:37, 24.09s/it]
       7/25      18.1G      1.087     0.8817      1.174        987        640:  81%|████████▏ | 83/102 [36:13<07:37, 24.09s/it]
       7/25      18.1G      1.087     0.8817      1.174        987        640:  82%|████████▏ | 84/102 [36:13<07:10, 23.91s/it]
       7/25      18.1G      1.087     0.8813      1.174       1184        640:  82%|████████▏ | 84/102 [36:38<07:10, 23.91s/it]
       7/25      18.1G      1.087     0.8813      1.174       1184        640:  83%|████████▎ | 85/102 [36:38<06:51, 24.19s/it]
       7/25      18.1G      1.086     0.8808      1.174       1041        640:  83%|████████▎ | 85/102 [37:05<06:51, 24.19s/it]
       7/25      18.1G      1.086     0.8808      1.174       1041        640:  84%|████████▍ | 86/102 [37:05<06:38, 24.92s/it]
       7/25      18.1G      1.086     0.8804      1.174       1098        640:  84%|████████▍ | 86/102 [37:28<06:38, 24.92s/it]
       7/25      18.1G      1.086     0.8804      1.174       1098        640:  85%|████████▌ | 87/102 [37:28<06:08, 24.58s/it]
       7/25        19G      1.086     0.8801      1.174       1090        640:  85%|████████▌ | 87/102 [37:57<06:08, 24.58s/it]
       7/25        19G      1.086     0.8801      1.174       1090        640:  86%|████████▋ | 88/102 [37:57<05:59, 25.68s/it]
       7/25        19G      1.086       0.88      1.174       1037        640:  86%|████████▋ | 88/102 [38:26<05:59, 25.68s/it]
       7/25        19G      1.086       0.88      1.174       1037        640:  87%|████████▋ | 89/102 [38:26<05:49, 26.88s/it]
       7/25      19.9G      1.086     0.8803      1.175       1121        640:  87%|████████▋ | 89/102 [38:47<05:49, 26.88s/it]
       7/25      19.9G      1.086     0.8803      1.175       1121        640:  88%|████████▊ | 90/102 [38:47<04:59, 24.94s/it]
       7/25      19.9G      1.086     0.8803      1.175       1108        640:  88%|████████▊ | 90/102 [39:10<04:59, 24.94s/it]
       7/25      19.9G      1.086     0.8803      1.175       1108        640:  89%|████████▉ | 91/102 [39:10<04:28, 24.43s/it]
       7/25      19.9G      1.085     0.8799      1.175       1086        640:  89%|████████▉ | 91/102 [39:35<04:28, 24.43s/it]
       7/25      19.9G      1.085     0.8799      1.175       1086        640:  90%|█████████ | 92/102 [39:35<04:06, 24.65s/it]
       7/25      19.9G      1.086     0.8802      1.175       1164        640:  90%|█████████ | 92/102 [39:57<04:06, 24.65s/it]
       7/25      19.9G      1.086     0.8802      1.175       1164        640:  91%|█████████ | 93/102 [39:57<03:35, 23.92s/it]
       7/25      19.9G      1.086     0.8803      1.175       1030        640:  91%|█████████ | 93/102 [40:21<03:35, 23.92s/it]
       7/25      19.9G      1.086     0.8803      1.175       1030        640:  92%|█████████▏| 94/102 [40:21<03:11, 23.96s/it]
       7/25      20.9G      1.086      0.881      1.175       1320        640:  92%|█████████▏| 94/102 [40:45<03:11, 23.96s/it]
       7/25      20.9G      1.086      0.881      1.175       1320        640:  93%|█████████▎| 95/102 [40:45<02:46, 23.77s/it]
       7/25      20.9G      1.086     0.8812      1.175       1229        640:  93%|█████████▎| 95/102 [41:07<02:46, 23.77s/it]
       7/25      20.9G      1.086     0.8812      1.175       1229        640:  94%|█████████▍| 96/102 [41:07<02:20, 23.38s/it]
       7/25      20.9G      1.086     0.8812      1.175       1103        640:  94%|█████████▍| 96/102 [41:32<02:20, 23.38s/it]
       7/25      20.9G      1.086     0.8812      1.175       1103        640:  95%|█████████▌| 97/102 [41:32<01:59, 23.90s/it]
       7/25      20.9G      1.086      0.881      1.175       1189        640:  95%|█████████▌| 97/102 [42:02<01:59, 23.90s/it]
       7/25      20.9G      1.086      0.881      1.175       1189        640:  96%|█████████▌| 98/102 [42:02<01:42, 25.55s/it]
       7/25      20.9G      1.085     0.8808      1.175       1145        640:  96%|█████████▌| 98/102 [42:25<01:42, 25.55s/it]
       7/25      20.9G      1.085     0.8808      1.175       1145        640:  97%|█████████▋| 99/102 [42:25<01:15, 25.04s/it]
       7/25      20.9G      1.085       0.88      1.175        985        640:  97%|█████████▋| 99/102 [42:51<01:15, 25.04s/it]
       7/25      20.9G      1.085       0.88      1.175        985        640:  98%|█████████▊| 100/102 [42:51<00:50, 25.05s/it]
       7/25      20.9G      1.085     0.8811      1.175       1011        640:  98%|█████████▊| 100/102 [43:16<00:50, 25.05s/it]
       7/25      20.9G      1.085     0.8811      1.175       1011        640:  99%|█████████▉| 101/102 [43:16<00:25, 25.16s/it]
       7/25      20.9G      1.086     0.8809      1.176        200        640:  99%|█████████▉| 101/102 [43:22<00:25, 25.16s/it]
       7/25      20.9G      1.086     0.8809      1.176        200        640: 100%|██████████| 102/102 [43:22<00:00, 19.39s/it]
       7/25      20.9G      1.086     0.8809      1.176        200        640: 100%|██████████| 102/102 [43:22<00:00, 25.51s/it]

                 Class     Images  Instances      Box(P          R      mAP50  mAP50-95):   0%|          | 0/13 [00:00<?, ?it/s]
                 Class     Images  Instances      Box(P          R      mAP50  mAP50-95):   8%|▊         | 1/13 [00:00<00:03,  3.22it/s]
                 Class     Images  Instances      Box(P          R      mAP50  mAP50-95):  15%|█▌        | 2/13 [00:00<00:03,  3.06it/s]
                 Class     Images  Instances      Box(P          R      mAP50  mAP50-95):  23%|██▎       | 3/13 [00:00<00:03,  3.19it/s]
                 Class     Images  Instances      Box(P          R      mAP50  mAP50-95):  31%|███       | 4/13 [00:01<00:02,  3.24it/s]
                 Class     Images  Instances      Box(P          R      mAP50  mAP50-95):  38%|███▊      | 5/13 [02:16<06:30, 48.85s/it]
                 Class     Images  Instances      Box(P          R      mAP50  mAP50-95):  46%|████▌     | 6/13 [02:16<03:46, 32.34s/it]
                 Class     Images  Instances      Box(P          R      mAP50  mAP50-95):  54%|█████▍    | 7/13 [03:47<05:09, 51.66s/it]
                 Class     Images  Instances      Box(P          R      mAP50  mAP50-95):  62%|██████▏   | 8/13 [03:48<02:56, 35.32s/it]
                 Class     Images  Instances      Box(P          R      mAP50  mAP50-95):  69%|██████▉   | 9/13 [05:25<03:39, 54.81s/it]
                 Class     Images  Instances      Box(P          R      mAP50  mAP50-95):  77%|███████▋  | 10/13 [05:26<01:53, 37.98s/it]
                 Class     Images  Instances      Box(P          R      mAP50  mAP50-95):  85%|████████▍ | 11/13 [06:58<01:48, 54.50s/it]
                 Class     Images  Instances      Box(P          R      mAP50  mAP50-95):  92%|█████████▏| 12/13 [06:58<00:38, 38.01s/it]
                 Class     Images  Instances      Box(P          R      mAP50  mAP50-95): 100%|██████████| 13/13 [07:29<00:00, 35.86s/it]
                 Class     Images  Instances      Box(P          R      mAP50  mAP50-95): 100%|██████████| 13/13 [07:29<00:00, 34.57s/it]
                   all       1620      15401      0.577      0.405      0.426      0.252

      Epoch    GPU_mem   box_loss   cls_loss   dfl_loss  Instances       Size

  0%|          | 0/102 [00:00<?, ?it/s]
       8/25      15.7G       1.05     0.8382      1.152       1025        640:   0%|          | 0/102 [00:00<?, ?it/s]
       8/25      15.7G       1.05     0.8382      1.152       1025        640:   1%|          | 1/102 [00:00<00:18,  5.45it/s]
       8/25        16G       1.04     0.8473      1.159        988        640:   1%|          | 1/102 [00:00<00:18,  5.45it/s]
       8/25        16G       1.04     0.8473      1.159        988        640:   2%|▏         | 2/102 [00:00<00:17,  5.71it/s]
       8/25        16G      1.048     0.8502      1.159       1158        640:   2%|▏         | 2/102 [01:00<00:17,  5.71it/s]
       8/25        16G      1.048     0.8502      1.159       1158        640:   3%|▎         | 3/102 [01:00<45:12, 27.40s/it]
       8/25      16.6G      1.051     0.8534      1.153       1250        640:   3%|▎         | 3/102 [01:40<45:12, 27.40s/it]
       8/25      16.6G      1.051     0.8534      1.153       1250        640:   4%|▍         | 4/102 [01:40<53:24, 32.70s/it]
       8/25      16.6G      1.045     0.8416      1.148       1070        640:   4%|▍         | 4/102 [02:22<53:24, 32.70s/it]
       8/25      16.6G      1.045     0.8416      1.148       1070        640:   5%|▍         | 5/102 [02:22<58:06, 35.94s/it]
       8/25      16.6G       1.05     0.8406      1.156        996        640:   5%|▍         | 5/102 [02:52<58:06, 35.94s/it]
       8/25      16.6G       1.05     0.8406      1.156        996        640:   6%|▌         | 6/102 [02:52<54:04, 33.80s/it]
       8/25      16.6G       1.05     0.8391      1.154       1158        640:   6%|▌         | 6/102 [03:15<54:04, 33.80s/it]
       8/25      16.6G       1.05     0.8391      1.154       1158        640:   7%|▋         | 7/102 [03:15<48:03, 30.35s/it]
       8/25      16.6G      1.051     0.8427      1.156       1104        640:   7%|▋         | 7/102 [03:39<48:03, 30.35s/it]
       8/25      16.6G      1.051     0.8427      1.156       1104        640:   8%|▊         | 8/102 [03:39<44:29, 28.40s/it]
       8/25      16.6G      1.046     0.8377      1.153       1043        640:   8%|▊         | 8/102 [04:03<44:29, 28.40s/it]
       8/25      16.6G      1.046     0.8377      1.153       1043        640:   9%|▉         | 9/102 [04:03<41:46, 26.95s/it]
       8/25      16.6G       1.05     0.8419      1.154       1069        640:   9%|▉         | 9/102 [04:30<41:46, 26.95s/it]
       8/25      16.6G       1.05     0.8419      1.154       1069        640:  10%|▉         | 10/102 [04:30<41:24, 27.01s/it]
       8/25      16.6G      1.048     0.8384      1.155       1032        640:  10%|▉         | 10/102 [04:54<41:24, 27.01s/it]
       8/25      16.6G      1.048     0.8384      1.155       1032        640:  11%|█         | 11/102 [04:54<39:24, 25.98s/it]
       8/25      16.6G      1.051     0.8432      1.159        979        640:  11%|█         | 11/102 [05:18<39:24, 25.98s/it]
       8/25      16.6G      1.051     0.8432      1.159        979        640:  12%|█▏        | 12/102 [05:18<38:01, 25.35s/it]
       8/25      16.6G       1.05     0.8429       1.16        948        640:  12%|█▏        | 12/102 [05:39<38:01, 25.35s/it]
       8/25      16.6G       1.05     0.8429       1.16        948        640:  13%|█▎        | 13/102 [05:39<35:58, 24.25s/it]
       8/25      16.6G      1.051     0.8473      1.162       1040        640:  13%|█▎        | 13/102 [06:02<35:58, 24.25s/it]
       8/25      16.6G      1.051     0.8473      1.162       1040        640:  14%|█▎        | 14/102 [06:02<34:49, 23.74s/it]
       8/25      16.6G      1.054     0.8498      1.163       1048        640:  14%|█▎        | 14/102 [06:26<34:49, 23.74s/it]
       8/25      16.6G      1.054     0.8498      1.163       1048        640:  15%|█▍        | 15/102 [06:26<34:21, 23.70s/it]
       8/25      16.6G      1.055     0.8496      1.162       1285        640:  15%|█▍        | 15/102 [06:53<34:21, 23.70s/it]
       8/25      16.6G      1.055     0.8496      1.162       1285        640:  16%|█▌        | 16/102 [06:53<35:29, 24.76s/it]
       8/25      16.6G      1.058      0.852      1.164       1082        640:  16%|█▌        | 16/102 [07:22<35:29, 24.76s/it]
       8/25      16.6G      1.058      0.852      1.164       1082        640:  17%|█▋        | 17/102 [07:22<36:46, 25.96s/it]
       8/25      16.6G      1.055     0.8519      1.164       1045        640:  17%|█▋        | 17/102 [07:45<36:46, 25.96s/it]
       8/25      16.6G      1.055     0.8519      1.164       1045        640:  18%|█▊        | 18/102 [07:45<35:18, 25.22s/it]
       8/25      16.6G      1.058     0.8546      1.166       1020        640:  18%|█▊        | 18/102 [08:10<35:18, 25.22s/it]
       8/25      16.6G      1.058     0.8546      1.166       1020        640:  19%|█▊        | 19/102 [08:10<34:49, 25.17s/it]
       8/25      16.6G      1.059     0.8545      1.165       1163        640:  19%|█▊        | 19/102 [08:37<34:49, 25.17s/it]
       8/25      16.6G      1.059     0.8545      1.165       1163        640:  20%|█▉        | 20/102 [08:37<35:08, 25.72s/it]
       8/25      16.6G      1.058     0.8523      1.165       1019        640:  20%|█▉        | 20/102 [09:03<35:08, 25.72s/it]
       8/25      16.6G      1.058     0.8523      1.165       1019        640:  21%|██        | 21/102 [09:03<34:55, 25.87s/it]
       8/25      17.2G      1.057     0.8495      1.163       1399        640:  21%|██        | 21/102 [09:29<34:55, 25.87s/it]
       8/25      17.2G      1.057     0.8495      1.163       1399        640:  22%|██▏       | 22/102 [09:29<34:16, 25.71s/it]
       8/25      17.2G      1.057     0.8475      1.164       1118        640:  22%|██▏       | 22/102 [09:54<34:16, 25.71s/it]
       8/25      17.2G      1.057     0.8475      1.164       1118        640:  23%|██▎       | 23/102 [09:54<33:45, 25.64s/it]
       8/25      17.2G      1.059     0.8481      1.165       1083        640:  23%|██▎       | 23/102 [10:16<33:45, 25.64s/it]
       8/25      17.2G      1.059     0.8481      1.165       1083        640:  24%|██▎       | 24/102 [10:16<31:59, 24.61s/it]
       8/25      17.2G       1.06     0.8472      1.165       1241        640:  24%|██▎       | 24/102 [10:40<31:59, 24.61s/it]
       8/25      17.2G       1.06     0.8472      1.165       1241        640:  25%|██▍       | 25/102 [10:40<31:01, 24.17s/it]
       8/25      18.2G      1.061     0.8474      1.166       1237        640:  25%|██▍       | 25/102 [11:04<31:01, 24.17s/it]
       8/25      18.2G      1.061     0.8474      1.166       1237        640:  25%|██▌       | 26/102 [11:04<30:32, 24.12s/it]
       8/25      18.2G      1.059     0.8464      1.165       1015        640:  25%|██▌       | 26/102 [11:27<30:32, 24.12s/it]
       8/25      18.2G      1.059     0.8464      1.165       1015        640:  26%|██▋       | 27/102 [11:27<29:50, 23.87s/it]
       8/25      18.2G      1.059     0.8453      1.164       1266        640:  26%|██▋       | 27/102 [11:51<29:50, 23.87s/it]
       8/25      18.2G      1.059     0.8453      1.164       1266        640:  27%|██▋       | 28/102 [11:51<29:39, 24.05s/it]
       8/25      18.2G      1.059     0.8458      1.165       1023        640:  27%|██▋       | 28/102 [12:20<29:39, 24.05s/it]
       8/25      18.2G      1.059     0.8458      1.165       1023        640:  28%|██▊       | 29/102 [12:20<31:00, 25.49s/it]
       8/25      18.2G      1.061     0.8474      1.164       1150        640:  28%|██▊       | 29/102 [12:43<31:00, 25.49s/it]
       8/25      18.2G      1.061     0.8474      1.164       1150        640:  29%|██▉       | 30/102 [12:43<29:33, 24.63s/it]
       8/25      18.2G      1.062     0.8483      1.165       1117        640:  29%|██▉       | 30/102 [13:08<29:33, 24.63s/it]
       8/25      18.2G      1.062     0.8483      1.165       1117        640:  30%|███       | 31/102 [13:08<29:31, 24.95s/it]
       8/25      18.2G      1.063     0.8508      1.166        895        640:  30%|███       | 31/102 [13:34<29:31, 24.95s/it]
       8/25      18.2G      1.063     0.8508      1.166        895        640:  31%|███▏      | 32/102 [13:34<29:14, 25.06s/it]
       8/25      18.2G      1.063     0.8504      1.167       1005        640:  31%|███▏      | 32/102 [14:00<29:14, 25.06s/it]
       8/25      18.2G      1.063     0.8504      1.167       1005        640:  32%|███▏      | 33/102 [14:00<29:04, 25.29s/it]
       8/25      18.2G      1.063     0.8489      1.166       1035        640:  32%|███▏      | 33/102 [14:25<29:04, 25.29s/it]
       8/25      18.2G      1.063     0.8489      1.166       1035        640:  33%|███▎      | 34/102 [14:25<28:46, 25.40s/it]
       8/25      18.2G      1.063     0.8483      1.165       1203        640:  33%|███▎      | 34/102 [14:50<28:46, 25.40s/it]
       8/25      18.2G      1.063     0.8483      1.165       1203        640:  34%|███▍      | 35/102 [14:50<28:10, 25.23s/it]
       8/25      18.2G      1.064      0.848      1.165       1154        640:  34%|███▍      | 35/102 [15:16<28:10, 25.23s/it]
       8/25      18.2G      1.064      0.848      1.165       1154        640:  35%|███▌      | 36/102 [15:16<28:01, 25.48s/it]
       8/25      18.2G      1.062     0.8472      1.165        968        640:  35%|███▌      | 36/102 [15:40<28:01, 25.48s/it]
       8/25      18.2G      1.062     0.8472      1.165        968        640:  36%|███▋      | 37/102 [15:40<27:06, 25.02s/it]
       8/25      18.2G      1.062     0.8475      1.166       1021        640:  36%|███▋      | 37/102 [16:03<27:06, 25.02s/it]
       8/25      18.2G      1.062     0.8475      1.166       1021        640:  37%|███▋      | 38/102 [16:03<25:52, 24.26s/it]
       8/25      18.2G      1.062     0.8469      1.166       1093        640:  37%|███▋      | 38/102 [16:26<25:52, 24.26s/it]
       8/25      18.2G      1.062     0.8469      1.166       1093        640:  38%|███▊      | 39/102 [16:26<25:14, 24.03s/it]
       8/25      18.2G      1.064     0.8476      1.166       1225        640:  38%|███▊      | 39/102 [16:53<25:14, 24.03s/it]
       8/25      18.2G      1.064     0.8476      1.166       1225        640:  39%|███▉      | 40/102 [16:53<25:44, 24.92s/it]
       8/25      18.2G      1.064     0.8481      1.166       1137        640:  39%|███▉      | 40/102 [17:20<25:44, 24.92s/it]
       8/25      18.2G      1.064     0.8481      1.166       1137        640:  40%|████      | 41/102 [17:20<25:53, 25.47s/it]
       8/25      18.2G      1.064     0.8483      1.166       1073        640:  40%|████      | 41/102 [17:43<25:53, 25.47s/it]
       8/25      18.2G      1.064     0.8483      1.166       1073        640:  41%|████      | 42/102 [17:43<24:52, 24.88s/it]
       8/25      18.2G      1.065     0.8492      1.166       1082        640:  41%|████      | 42/102 [18:09<24:52, 24.88s/it]
       8/25      18.2G      1.065     0.8492      1.166       1082        640:  42%|████▏     | 43/102 [18:09<24:40, 25.09s/it]
       8/25      18.2G      1.066     0.8509      1.168        998        640:  42%|████▏     | 43/102 [18:34<24:40, 25.09s/it]
       8/25      18.2G      1.066     0.8509      1.168        998        640:  43%|████▎     | 44/102 [18:34<24:16, 25.11s/it]
       8/25      18.2G      1.067     0.8511      1.168       1213        640:  43%|████▎     | 44/102 [18:59<24:16, 25.11s/it]
       8/25      18.2G      1.067     0.8511      1.168       1213        640:  44%|████▍     | 45/102 [18:59<23:50, 25.10s/it]
       8/25      18.2G      1.067     0.8504      1.168       1050        640:  44%|████▍     | 45/102 [19:28<23:50, 25.10s/it]
       8/25      18.2G      1.067     0.8504      1.168       1050        640:  45%|████▌     | 46/102 [19:28<24:21, 26.09s/it]
       8/25      18.2G      1.067     0.8514      1.169       1135        640:  45%|████▌     | 46/102 [19:53<24:21, 26.09s/it]
       8/25      18.2G      1.067     0.8514      1.169       1135        640:  46%|████▌     | 47/102 [19:53<23:37, 25.77s/it]
       8/25      18.2G      1.068     0.8517      1.169       1142        640:  46%|████▌     | 47/102 [20:18<23:37, 25.77s/it]
       8/25      18.2G      1.068     0.8517      1.169       1142        640:  47%|████▋     | 48/102 [20:18<22:58, 25.53s/it]
       8/25      18.2G      1.068     0.8511      1.168       1216        640:  47%|████▋     | 48/102 [20:38<22:58, 25.53s/it]
       8/25      18.2G      1.068     0.8511      1.168       1216        640:  48%|████▊     | 49/102 [20:38<21:09, 23.96s/it]
       8/25      18.2G      1.068     0.8504      1.168       1144        640:  48%|████▊     | 49/102 [21:03<21:09, 23.96s/it]
       8/25      18.2G      1.068     0.8504      1.168       1144        640:  49%|████▉     | 50/102 [21:03<21:11, 24.44s/it]
       8/25      18.2G      1.068     0.8492      1.168       1151        640:  49%|████▉     | 50/102 [21:27<21:11, 24.44s/it]
       8/25      18.2G      1.068     0.8492      1.168       1151        640:  50%|█████     | 51/102 [21:27<20:28, 24.08s/it]
       8/25      18.2G      1.069     0.8492      1.168       1284        640:  50%|█████     | 51/102 [21:54<20:28, 24.08s/it]
       8/25      18.2G      1.069     0.8492      1.168       1284        640:  51%|█████     | 52/102 [21:54<20:49, 24.99s/it]
       8/25      18.2G      1.069     0.8493      1.168       1154        640:  51%|█████     | 52/102 [22:18<20:49, 24.99s/it]
       8/25      18.2G      1.069     0.8493      1.168       1154        640:  52%|█████▏    | 53/102 [22:18<20:09, 24.68s/it]
       8/25      18.2G       1.07     0.8486      1.168       1037        640:  52%|█████▏    | 53/102 [22:42<20:09, 24.68s/it]
       8/25      18.2G       1.07     0.8486      1.168       1037        640:  53%|█████▎    | 54/102 [22:42<19:41, 24.62s/it]
       8/25      18.2G       1.07     0.8492      1.168       1174        640:  53%|█████▎    | 54/102 [23:11<19:41, 24.62s/it]
       8/25      18.2G       1.07     0.8492      1.168       1174        640:  54%|█████▍    | 55/102 [23:11<20:14, 25.84s/it]
       8/25      18.2G      1.069     0.8488      1.168       1007        640:  54%|█████▍    | 55/102 [23:40<20:14, 25.84s/it]
       8/25      18.2G      1.069     0.8488      1.168       1007        640:  55%|█████▍    | 56/102 [23:40<20:35, 26.85s/it]
       8/25      18.2G      1.069     0.8489      1.168       1204        640:  55%|█████▍    | 56/102 [24:03<20:35, 26.85s/it]
       8/25      18.2G      1.069     0.8489      1.168       1204        640:  56%|█████▌    | 57/102 [24:03<19:10, 25.57s/it]
       8/25      19.2G      1.069     0.8488      1.167       1158        640:  56%|█████▌    | 57/102 [24:28<19:10, 25.57s/it]
       8/25      19.2G      1.069     0.8488      1.167       1158        640:  57%|█████▋    | 58/102 [24:28<18:41, 25.48s/it]
       8/25      19.2G       1.07      0.849      1.167       1230        640:  57%|█████▋    | 58/102 [24:53<18:41, 25.48s/it]
       8/25      19.2G       1.07      0.849      1.167       1230        640:  58%|█████▊    | 59/102 [24:53<18:13, 25.43s/it]
       8/25      19.2G      1.069     0.8485      1.167       1105        640:  58%|█████▊    | 59/102 [25:16<18:13, 25.43s/it]
       8/25      19.2G      1.069     0.8485      1.167       1105        640:  59%|█████▉    | 60/102 [25:16<17:19, 24.74s/it]
       8/25      19.2G      1.069     0.8483      1.166       1069        640:  59%|█████▉    | 60/102 [25:44<17:19, 24.74s/it]
       8/25      19.2G      1.069     0.8483      1.166       1069        640:  60%|█████▉    | 61/102 [25:44<17:29, 25.60s/it]
       8/25      19.2G      1.069     0.8483      1.167       1047        640:  60%|█████▉    | 61/102 [26:09<17:29, 25.60s/it]
       8/25      19.2G      1.069     0.8483      1.167       1047        640:  61%|██████    | 62/102 [26:09<17:02, 25.57s/it]
       8/25      19.2G      1.068     0.8472      1.166       1101        640:  61%|██████    | 62/102 [26:37<17:02, 25.57s/it]
       8/25      19.2G      1.068     0.8472      1.166       1101        640:  62%|██████▏   | 63/102 [26:37<16:58, 26.12s/it]
       8/25      19.2G      1.068     0.8466      1.165       1123        640:  62%|██████▏   | 63/102 [27:04<16:58, 26.12s/it]
       8/25      19.2G      1.068     0.8466      1.165       1123        640:  63%|██████▎   | 64/102 [27:04<16:40, 26.32s/it]
       8/25      19.2G      1.068     0.8461      1.165       1190        640:  63%|██████▎   | 64/102 [27:32<16:40, 26.32s/it]
       8/25      19.2G      1.068     0.8461      1.165       1190        640:  64%|██████▎   | 65/102 [27:32<16:32, 26.84s/it]
       8/25      19.2G      1.069     0.8462      1.166       1004        640:  64%|██████▎   | 65/102 [27:56<16:32, 26.84s/it]
       8/25      19.2G      1.069     0.8462      1.166       1004        640:  65%|██████▍   | 66/102 [27:56<15:38, 26.06s/it]
       8/25      19.2G      1.069     0.8459      1.166        988        640:  65%|██████▍   | 66/102 [28:18<15:38, 26.06s/it]
       8/25      19.2G      1.069     0.8459      1.166        988        640:  66%|██████▌   | 67/102 [28:18<14:27, 24.80s/it]
       8/25      19.2G      1.068     0.8449      1.166       1091        640:  66%|██████▌   | 67/102 [28:40<14:27, 24.80s/it]
       8/25      19.2G      1.068     0.8449      1.166       1091        640:  67%|██████▋   | 68/102 [28:40<13:37, 24.05s/it]
       8/25      19.2G      1.068     0.8439      1.165       1068        640:  67%|██████▋   | 68/102 [29:05<13:37, 24.05s/it]
       8/25      19.2G      1.068     0.8439      1.165       1068        640:  68%|██████▊   | 69/102 [29:05<13:17, 24.17s/it]
       8/25      19.2G      1.068     0.8432      1.165       1138        640:  68%|██████▊   | 69/102 [29:31<13:17, 24.17s/it]
       8/25      19.2G      1.068     0.8432      1.165       1138        640:  69%|██████▊   | 70/102 [29:31<13:18, 24.96s/it]
       8/25      19.2G      1.068     0.8438      1.165        994        640:  69%|██████▊   | 70/102 [29:57<13:18, 24.96s/it]
       8/25      19.2G      1.068     0.8438      1.165        994        640:  70%|██████▉   | 71/102 [29:57<12:57, 25.08s/it]
       8/25      20.4G      1.069     0.8445      1.166       1052        640:  70%|██████▉   | 71/102 [30:22<12:57, 25.08s/it]
       8/25      20.4G      1.069     0.8445      1.166       1052        640:  71%|███████   | 72/102 [30:22<12:35, 25.19s/it]
       8/25      20.4G      1.069     0.8441      1.166        955        640:  71%|███████   | 72/102 [30:48<12:35, 25.19s/it]
       8/25      20.4G      1.069     0.8441      1.166        955        640:  72%|███████▏  | 73/102 [30:48<12:19, 25.49s/it]
       8/25      20.4G      1.068     0.8438      1.166       1052        640:  72%|███████▏  | 73/102 [31:15<12:19, 25.49s/it]
       8/25      20.4G      1.068     0.8438      1.166       1052        640:  73%|███████▎  | 74/102 [31:15<12:06, 25.96s/it]
       8/25      20.4G      1.068     0.8436      1.165       1146        640:  73%|███████▎  | 74/102 [31:41<12:06, 25.96s/it]
       8/25      20.4G      1.068     0.8436      1.165       1146        640:  74%|███████▎  | 75/102 [31:41<11:35, 25.76s/it]
       8/25      20.4G      1.068     0.8438      1.166        874        640:  74%|███████▎  | 75/102 [32:06<11:35, 25.76s/it]
       8/25      20.4G      1.068     0.8438      1.166        874        640:  75%|███████▍  | 76/102 [32:06<11:09, 25.76s/it]
       8/25      20.4G      1.069     0.8443      1.166       1165        640:  75%|███████▍  | 76/102 [32:29<11:09, 25.76s/it]
       8/25      20.4G      1.069     0.8443      1.166       1165        640:  75%|███████▌  | 77/102 [32:29<10:21, 24.85s/it]
       8/25      20.4G      1.069     0.8444      1.166       1082        640:  75%|███████▌  | 77/102 [32:54<10:21, 24.85s/it]
       8/25      20.4G      1.069     0.8444      1.166       1082        640:  76%|███████▋  | 78/102 [32:54<09:55, 24.80s/it]
       8/25      20.4G      1.069     0.8448      1.167       1053        640:  76%|███████▋  | 78/102 [33:21<09:55, 24.80s/it]
       8/25      20.4G      1.069     0.8448      1.167       1053        640:  77%|███████▋  | 79/102 [33:21<09:46, 25.51s/it]
       8/25      20.4G      1.069     0.8452      1.167        955        640:  77%|███████▋  | 79/102 [33:49<09:46, 25.51s/it]
       8/25      20.4G      1.069     0.8452      1.167        955        640:  78%|███████▊  | 80/102 [33:49<09:38, 26.32s/it]
       8/25      20.4G       1.07      0.845      1.167        948        640:  78%|███████▊  | 80/102 [34:11<09:38, 26.32s/it]
       8/25      20.4G       1.07      0.845      1.167        948        640:  79%|███████▉  | 81/102 [34:11<08:46, 25.08s/it]
       8/25      20.4G      1.069     0.8444      1.167       1166        640:  79%|███████▉  | 81/102 [34:36<08:46, 25.08s/it]
       8/25      20.4G      1.069     0.8444      1.167       1166        640:  80%|████████  | 82/102 [34:36<08:21, 25.06s/it]
       8/25      20.4G      1.069     0.8444      1.167        903        640:  80%|████████  | 82/102 [35:01<08:21, 25.06s/it]
       8/25      20.4G      1.069     0.8444      1.167        903        640:  81%|████████▏ | 83/102 [35:01<07:52, 24.86s/it]
       8/25      20.4G      1.069     0.8446      1.167        987        640:  81%|████████▏ | 83/102 [35:23<07:52, 24.86s/it]
       8/25      20.4G      1.069     0.8446      1.167        987        640:  82%|████████▏ | 84/102 [35:23<07:11, 23.95s/it]
       8/25      20.4G      1.069     0.8456      1.167        998        640:  82%|████████▏ | 84/102 [35:49<07:11, 23.95s/it]
       8/25      20.4G      1.069     0.8456      1.167        998        640:  83%|████████▎ | 85/102 [35:49<06:56, 24.52s/it]
       8/25      20.4G       1.07     0.8463      1.168       1012        640:  83%|████████▎ | 85/102 [36:15<06:56, 24.52s/it]
       8/25      20.4G       1.07     0.8463      1.168       1012        640:  84%|████████▍ | 86/102 [36:15<06:40, 25.03s/it]
       8/25      20.4G       1.07     0.8465      1.168       1245        640:  84%|████████▍ | 86/102 [36:39<06:40, 25.03s/it]
       8/25      20.4G       1.07     0.8465      1.168       1245        640:  85%|████████▌ | 87/102 [36:39<06:13, 24.89s/it]
       8/25      20.4G       1.07     0.8467      1.168       1014        640:  85%|████████▌ | 87/102 [37:04<06:13, 24.89s/it]
       8/25      20.4G       1.07     0.8467      1.168       1014        640:  86%|████████▋ | 88/102 [37:04<05:47, 24.84s/it]
       8/25      20.4G      1.071     0.8473      1.168       1020        640:  86%|████████▋ | 88/102 [37:31<05:47, 24.84s/it]
       8/25      20.4G      1.071     0.8473      1.168       1020        640:  87%|████████▋ | 89/102 [37:31<05:32, 25.55s/it]
       8/25      20.4G      1.071     0.8475      1.167       1342        640:  87%|████████▋ | 89/102 [37:55<05:32, 25.55s/it]
       8/25      20.4G      1.071     0.8475      1.167       1342        640:  88%|████████▊ | 90/102 [37:55<05:01, 25.09s/it]
       8/25      20.4G      1.071     0.8473      1.167       1184        640:  88%|████████▊ | 90/102 [38:21<05:01, 25.09s/it]
       8/25      20.4G      1.071     0.8473      1.167       1184        640:  89%|████████▉ | 91/102 [38:21<04:38, 25.28s/it]
       8/25      20.4G      1.071     0.8476      1.167       1199        640:  89%|████████▉ | 91/102 [38:40<04:38, 25.28s/it]
       8/25      20.4G      1.071     0.8476      1.167       1199        640:  90%|█████████ | 92/102 [38:40<03:54, 23.46s/it]
       8/25      20.4G      1.071     0.8477      1.167        970        640:  90%|█████████ | 92/102 [39:06<03:54, 23.46s/it]
       8/25      20.4G      1.071     0.8477      1.167        970        640:  91%|█████████ | 93/102 [39:06<03:37, 24.13s/it]
       8/25      20.4G       1.07     0.8476      1.167       1251        640:  91%|█████████ | 93/102 [39:34<03:37, 24.13s/it]
       8/25      20.4G       1.07     0.8476      1.167       1251        640:  92%|█████████▏| 94/102 [39:34<03:22, 25.30s/it]
       8/25      20.4G       1.07     0.8482      1.167       1047        640:  92%|█████████▏| 94/102 [40:00<03:22, 25.30s/it]
       8/25      20.4G       1.07     0.8482      1.167       1047        640:  93%|█████████▎| 95/102 [40:00<02:58, 25.52s/it]
       8/25      20.4G       1.07     0.8481      1.167       1093        640:  93%|█████████▎| 95/102 [40:26<02:58, 25.52s/it]
       8/25      20.4G       1.07     0.8481      1.167       1093        640:  94%|█████████▍| 96/102 [40:26<02:33, 25.56s/it]
       8/25      20.4G      1.069     0.8473      1.167       1036        640:  94%|█████████▍| 96/102 [40:52<02:33, 25.56s/it]
       8/25      20.4G      1.069     0.8473      1.167       1036        640:  95%|█████████▌| 97/102 [40:52<02:08, 25.71s/it]
       8/25      20.4G      1.069     0.8471      1.167        944        640:  95%|█████████▌| 97/102 [41:16<02:08, 25.71s/it]
       8/25      20.4G      1.069     0.8471      1.167        944        640:  96%|█████████▌| 98/102 [41:16<01:41, 25.27s/it]
       8/25      20.4G      1.068     0.8469      1.167       1037        640:  96%|█████████▌| 98/102 [41:41<01:41, 25.27s/it]
       8/25      20.4G      1.068     0.8469      1.167       1037        640:  97%|█████████▋| 99/102 [41:41<01:15, 25.22s/it]
       8/25      20.4G      1.068     0.8465      1.167        921        640:  97%|█████████▋| 99/102 [42:06<01:15, 25.22s/it]
       8/25      20.4G      1.068     0.8465      1.167        921        640:  98%|█████████▊| 100/102 [42:06<00:50, 25.23s/it]
       8/25      20.4G      1.068     0.8463      1.167       1051        640:  98%|█████████▊| 100/102 [42:41<00:50, 25.23s/it]
       8/25      20.4G      1.068     0.8463      1.167       1051        640:  99%|█████████▉| 101/102 [42:41<00:28, 28.02s/it]
       8/25      20.4G      1.068     0.8478      1.168        195        640:  99%|█████████▉| 101/102 [42:49<00:28, 28.02s/it]
       8/25      20.4G      1.068     0.8478      1.168        195        640: 100%|██████████| 102/102 [42:49<00:00, 21.96s/it]
       8/25      20.4G      1.068     0.8478      1.168        195        640: 100%|██████████| 102/102 [42:49<00:00, 25.19s/it]

                 Class     Images  Instances      Box(P          R      mAP50  mAP50-95):   0%|          | 0/13 [00:00<?, ?it/s]
                 Class     Images  Instances      Box(P          R      mAP50  mAP50-95):   8%|▊         | 1/13 [00:00<00:03,  3.50it/s]
                 Class     Images  Instances      Box(P          R      mAP50  mAP50-95):  15%|█▌        | 2/13 [00:00<00:03,  3.46it/s]
                 Class     Images  Instances      Box(P          R      mAP50  mAP50-95):  23%|██▎       | 3/13 [00:00<00:02,  3.61it/s]
                 Class     Images  Instances      Box(P          R      mAP50  mAP50-95):  31%|███       | 4/13 [00:01<00:02,  3.61it/s]
                 Class     Images  Instances      Box(P          R      mAP50  mAP50-95):  38%|███▊      | 5/13 [02:55<08:25, 63.24s/it]
                 Class     Images  Instances      Box(P          R      mAP50  mAP50-95):  46%|████▌     | 6/13 [02:56<04:52, 41.83s/it]
                 Class     Images  Instances      Box(P          R      mAP50  mAP50-95):  54%|█████▍    | 7/13 [04:48<06:28, 64.82s/it]
                 Class     Images  Instances      Box(P          R      mAP50  mAP50-95):  62%|██████▏   | 8/13 [04:48<03:41, 44.29s/it]
                 Class     Images  Instances      Box(P          R      mAP50  mAP50-95):  69%|██████▉   | 9/13 [06:31<04:10, 62.65s/it]
                 Class     Images  Instances      Box(P          R      mAP50  mAP50-95):  77%|███████▋  | 10/13 [06:32<02:10, 43.39s/it]
                 Class     Images  Instances      Box(P          R      mAP50  mAP50-95):  85%|████████▍ | 11/13 [08:08<01:59, 59.73s/it]
                 Class     Images  Instances      Box(P          R      mAP50  mAP50-95):  92%|█████████▏| 12/13 [08:09<00:41, 41.64s/it]
                 Class     Images  Instances      Box(P          R      mAP50  mAP50-95): 100%|██████████| 13/13 [08:44<00:00, 39.74s/it]
                 Class     Images  Instances      Box(P          R      mAP50  mAP50-95): 100%|██████████| 13/13 [08:44<00:00, 40.34s/it]
                   all       1620      15401      0.656      0.379      0.436      0.268

      Epoch    GPU_mem   box_loss   cls_loss   dfl_loss  Instances       Size

  0%|          | 0/102 [00:00<?, ?it/s]
       9/25      15.9G      1.086     0.8529      1.177       1101        640:   0%|          | 0/102 [00:00<?, ?it/s]
       9/25      15.9G      1.086     0.8529      1.177       1101        640:   1%|          | 1/102 [00:00<00:19,  5.24it/s]
       9/25      16.3G       1.05     0.8379      1.165        912        640:   1%|          | 1/102 [00:00<00:19,  5.24it/s]
       9/25      16.3G       1.05     0.8379      1.165        912        640:   2%|▏         | 2/102 [00:00<00:17,  5.61it/s]
       9/25      16.3G       1.03     0.8271      1.157        925        640:   2%|▏         | 2/102 [00:57<00:17,  5.61it/s]
       9/25      16.3G       1.03     0.8271      1.157        925        640:   3%|▎         | 3/102 [00:57<43:03, 26.09s/it]
       9/25      16.3G      1.038     0.8443      1.164       1061        640:   3%|▎         | 3/102 [01:40<43:03, 26.09s/it]
       9/25      16.3G      1.038     0.8443      1.164       1061        640:   4%|▍         | 4/102 [01:40<53:24, 32.70s/it]
       9/25      17.3G      1.052     0.8493      1.165       1261        640:   4%|▍         | 4/102 [02:24<53:24, 32.70s/it]
       9/25      17.3G      1.052     0.8493      1.165       1261        640:   5%|▍         | 5/102 [02:24<59:25, 36.75s/it]
       9/25      17.3G      1.053     0.8444      1.164       1083        640:   5%|▍         | 5/102 [03:02<59:25, 36.75s/it]
       9/25      17.3G      1.053     0.8444      1.164       1083        640:   6%|▌         | 6/102 [03:02<59:37, 37.26s/it]
       9/25      17.3G       1.05     0.8369      1.158       1184        640:   6%|▌         | 6/102 [03:26<59:37, 37.26s/it]
       9/25      17.3G       1.05     0.8369      1.158       1184        640:   7%|▋         | 7/102 [03:26<52:03, 32.87s/it]
       9/25      17.3G      1.048     0.8346      1.156       1320        640:   7%|▋         | 7/102 [03:51<52:03, 32.87s/it]
       9/25      17.3G      1.048     0.8346      1.156       1320        640:   8%|▊         | 8/102 [03:51<47:44, 30.48s/it]
       9/25      17.3G      1.049     0.8291      1.157       1060        640:   8%|▊         | 8/102 [04:14<47:44, 30.48s/it]
       9/25      17.3G      1.049     0.8291      1.157       1060        640:   9%|▉         | 9/102 [04:14<43:27, 28.03s/it]
       9/25      17.3G      1.051     0.8268      1.155       1242        640:   9%|▉         | 9/102 [04:38<43:27, 28.03s/it]
       9/25      17.3G      1.051     0.8268      1.155       1242        640:  10%|▉         | 10/102 [04:38<41:22, 26.98s/it]
       9/25      17.3G      1.057     0.8313      1.155       1153        640:  10%|▉         | 10/102 [05:06<41:22, 26.98s/it]
       9/25      17.3G      1.057     0.8313      1.155       1153        640:  11%|█         | 11/102 [05:06<41:11, 27.16s/it]
       9/25      18.4G      1.058      0.828      1.152       1336        640:  11%|█         | 11/102 [05:33<41:11, 27.16s/it]
       9/25      18.4G      1.058      0.828      1.152       1336        640:  12%|█▏        | 12/102 [05:33<40:44, 27.16s/it]
       9/25      18.4G      1.054     0.8248      1.151       1154        640:  12%|█▏        | 12/102 [05:58<40:44, 27.16s/it]
       9/25      18.4G      1.054     0.8248      1.151       1154        640:  13%|█▎        | 13/102 [05:58<39:09, 26.40s/it]
       9/25      18.4G      1.056     0.8269      1.149       1373        640:  13%|█▎        | 13/102 [06:22<39:09, 26.40s/it]
       9/25      18.4G      1.056     0.8269      1.149       1373        640:  14%|█▎        | 14/102 [06:22<37:43, 25.72s/it]
       9/25      18.4G      1.052      0.823      1.146       1182        640:  14%|█▎        | 14/102 [06:46<37:43, 25.72s/it]
       9/25      18.4G      1.052      0.823      1.146       1182        640:  15%|█▍        | 15/102 [06:46<36:31, 25.19s/it]
       9/25      18.4G       1.05     0.8231      1.146        977        640:  15%|█▍        | 15/102 [07:10<36:31, 25.19s/it]
       9/25      18.4G       1.05     0.8231      1.146        977        640:  16%|█▌        | 16/102 [07:10<35:53, 25.04s/it]
       9/25      18.4G      1.049     0.8218      1.145        995        640:  16%|█▌        | 16/102 [07:34<35:53, 25.04s/it]
       9/25      18.4G      1.049     0.8218      1.145        995        640:  17%|█▋        | 17/102 [07:34<34:59, 24.70s/it]
       9/25      18.4G      1.051     0.8271      1.147        970        640:  17%|█▋        | 17/102 [07:58<34:59, 24.70s/it]
       9/25      18.4G      1.051     0.8271      1.147        970        640:  18%|█▊        | 18/102 [07:58<34:06, 24.37s/it]
       9/25      18.4G      1.049     0.8263      1.147       1173        640:  18%|█▊        | 18/102 [08:25<34:06, 24.37s/it]
       9/25      18.4G      1.049     0.8263      1.147       1173        640:  19%|█▊        | 19/102 [08:25<34:41, 25.08s/it]
       9/25      18.4G      1.049     0.8272      1.148        980        640:  19%|█▊        | 19/102 [08:48<34:41, 25.08s/it]
       9/25      18.4G      1.049     0.8272      1.148        980        640:  20%|█▉        | 20/102 [08:48<33:42, 24.67s/it]
       9/25      18.4G      1.049     0.8256      1.147       1267        640:  20%|█▉        | 20/102 [09:12<33:42, 24.67s/it]
       9/25      18.4G      1.049     0.8256      1.147       1267        640:  21%|██        | 21/102 [09:12<32:42, 24.23s/it]
       9/25      18.4G      1.049     0.8244      1.145       1389        640:  21%|██        | 21/102 [09:35<32:42, 24.23s/it]
       9/25      18.4G      1.049     0.8244      1.145       1389        640:  22%|██▏       | 22/102 [09:35<32:07, 24.09s/it]
       9/25      18.4G       1.05     0.8269      1.147       1039        640:  22%|██▏       | 22/102 [09:59<32:07, 24.09s/it]
       9/25      18.4G       1.05     0.8269      1.147       1039        640:  23%|██▎       | 23/102 [09:59<31:31, 23.95s/it]
       9/25      18.4G      1.051     0.8275      1.147       1018        640:  23%|██▎       | 23/102 [10:24<31:31, 23.95s/it]
       9/25      18.4G      1.051     0.8275      1.147       1018        640:  24%|██▎       | 24/102 [10:24<31:31, 24.25s/it]
       9/25      18.4G      1.051     0.8287      1.147       1091        640:  24%|██▎       | 24/102 [10:47<31:31, 24.25s/it]
       9/25      18.4G      1.051     0.8287      1.147       1091        640:  25%|██▍       | 25/102 [10:47<30:44, 23.95s/it]
       9/25      18.4G       1.05     0.8271      1.146       1157        640:  25%|██▍       | 25/102 [11:07<30:44, 23.95s/it]
       9/25      18.4G       1.05     0.8271      1.146       1157        640:  25%|██▌       | 26/102 [11:07<28:43, 22.67s/it]
       9/25      18.4G      1.052     0.8272      1.147       1366        640:  25%|██▌       | 26/102 [11:31<28:43, 22.67s/it]
       9/25      18.4G      1.052     0.8272      1.147       1366        640:  26%|██▋       | 27/102 [11:31<29:01, 23.22s/it]
       9/25      18.4G      1.051     0.8268      1.146       1202        640:  26%|██▋       | 27/102 [11:55<29:01, 23.22s/it]
       9/25      18.4G      1.051     0.8268      1.146       1202        640:  27%|██▋       | 28/102 [11:55<28:47, 23.35s/it]
       9/25      18.4G      1.049     0.8267      1.146        879        640:  27%|██▋       | 28/102 [12:19<28:47, 23.35s/it]
       9/25      18.4G      1.049     0.8267      1.146        879        640:  28%|██▊       | 29/102 [12:19<28:31, 23.45s/it]
       9/25      18.4G      1.048     0.8257      1.146       1068        640:  28%|██▊       | 29/102 [12:44<28:31, 23.45s/it]
       9/25      18.4G      1.048     0.8257      1.146       1068        640:  29%|██▉       | 30/102 [12:44<28:48, 24.01s/it]
       9/25      18.4G      1.049     0.8261      1.146       1008        640:  29%|██▉       | 30/102 [13:10<28:48, 24.01s/it]
       9/25      18.4G      1.049     0.8261      1.146       1008        640:  30%|███       | 31/102 [13:10<28:59, 24.49s/it]
       9/25      18.4G      1.048     0.8265      1.147        943        640:  30%|███       | 31/102 [13:33<28:59, 24.49s/it]
       9/25      18.4G      1.048     0.8265      1.147        943        640:  31%|███▏      | 32/102 [13:33<28:01, 24.02s/it]
       9/25      18.4G      1.047     0.8262      1.147       1067        640:  31%|███▏      | 32/102 [13:58<28:01, 24.02s/it]
       9/25      18.4G      1.047     0.8262      1.147       1067        640:  32%|███▏      | 33/102 [13:58<28:14, 24.56s/it]
       9/25      18.4G      1.047     0.8259      1.147       1281        640:  32%|███▏      | 33/102 [14:24<28:14, 24.56s/it]
       9/25      18.4G      1.047     0.8259      1.147       1281        640:  33%|███▎      | 34/102 [14:24<28:09, 24.85s/it]
       9/25      18.4G      1.047     0.8254      1.147        950        640:  33%|███▎      | 34/102 [14:49<28:09, 24.85s/it]
       9/25      18.4G      1.047     0.8254      1.147        950        640:  34%|███▍      | 35/102 [14:49<27:47, 24.88s/it]
       9/25      18.4G      1.048     0.8255      1.148        920        640:  34%|███▍      | 35/102 [15:16<27:47, 24.88s/it]
       9/25      18.4G      1.048     0.8255      1.148        920        640:  35%|███▌      | 36/102 [15:16<28:06, 25.56s/it]
       9/25      18.4G      1.049     0.8262      1.149        933        640:  35%|███▌      | 36/102 [15:42<28:06, 25.56s/it]
       9/25      18.4G      1.049     0.8262      1.149        933        640:  36%|███▋      | 37/102 [15:42<27:39, 25.54s/it]
       9/25      18.4G       1.05     0.8274       1.15       1141        640:  36%|███▋      | 37/102 [16:06<27:39, 25.54s/it]
       9/25      18.4G       1.05     0.8274       1.15       1141        640:  37%|███▋      | 38/102 [16:06<26:58, 25.29s/it]
       9/25      18.4G       1.05     0.8282       1.15       1193        640:  37%|███▋      | 38/102 [16:33<26:58, 25.29s/it]
       9/25      18.4G       1.05     0.8282       1.15       1193        640:  38%|███▊      | 39/102 [16:33<27:01, 25.74s/it]
       9/25      18.4G       1.05     0.8278       1.15       1004        640:  38%|███▊      | 39/102 [16:58<27:01, 25.74s/it]
       9/25      18.4G       1.05     0.8278       1.15       1004        640:  39%|███▉      | 40/102 [16:58<26:24, 25.55s/it]
       9/25      18.4G       1.05     0.8273       1.15       1295        640:  39%|███▉      | 40/102 [17:24<26:24, 25.55s/it]
       9/25      18.4G       1.05     0.8273       1.15       1295        640:  40%|████      | 41/102 [17:24<26:06, 25.67s/it]
       9/25      18.4G      1.049     0.8279       1.15       1044        640:  40%|████      | 41/102 [17:48<26:06, 25.67s/it]
       9/25      18.4G      1.049     0.8279       1.15       1044        640:  41%|████      | 42/102 [17:48<25:09, 25.16s/it]
       9/25      18.4G       1.05     0.8289       1.15       1033        640:  41%|████      | 42/102 [18:15<25:09, 25.16s/it]
       9/25      18.4G       1.05     0.8289       1.15       1033        640:  42%|████▏     | 43/102 [18:15<25:24, 25.84s/it]
       9/25      18.4G       1.05     0.8297      1.151        898        640:  42%|████▏     | 43/102 [18:39<25:24, 25.84s/it]
       9/25      18.4G       1.05     0.8297      1.151        898        640:  43%|████▎     | 44/102 [18:39<24:22, 25.21s/it]
       9/25      18.4G      1.052     0.8309      1.152       1080        640:  43%|████▎     | 44/102 [19:04<24:22, 25.21s/it]
       9/25      18.4G      1.052     0.8309      1.152       1080        640:  44%|████▍     | 45/102 [19:04<23:44, 24.99s/it]
       9/25      18.4G      1.051     0.8314      1.152       1041        640:  44%|████▍     | 45/102 [19:29<23:44, 24.99s/it]
       9/25      18.4G      1.051     0.8314      1.152       1041        640:  45%|████▌     | 46/102 [19:29<23:26, 25.12s/it]
       9/25      18.4G      1.052     0.8313      1.152       1079        640:  45%|████▌     | 46/102 [19:53<23:26, 25.12s/it]
       9/25      18.4G      1.052     0.8313      1.152       1079        640:  46%|████▌     | 47/102 [19:53<22:34, 24.63s/it]
       9/25      18.4G      1.053     0.8318      1.153       1155        640:  46%|████▌     | 47/102 [20:16<22:34, 24.63s/it]
       9/25      18.4G      1.053     0.8318      1.153       1155        640:  47%|████▋     | 48/102 [20:16<21:48, 24.24s/it]
       9/25      18.4G      1.054     0.8327      1.154       1095        640:  47%|████▋     | 48/102 [20:39<21:48, 24.24s/it]
       9/25      18.4G      1.054     0.8327      1.154       1095        640:  48%|████▊     | 49/102 [20:39<20:59, 23.77s/it]
       9/25      18.4G      1.054     0.8327      1.154       1023        640:  48%|████▊     | 49/102 [21:03<20:59, 23.77s/it]
       9/25      18.4G      1.054     0.8327      1.154       1023        640:  49%|████▉     | 50/102 [21:03<20:45, 23.95s/it]
       9/25      18.4G      1.054     0.8335      1.154       1123        640:  49%|████▉     | 50/102 [21:29<20:45, 23.95s/it]
       9/25      18.4G      1.054     0.8335      1.154       1123        640:  50%|█████     | 51/102 [21:29<20:54, 24.60s/it]
       9/25      18.4G      1.054     0.8328      1.153       1223        640:  50%|█████     | 51/102 [21:50<20:54, 24.60s/it]
       9/25      18.4G      1.054     0.8328      1.153       1223        640:  51%|█████     | 52/102 [21:50<19:33, 23.47s/it]
       9/25      18.4G      1.054     0.8325      1.153       1121        640:  51%|█████     | 52/102 [22:15<19:33, 23.47s/it]
       9/25      18.4G      1.054     0.8325      1.153       1121        640:  52%|█████▏    | 53/102 [22:15<19:28, 23.85s/it]
       9/25      18.4G      1.054     0.8327      1.154       1118        640:  52%|█████▏    | 53/102 [22:41<19:28, 23.85s/it]
       9/25      18.4G      1.054     0.8327      1.154       1118        640:  53%|█████▎    | 54/102 [22:41<19:40, 24.59s/it]
       9/25      18.4G      1.054     0.8315      1.153       1195        640:  53%|█████▎    | 54/102 [23:08<19:40, 24.59s/it]
       9/25      18.4G      1.054     0.8315      1.153       1195        640:  54%|█████▍    | 55/102 [23:08<19:43, 25.18s/it]
       9/25      18.4G      1.054      0.832      1.154       1098        640:  54%|█████▍    | 55/102 [23:33<19:43, 25.18s/it]
       9/25      18.4G      1.054      0.832      1.154       1098        640:  55%|█████▍    | 56/102 [23:33<19:26, 25.35s/it]
       9/25      18.4G      1.054     0.8309      1.153       1127        640:  55%|█████▍    | 56/102 [23:56<19:26, 25.35s/it]
       9/25      18.4G      1.054     0.8309      1.153       1127        640:  56%|█████▌    | 57/102 [23:56<18:30, 24.68s/it]
       9/25      18.4G      1.054      0.831      1.154       1096        640:  56%|█████▌    | 57/102 [24:23<18:30, 24.68s/it]
       9/25      18.4G      1.054      0.831      1.154       1096        640:  57%|█████▋    | 58/102 [24:23<18:31, 25.25s/it]
       9/25      18.4G      1.054     0.8314      1.155        883        640:  57%|█████▋    | 58/102 [24:53<18:31, 25.25s/it]
       9/25      18.4G      1.054     0.8314      1.155        883        640:  58%|█████▊    | 59/102 [24:53<19:11, 26.78s/it]
       9/25      18.4G      1.054     0.8313      1.155       1023        640:  58%|█████▊    | 59/102 [25:17<19:11, 26.78s/it]
       9/25      18.4G      1.054     0.8313      1.155       1023        640:  59%|█████▉    | 60/102 [25:17<18:05, 25.84s/it]
       9/25      18.4G      1.055     0.8311      1.156       1208        640:  59%|█████▉    | 60/102 [25:39<18:05, 25.84s/it]
       9/25      18.4G      1.055     0.8311      1.156       1208        640:  60%|█████▉    | 61/102 [25:39<16:50, 24.65s/it]
       9/25      18.4G      1.055     0.8312      1.156       1089        640:  60%|█████▉    | 61/102 [25:59<16:50, 24.65s/it]
       9/25      18.4G      1.055     0.8312      1.156       1089        640:  61%|██████    | 62/102 [25:59<15:37, 23.44s/it]
       9/25      18.4G      1.055     0.8322      1.156       1135        640:  61%|██████    | 62/102 [26:21<15:37, 23.44s/it]
       9/25      18.4G      1.055     0.8322      1.156       1135        640:  62%|██████▏   | 63/102 [26:21<14:48, 22.79s/it]
       9/25      18.4G      1.056     0.8324      1.157       1122        640:  62%|██████▏   | 63/102 [26:41<14:48, 22.79s/it]
       9/25      18.4G      1.056     0.8324      1.157       1122        640:  63%|██████▎   | 64/102 [26:41<14:00, 22.11s/it]
       9/25      18.4G      1.056     0.8327      1.158        897        640:  63%|██████▎   | 64/102 [27:00<14:00, 22.11s/it]
       9/25      18.4G      1.056     0.8327      1.158        897        640:  64%|██████▎   | 65/102 [27:00<13:02, 21.14s/it]
       9/25      18.4G      1.056     0.8328      1.158       1093        640:  64%|██████▎   | 65/102 [27:22<13:02, 21.14s/it]
       9/25      18.4G      1.056     0.8328      1.158       1093        640:  65%|██████▍   | 66/102 [27:22<12:52, 21.46s/it]
       9/25      18.4G      1.056     0.8332      1.158       1006        640:  65%|██████▍   | 66/102 [27:44<12:52, 21.46s/it]
       9/25      18.4G      1.056     0.8332      1.158       1006        640:  66%|██████▌   | 67/102 [27:44<12:29, 21.43s/it]
       9/25      18.4G      1.055     0.8329      1.158        850        640:  66%|██████▌   | 67/102 [28:02<12:29, 21.43s/it]
       9/25      18.4G      1.055     0.8329      1.158        850        640:  67%|██████▋   | 68/102 [28:02<11:31, 20.35s/it]
       9/25      18.4G      1.057     0.8335      1.158       1038        640:  67%|██████▋   | 68/102 [28:23<11:31, 20.35s/it]
       9/25      18.4G      1.057     0.8335      1.158       1038        640:  68%|██████▊   | 69/102 [28:23<11:23, 20.73s/it]
       9/25      18.4G      1.056     0.8337      1.158        890        640:  68%|██████▊   | 69/102 [28:42<11:23, 20.73s/it]
       9/25      18.4G      1.056     0.8337      1.158        890        640:  69%|██████▊   | 70/102 [28:42<10:50, 20.32s/it]
       9/25      18.4G      1.056     0.8342      1.158       1061        640:  69%|██████▊   | 70/102 [29:04<10:50, 20.32s/it]
       9/25      18.4G      1.056     0.8342      1.158       1061        640:  70%|██████▉   | 71/102 [29:04<10:43, 20.77s/it]
       9/25      18.4G      1.056     0.8338      1.158       1119        640:  70%|██████▉   | 71/102 [29:25<10:43, 20.77s/it]
       9/25      18.4G      1.056     0.8338      1.158       1119        640:  71%|███████   | 72/102 [29:25<10:25, 20.85s/it]
       9/25      18.4G      1.056     0.8331      1.158        955        640:  71%|███████   | 72/102 [29:47<10:25, 20.85s/it]
       9/25      18.4G      1.056     0.8331      1.158        955        640:  72%|███████▏  | 73/102 [29:47<10:11, 21.08s/it]
       9/25      18.4G      1.056     0.8329      1.158       1437        640:  72%|███████▏  | 73/102 [30:08<10:11, 21.08s/it]
       9/25      18.4G      1.056     0.8329      1.158       1437        640:  73%|███████▎  | 74/102 [30:08<09:48, 21.02s/it]
       9/25      18.4G      1.056     0.8325      1.158        970        640:  73%|███████▎  | 74/102 [30:28<09:48, 21.02s/it]
       9/25      18.4G      1.056     0.8325      1.158        970        640:  74%|███████▎  | 75/102 [30:28<09:18, 20.70s/it]
       9/25      18.4G      1.056     0.8319      1.158       1010        640:  74%|███████▎  | 75/102 [30:48<09:18, 20.70s/it]
       9/25      18.4G      1.056     0.8319      1.158       1010        640:  75%|███████▍  | 76/102 [30:48<08:57, 20.66s/it]
       9/25      18.4G      1.056      0.831      1.158       1241        640:  75%|███████▍  | 76/102 [31:12<08:57, 20.66s/it]
       9/25      18.4G      1.056      0.831      1.158       1241        640:  75%|███████▌  | 77/102 [31:12<08:58, 21.55s/it]
       9/25      18.4G      1.056     0.8312      1.158       1130        640:  75%|███████▌  | 77/102 [31:35<08:58, 21.55s/it]
       9/25      18.4G      1.056     0.8312      1.158       1130        640:  76%|███████▋  | 78/102 [31:35<08:46, 21.92s/it]
       9/25      18.4G      1.056     0.8306      1.157       1074        640:  76%|███████▋  | 78/102 [31:55<08:46, 21.92s/it]
       9/25      18.4G      1.056     0.8306      1.157       1074        640:  77%|███████▋  | 79/102 [31:55<08:14, 21.49s/it]
       9/25      18.4G      1.056       0.83      1.157       1227        640:  77%|███████▋  | 79/102 [32:18<08:14, 21.49s/it]
       9/25      18.4G      1.056       0.83      1.157       1227        640:  78%|███████▊  | 80/102 [32:18<08:02, 21.91s/it]
       9/25      18.4G      1.056     0.8298      1.157       1176        640:  78%|███████▊  | 80/102 [32:41<08:02, 21.91s/it]
       9/25      18.4G      1.056     0.8298      1.157       1176        640:  79%|███████▉  | 81/102 [32:41<07:43, 22.09s/it]
       9/25      18.4G      1.055     0.8297      1.157        999        640:  79%|███████▉  | 81/102 [33:01<07:43, 22.09s/it]
       9/25      18.4G      1.055     0.8297      1.157        999        640:  80%|████████  | 82/102 [33:01<07:12, 21.62s/it]
       9/25      18.4G      1.055     0.8297      1.157        861        640:  80%|████████  | 82/102 [33:24<07:12, 21.62s/it]
       9/25      18.4G      1.055     0.8297      1.157        861        640:  81%|████████▏ | 83/102 [33:24<06:55, 21.84s/it]
       9/25      18.4G      1.055     0.8294      1.157       1141        640:  81%|████████▏ | 83/102 [33:45<06:55, 21.84s/it]
       9/25      18.4G      1.055     0.8294      1.157       1141        640:  82%|████████▏ | 84/102 [33:45<06:32, 21.79s/it]
       9/25      18.4G      1.054     0.8292      1.157       1061        640:  82%|████████▏ | 84/102 [34:07<06:32, 21.79s/it]
       9/25      18.4G      1.054     0.8292      1.157       1061        640:  83%|████████▎ | 85/102 [34:07<06:09, 21.74s/it]
       9/25      18.4G      1.054     0.8292      1.156       1007        640:  83%|████████▎ | 85/102 [34:27<06:09, 21.74s/it]
       9/25      18.4G      1.054     0.8292      1.156       1007        640:  84%|████████▍ | 86/102 [34:27<05:42, 21.39s/it]
       9/25      18.4G      1.053     0.8289      1.156       1054        640:  84%|████████▍ | 86/102 [34:50<05:42, 21.39s/it]
       9/25      18.4G      1.053     0.8289      1.156       1054        640:  85%|████████▌ | 87/102 [34:50<05:25, 21.68s/it]
       9/25      18.4G      1.054     0.8296      1.156       1047        640:  85%|████████▌ | 87/102 [35:08<05:25, 21.68s/it]
       9/25      18.4G      1.054     0.8296      1.156       1047        640:  86%|████████▋ | 88/102 [35:08<04:49, 20.65s/it]
       9/25      18.4G      1.053     0.8292      1.156        968        640:  86%|████████▋ | 88/102 [35:29<04:49, 20.65s/it]
       9/25      18.4G      1.053     0.8292      1.156        968        640:  87%|████████▋ | 89/102 [35:29<04:29, 20.72s/it]
       9/25      18.4G      1.053     0.8289      1.156       1087        640:  87%|████████▋ | 89/102 [35:49<04:29, 20.72s/it]
       9/25      18.4G      1.053     0.8289      1.156       1087        640:  88%|████████▊ | 90/102 [35:49<04:07, 20.61s/it]
       9/25      18.4G      1.053     0.8286      1.155       1009        640:  88%|████████▊ | 90/102 [36:10<04:07, 20.61s/it]
       9/25      18.4G      1.053     0.8286      1.155       1009        640:  89%|████████▉ | 91/102 [36:10<03:48, 20.78s/it]
       9/25      18.4G      1.052      0.828      1.155       1121        640:  89%|████████▉ | 91/102 [36:34<03:48, 20.78s/it]
       9/25      18.4G      1.052      0.828      1.155       1121        640:  90%|█████████ | 92/102 [36:34<03:35, 21.52s/it]
       9/25      18.4G      1.052     0.8275      1.155       1234        640:  90%|█████████ | 92/102 [36:55<03:35, 21.52s/it]
       9/25      18.4G      1.052     0.8275      1.155       1234        640:  91%|█████████ | 93/102 [36:55<03:13, 21.51s/it]
       9/25      18.4G      1.053     0.8275      1.155       1218        640:  91%|█████████ | 93/102 [37:17<03:13, 21.51s/it]
       9/25      18.4G      1.053     0.8275      1.155       1218        640:  92%|█████████▏| 94/102 [37:17<02:51, 21.50s/it]
       9/25      18.4G      1.053     0.8275      1.155       1241        640:  92%|█████████▏| 94/102 [37:39<02:51, 21.50s/it]
       9/25      18.4G      1.053     0.8275      1.155       1241        640:  93%|█████████▎| 95/102 [37:39<02:31, 21.62s/it]
       9/25      18.4G      1.053     0.8274      1.155       1056        640:  93%|█████████▎| 95/102 [38:01<02:31, 21.62s/it]
       9/25      18.4G      1.053     0.8274      1.155       1056        640:  94%|█████████▍| 96/102 [38:01<02:10, 21.74s/it]
       9/25      18.4G      1.053     0.8277      1.155        984        640:  94%|█████████▍| 96/102 [38:20<02:10, 21.74s/it]
       9/25      18.4G      1.053     0.8277      1.155        984        640:  95%|█████████▌| 97/102 [38:20<01:45, 21.13s/it]
       9/25      18.4G      1.053     0.8276      1.155       1097        640:  95%|█████████▌| 97/102 [38:43<01:45, 21.13s/it]
       9/25      18.4G      1.053     0.8276      1.155       1097        640:  96%|█████████▌| 98/102 [38:43<01:25, 21.49s/it]
       9/25      18.4G      1.053     0.8273      1.154       1182        640:  96%|█████████▌| 98/102 [39:05<01:25, 21.49s/it]
       9/25      18.4G      1.053     0.8273      1.154       1182        640:  97%|█████████▋| 99/102 [39:05<01:04, 21.62s/it]
       9/25      18.4G      1.053     0.8272      1.154        965        640:  97%|█████████▋| 99/102 [39:26<01:04, 21.62s/it]
       9/25      18.4G      1.053     0.8272      1.154        965        640:  98%|█████████▊| 100/102 [39:26<00:43, 21.68s/it]
       9/25      18.4G      1.052      0.827      1.154       1206        640:  98%|█████████▊| 100/102 [39:47<00:43, 21.68s/it]
       9/25      18.4G      1.052      0.827      1.154       1206        640:  99%|█████████▉| 101/102 [39:47<00:21, 21.51s/it]
       9/25      18.4G      1.052     0.8273      1.154        248        640:  99%|█████████▉| 101/102 [39:52<00:21, 21.51s/it]
       9/25      18.4G      1.052     0.8273      1.154        248        640: 100%|██████████| 102/102 [39:52<00:00, 16.49s/it]
       9/25      18.4G      1.052     0.8273      1.154        248        640: 100%|██████████| 102/102 [39:52<00:00, 23.46s/it]

                 Class     Images  Instances      Box(P          R      mAP50  mAP50-95):   0%|          | 0/13 [00:00<?, ?it/s]
                 Class     Images  Instances      Box(P          R      mAP50  mAP50-95):   8%|▊         | 1/13 [00:00<00:03,  3.18it/s]
                 Class     Images  Instances      Box(P          R      mAP50  mAP50-95):  15%|█▌        | 2/13 [00:00<00:03,  3.07it/s]
                 Class     Images  Instances      Box(P          R      mAP50  mAP50-95):  23%|██▎       | 3/13 [00:00<00:03,  3.15it/s]
                 Class     Images  Instances      Box(P          R      mAP50  mAP50-95):  31%|███       | 4/13 [00:01<00:02,  3.21it/s]
                 Class     Images  Instances      Box(P          R      mAP50  mAP50-95):  38%|███▊      | 5/13 [02:10<06:14, 46.84s/it]
                 Class     Images  Instances      Box(P          R      mAP50  mAP50-95):  46%|████▌     | 6/13 [02:10<03:37, 31.02s/it]
                 Class     Images  Instances      Box(P          R      mAP50  mAP50-95):  54%|█████▍    | 7/13 [03:32<04:44, 47.46s/it]
                 Class     Images  Instances      Box(P          R      mAP50  mAP50-95):  62%|██████▏   | 8/13 [03:32<02:42, 32.45s/it]
                 Class     Images  Instances      Box(P          R      mAP50  mAP50-95):  69%|██████▉   | 9/13 [05:00<03:19, 49.95s/it]
                 Class     Images  Instances      Box(P          R      mAP50  mAP50-95):  77%|███████▋  | 10/13 [05:01<01:43, 34.62s/it]
                 Class     Images  Instances      Box(P          R      mAP50  mAP50-95):  85%|████████▍ | 11/13 [06:29<01:41, 50.93s/it]
                 Class     Images  Instances      Box(P          R      mAP50  mAP50-95):  92%|█████████▏| 12/13 [06:29<00:35, 35.52s/it]
                 Class     Images  Instances      Box(P          R      mAP50  mAP50-95): 100%|██████████| 13/13 [07:00<00:00, 34.14s/it]
                 Class     Images  Instances      Box(P          R      mAP50  mAP50-95): 100%|██████████| 13/13 [07:00<00:00, 32.34s/it]
                   all       1620      15401      0.663      0.417      0.469      0.278

      Epoch    GPU_mem   box_loss   cls_loss   dfl_loss  Instances       Size

  0%|          | 0/102 [00:00<?, ?it/s]
      10/25      16.4G      1.022     0.8151      1.172        992        640:   0%|          | 0/102 [00:00<?, ?it/s]
      10/25      16.4G      1.022     0.8151      1.172        992        640:   1%|          | 1/102 [00:00<00:18,  5.56it/s]
      10/25      16.4G       1.05     0.8774       1.17       1026        640:   1%|          | 1/102 [00:00<00:18,  5.56it/s]
      10/25      16.4G       1.05     0.8774       1.17       1026        640:   2%|▏         | 2/102 [00:00<00:17,  5.66it/s]
      10/25      17.5G      1.041     0.8674      1.162       1232        640:   2%|▏         | 2/102 [00:51<00:17,  5.66it/s]
      10/25      17.5G      1.041     0.8674      1.162       1232        640:   3%|▎         | 3/102 [00:51<38:49, 23.53s/it]
      10/25      17.5G      1.046     0.8531      1.155       1032        640:   3%|▎         | 3/102 [01:34<38:49, 23.53s/it]
      10/25      17.5G      1.046     0.8531      1.155       1032        640:   4%|▍         | 4/102 [01:34<50:35, 30.97s/it]
      10/25      17.5G      1.043     0.8438      1.156       1156        640:   4%|▍         | 4/102 [02:11<50:35, 30.97s/it]
      10/25      17.5G      1.043     0.8438      1.156       1156        640:   5%|▍         | 5/102 [02:11<53:43, 33.23s/it]
      10/25      17.5G      1.051     0.8529      1.155       1178        640:   5%|▍         | 5/102 [02:44<53:43, 33.23s/it]
      10/25      17.5G      1.051     0.8529      1.155       1178        640:   6%|▌         | 6/102 [02:44<53:18, 33.32s/it]
      10/25      17.5G      1.054      0.846      1.155       1093        640:   6%|▌         | 6/102 [03:06<53:18, 33.32s/it]
      10/25      17.5G      1.054      0.846      1.155       1093        640:   7%|▋         | 7/102 [03:06<46:33, 29.40s/it]
      10/25      17.5G      1.054     0.8437      1.153       1201        640:   7%|▋         | 7/102 [03:27<46:33, 29.40s/it]
      10/25      17.5G      1.054     0.8437      1.153       1201        640:   8%|▊         | 8/102 [03:27<41:54, 26.75s/it]
      10/25      17.5G      1.053     0.8365       1.15       1136        640:   8%|▊         | 8/102 [03:47<41:54, 26.75s/it]
      10/25      17.5G      1.053     0.8365       1.15       1136        640:   9%|▉         | 9/102 [03:47<38:18, 24.71s/it]
      10/25      17.5G      1.055     0.8361      1.147       1176        640:   9%|▉         | 9/102 [04:09<38:18, 24.71s/it]
      10/25      17.5G      1.055     0.8361      1.147       1176        640:  10%|▉         | 10/102 [04:09<36:27, 23.78s/it]
      10/25      17.5G      1.057     0.8369      1.148       1142        640:  10%|▉         | 10/102 [04:32<36:27, 23.78s/it]
      10/25      17.5G      1.057     0.8369      1.148       1142        640:  11%|█         | 11/102 [04:32<35:53, 23.67s/it]
      10/25      17.5G      1.057     0.8337      1.146       1236        640:  11%|█         | 11/102 [04:53<35:53, 23.67s/it]
      10/25      17.5G      1.057     0.8337      1.146       1236        640:  12%|█▏        | 12/102 [04:53<34:21, 22.90s/it]
      10/25      17.5G      1.056      0.835      1.145       1152        640:  12%|█▏        | 12/102 [05:16<34:21, 22.90s/it]
      10/25      17.5G      1.056      0.835      1.145       1152        640:  13%|█▎        | 13/102 [05:16<33:48, 22.79s/it]
      10/25      17.5G      1.054     0.8318      1.143       1034        640:  13%|█▎        | 13/102 [05:37<33:48, 22.79s/it]
      10/25      17.5G      1.054     0.8318      1.143       1034        640:  14%|█▎        | 14/102 [05:37<32:40, 22.27s/it]
      10/25      17.5G      1.053     0.8312      1.143       1068        640:  14%|█▎        | 14/102 [06:00<32:40, 22.27s/it]
      10/25      17.5G      1.053     0.8312      1.143       1068        640:  15%|█▍        | 15/102 [06:00<32:40, 22.53s/it]
      10/25      17.5G      1.052     0.8267      1.142       1091        640:  15%|█▍        | 15/102 [06:19<32:40, 22.53s/it]
      10/25      17.5G      1.052     0.8267      1.142       1091        640:  16%|█▌        | 16/102 [06:19<31:00, 21.64s/it]
      10/25      17.5G      1.051     0.8286      1.142        995        640:  16%|█▌        | 16/102 [06:40<31:00, 21.64s/it]
      10/25      17.5G      1.051     0.8286      1.142        995        640:  17%|█▋        | 17/102 [06:40<30:01, 21.19s/it]
      10/25      17.5G      1.048      0.826      1.142        863        640:  17%|█▋        | 17/102 [07:00<30:01, 21.19s/it]
      10/25      17.5G      1.048      0.826      1.142        863        640:  18%|█▊        | 18/102 [07:00<29:14, 20.89s/it]
      10/25      17.5G      1.046     0.8219      1.142       1065        640:  18%|█▊        | 18/102 [07:21<29:14, 20.89s/it]
      10/25      17.5G      1.046     0.8219      1.142       1065        640:  19%|█▊        | 19/102 [07:21<29:09, 21.07s/it]
      10/25      17.5G      1.044     0.8209      1.141       1114        640:  19%|█▊        | 19/102 [07:42<29:09, 21.07s/it]
      10/25      17.5G      1.044     0.8209      1.141       1114        640:  20%|█▉        | 20/102 [07:42<28:49, 21.09s/it]
      10/25      17.5G      1.044     0.8208      1.141       1078        640:  20%|█▉        | 20/102 [08:05<28:49, 21.09s/it]
      10/25      17.5G      1.044     0.8208      1.141       1078        640:  21%|██        | 21/102 [08:05<28:54, 21.41s/it]
      10/25      18.4G      1.043     0.8196      1.142       1169        640:  21%|██        | 21/102 [08:26<28:54, 21.41s/it]
      10/25      18.4G      1.043     0.8196      1.142       1169        640:  22%|██▏       | 22/102 [08:26<28:21, 21.27s/it]
      10/25      18.4G      1.043     0.8186      1.142       1008        640:  22%|██▏       | 22/102 [08:46<28:21, 21.27s/it]
      10/25      18.4G      1.043     0.8186      1.142       1008        640:  23%|██▎       | 23/102 [08:46<27:49, 21.13s/it]
      10/25      18.4G      1.042     0.8181      1.142       1081        640:  23%|██▎       | 23/102 [09:07<27:49, 21.13s/it]
      10/25      18.4G      1.042     0.8181      1.142       1081        640:  24%|██▎       | 24/102 [09:07<27:24, 21.08s/it]
      10/25      18.4G      1.043     0.8189      1.141       1167        640:  24%|██▎       | 24/102 [09:29<27:24, 21.08s/it]
      10/25      18.4G      1.043     0.8189      1.141       1167        640:  25%|██▍       | 25/102 [09:29<27:12, 21.20s/it]
      10/25      18.4G      1.043     0.8175      1.141       1132        640:  25%|██▍       | 25/102 [09:49<27:12, 21.20s/it]
      10/25      18.4G      1.043     0.8175      1.141       1132        640:  25%|██▌       | 26/102 [09:49<26:17, 20.76s/it]
      10/25      18.4G      1.041     0.8169      1.141       1148        640:  25%|██▌       | 26/102 [10:10<26:17, 20.76s/it]
      10/25      18.4G      1.041     0.8169      1.141       1148        640:  26%|██▋       | 27/102 [10:10<26:05, 20.87s/it]
      10/25      18.4G      1.041     0.8154      1.142       1063        640:  26%|██▋       | 27/102 [10:30<26:05, 20.87s/it]
      10/25      18.4G      1.041     0.8154      1.142       1063        640:  27%|██▋       | 28/102 [10:30<25:35, 20.75s/it]
      10/25      18.4G      1.041     0.8138      1.142       1183        640:  27%|██▋       | 28/102 [10:52<25:35, 20.75s/it]
      10/25      18.4G      1.041     0.8138      1.142       1183        640:  28%|██▊       | 29/102 [10:52<25:45, 21.17s/it]
      10/25      18.4G       1.04     0.8143      1.142       1031        640:  28%|██▊       | 29/102 [11:14<25:45, 21.17s/it]
      10/25      18.4G       1.04     0.8143      1.142       1031        640:  29%|██▉       | 30/102 [11:14<25:34, 21.31s/it]
      10/25      18.4G      1.041     0.8149      1.144        979        640:  29%|██▉       | 30/102 [11:35<25:34, 21.31s/it]
      10/25      18.4G      1.041     0.8149      1.144        979        640:  30%|███       | 31/102 [11:35<25:05, 21.21s/it]
      10/25      18.4G      1.041     0.8152      1.144        982        640:  30%|███       | 31/102 [11:56<25:05, 21.21s/it]
      10/25      18.4G      1.041     0.8152      1.144        982        640:  31%|███▏      | 32/102 [11:56<24:37, 21.11s/it]
      10/25      18.4G      1.043     0.8161      1.145       1160        640:  31%|███▏      | 32/102 [12:17<24:37, 21.11s/it]
      10/25      18.4G      1.043     0.8161      1.145       1160        640:  32%|███▏      | 33/102 [12:17<24:18, 21.14s/it]
      10/25      18.4G      1.041     0.8152      1.144       1059        640:  32%|███▏      | 33/102 [12:38<24:18, 21.14s/it]
      10/25      18.4G      1.041     0.8152      1.144       1059        640:  33%|███▎      | 34/102 [12:38<23:56, 21.12s/it]
      10/25      18.4G      1.043      0.815      1.144       1368        640:  33%|███▎      | 34/102 [12:58<23:56, 21.12s/it]
      10/25      18.4G      1.043      0.815      1.144       1368        640:  34%|███▍      | 35/102 [12:58<23:16, 20.85s/it]
      10/25      18.4G      1.043     0.8156      1.145       1115        640:  34%|███▍      | 35/102 [13:20<23:16, 20.85s/it]
      10/25      18.4G      1.043     0.8156      1.145       1115        640:  35%|███▌      | 36/102 [13:20<23:12, 21.10s/it]
      10/25      18.4G      1.043     0.8159      1.145        997        640:  35%|███▌      | 36/102 [13:42<23:12, 21.10s/it]
      10/25      18.4G      1.043     0.8159      1.145        997        640:  36%|███▋      | 37/102 [13:42<23:03, 21.28s/it]
      10/25      18.4G      1.043      0.815      1.144       1216        640:  36%|███▋      | 37/102 [14:02<23:03, 21.28s/it]
      10/25      18.4G      1.043      0.815      1.144       1216        640:  37%|███▋      | 38/102 [14:02<22:32, 21.13s/it]
      10/25      18.4G      1.042     0.8141      1.144       1114        640:  37%|███▋      | 38/102 [14:26<22:32, 21.13s/it]
      10/25      18.4G      1.042     0.8141      1.144       1114        640:  38%|███▊      | 39/102 [14:26<22:51, 21.77s/it]
      10/25      18.4G      1.042     0.8127      1.144       1244        640:  38%|███▊      | 39/102 [14:46<22:51, 21.77s/it]
      10/25      18.4G      1.042     0.8127      1.144       1244        640:  39%|███▉      | 40/102 [14:46<22:11, 21.48s/it]
      10/25      18.4G      1.041     0.8122      1.143       1052        640:  39%|███▉      | 40/102 [15:09<22:11, 21.48s/it]
      10/25      18.4G      1.041     0.8122      1.143       1052        640:  40%|████      | 41/102 [15:09<22:00, 21.64s/it]
      10/25      18.4G       1.04     0.8111      1.143        920        640:  40%|████      | 41/102 [15:31<22:00, 21.64s/it]
      10/25      18.4G       1.04     0.8111      1.143        920        640:  41%|████      | 42/102 [15:31<22:00, 22.00s/it]
      10/25      18.4G      1.041     0.8116      1.143       1172        640:  41%|████      | 42/102 [15:53<22:00, 22.00s/it]
      10/25      18.4G      1.041     0.8116      1.143       1172        640:  42%|████▏     | 43/102 [15:53<21:40, 22.04s/it]
      10/25      18.4G      1.041     0.8121      1.144       1137        640:  42%|████▏     | 43/102 [16:18<21:40, 22.04s/it]
      10/25      18.4G      1.041     0.8121      1.144       1137        640:  43%|████▎     | 44/102 [16:18<21:53, 22.64s/it]
      10/25      18.4G      1.041     0.8111      1.144       1122        640:  43%|████▎     | 44/102 [16:40<21:53, 22.64s/it]
      10/25      18.4G      1.041     0.8111      1.144       1122        640:  44%|████▍     | 45/102 [16:40<21:26, 22.56s/it]
      10/25      18.4G       1.04     0.8107      1.144       1142        640:  44%|████▍     | 45/102 [17:04<21:26, 22.56s/it]
      10/25      18.4G       1.04     0.8107      1.144       1142        640:  45%|████▌     | 46/102 [17:04<21:21, 22.89s/it]
      10/25      18.4G      1.039       0.81      1.143       1179        640:  45%|████▌     | 46/102 [17:25<21:21, 22.89s/it]
      10/25      18.4G      1.039       0.81      1.143       1179        640:  46%|████▌     | 47/102 [17:25<20:31, 22.40s/it]
      10/25      18.4G      1.039     0.8102      1.143       1120        640:  46%|████▌     | 47/102 [17:46<20:31, 22.40s/it]
      10/25      18.4G      1.039     0.8102      1.143       1120        640:  47%|████▋     | 48/102 [17:46<19:45, 21.96s/it]
      10/25      18.4G      1.037      0.809      1.143       1122        640:  47%|████▋     | 48/102 [18:07<19:45, 21.96s/it]
      10/25      18.4G      1.037      0.809      1.143       1122        640:  48%|████▊     | 49/102 [18:07<19:19, 21.87s/it]
      10/25      18.4G      1.038     0.8092      1.143       1005        640:  48%|████▊     | 49/102 [18:29<19:19, 21.87s/it]
      10/25      18.4G      1.038     0.8092      1.143       1005        640:  49%|████▉     | 50/102 [18:29<18:51, 21.75s/it]
      10/25      18.4G      1.038     0.8089      1.143       1182        640:  49%|████▉     | 50/102 [18:53<18:51, 21.75s/it]
      10/25      18.4G      1.038     0.8089      1.143       1182        640:  50%|█████     | 51/102 [18:53<19:03, 22.41s/it]
      10/25      18.4G      1.039     0.8098      1.144        976        640:  50%|█████     | 51/102 [19:12<19:03, 22.41s/it]
      10/25      18.4G      1.039     0.8098      1.144        976        640:  51%|█████     | 52/102 [19:12<17:48, 21.38s/it]
      10/25      18.4G       1.04     0.8102      1.144       1132        640:  51%|█████     | 52/102 [19:34<17:48, 21.38s/it]
      10/25      18.4G       1.04     0.8102      1.144       1132        640:  52%|█████▏    | 53/102 [19:34<17:36, 21.56s/it]
      10/25      18.4G       1.04     0.8095      1.144       1030        640:  52%|█████▏    | 53/102 [19:56<17:36, 21.56s/it]
      10/25      18.4G       1.04     0.8095      1.144       1030        640:  53%|█████▎    | 54/102 [19:56<17:21, 21.70s/it]
      10/25      18.4G      1.041     0.8096      1.144       1067        640:  53%|█████▎    | 54/102 [20:18<17:21, 21.70s/it]
      10/25      18.4G      1.041     0.8096      1.144       1067        640:  54%|█████▍    | 55/102 [20:18<17:13, 21.98s/it]
      10/25      18.4G      1.041     0.8094      1.144       1041        640:  54%|█████▍    | 55/102 [20:39<17:13, 21.98s/it]
      10/25      18.4G      1.041     0.8094      1.144       1041        640:  55%|█████▍    | 56/102 [20:39<16:33, 21.60s/it]
      10/25      18.4G      1.041     0.8104      1.145       1015        640:  55%|█████▍    | 56/102 [21:02<16:33, 21.60s/it]
      10/25      18.4G      1.041     0.8104      1.145       1015        640:  56%|█████▌    | 57/102 [21:02<16:27, 21.94s/it]
      10/25      18.4G      1.041     0.8107      1.145        940        640:  56%|█████▌    | 57/102 [21:24<16:27, 21.94s/it]
      10/25      18.4G      1.041     0.8107      1.145        940        640:  57%|█████▋    | 58/102 [21:24<16:07, 21.98s/it]
      10/25      18.4G      1.042      0.811      1.146        991        640:  57%|█████▋    | 58/102 [21:44<16:07, 21.98s/it]
      10/25      18.4G      1.042      0.811      1.146        991        640:  58%|█████▊    | 59/102 [21:44<15:21, 21.44s/it]
      10/25      18.4G      1.042      0.811      1.146       1032        640:  58%|█████▊    | 59/102 [22:06<15:21, 21.44s/it]
      10/25      18.4G      1.042      0.811      1.146       1032        640:  59%|█████▉    | 60/102 [22:06<15:01, 21.47s/it]
      10/25      18.4G      1.042      0.811      1.146       1148        640:  59%|█████▉    | 60/102 [22:28<15:01, 21.47s/it]
      10/25      18.4G      1.042      0.811      1.146       1148        640:  60%|█████▉    | 61/102 [22:28<14:51, 21.74s/it]
      10/25      18.4G      1.041     0.8107      1.146       1048        640:  60%|█████▉    | 61/102 [22:50<14:51, 21.74s/it]
      10/25      18.4G      1.041     0.8107      1.146       1048        640:  61%|██████    | 62/102 [22:50<14:27, 21.69s/it]
      10/25      18.4G      1.042     0.8116      1.146       1117        640:  61%|██████    | 62/102 [23:12<14:27, 21.69s/it]
      10/25      18.4G      1.042     0.8116      1.146       1117        640:  62%|██████▏   | 63/102 [23:12<14:19, 22.04s/it]
      10/25      18.4G      1.041     0.8114      1.146        975        640:  62%|██████▏   | 63/102 [23:35<14:19, 22.04s/it]
      10/25      18.4G      1.041     0.8114      1.146        975        640:  63%|██████▎   | 64/102 [23:35<14:02, 22.18s/it]
      10/25      18.4G      1.041     0.8109      1.145       1216        640:  63%|██████▎   | 64/102 [23:56<14:02, 22.18s/it]
      10/25      18.4G      1.041     0.8109      1.145       1216        640:  64%|██████▎   | 65/102 [23:56<13:25, 21.77s/it]
      10/25      18.4G       1.04     0.8103      1.145       1037        640:  64%|██████▎   | 65/102 [24:16<13:25, 21.77s/it]
      10/25      18.4G       1.04     0.8103      1.145       1037        640:  65%|██████▍   | 66/102 [24:16<12:48, 21.33s/it]
      10/25      18.4G       1.04     0.8103      1.145       1109        640:  65%|██████▍   | 66/102 [24:38<12:48, 21.33s/it]
      10/25      18.4G       1.04     0.8103      1.145       1109        640:  66%|██████▌   | 67/102 [24:38<12:27, 21.37s/it]
      10/25      18.4G      1.041     0.8112      1.145       1084        640:  66%|██████▌   | 67/102 [25:00<12:27, 21.37s/it]
      10/25      18.4G      1.041     0.8112      1.145       1084        640:  67%|██████▋   | 68/102 [25:00<12:13, 21.56s/it]
      10/25      18.4G      1.041     0.8113      1.145       1304        640:  67%|██████▋   | 68/102 [25:22<12:13, 21.56s/it]
      10/25      18.4G      1.041     0.8113      1.145       1304        640:  68%|██████▊   | 69/102 [25:22<12:01, 21.85s/it]
      10/25      18.4G      1.041     0.8107      1.145       1193        640:  68%|██████▊   | 69/102 [25:44<12:01, 21.85s/it]
      10/25      18.4G      1.041     0.8107      1.145       1193        640:  69%|██████▊   | 70/102 [25:44<11:35, 21.74s/it]
      10/25      18.4G      1.042     0.8105      1.145       1150        640:  69%|██████▊   | 70/102 [26:03<11:35, 21.74s/it]
      10/25      18.4G      1.042     0.8105      1.145       1150        640:  70%|██████▉   | 71/102 [26:03<10:55, 21.15s/it]
      10/25      18.4G      1.041     0.8096      1.144       1316        640:  70%|██████▉   | 71/102 [26:25<10:55, 21.15s/it]
      10/25      18.4G      1.041     0.8096      1.144       1316        640:  71%|███████   | 72/102 [26:25<10:39, 21.33s/it]
      10/25      18.4G      1.041     0.8085      1.144       1097        640:  71%|███████   | 72/102 [26:49<10:39, 21.33s/it]
      10/25      18.4G      1.041     0.8085      1.144       1097        640:  72%|███████▏  | 73/102 [26:49<10:43, 22.20s/it]
      10/25      18.4G       1.04      0.808      1.144        849        640:  72%|███████▏  | 73/102 [27:10<10:43, 22.20s/it]
      10/25      18.4G       1.04      0.808      1.144        849        640:  73%|███████▎  | 74/102 [27:10<10:08, 21.75s/it]
      10/25      18.4G       1.04     0.8075      1.144        991        640:  73%|███████▎  | 74/102 [27:31<10:08, 21.75s/it]
      10/25      18.4G       1.04     0.8075      1.144        991        640:  74%|███████▎  | 75/102 [27:31<09:41, 21.52s/it]
      10/25      18.4G       1.04     0.8067      1.144       1246        640:  74%|███████▎  | 75/102 [27:53<09:41, 21.52s/it]
      10/25      18.4G       1.04     0.8067      1.144       1246        640:  75%|███████▍  | 76/102 [27:53<09:19, 21.53s/it]
      10/25      18.4G       1.04     0.8067      1.144       1156        640:  75%|███████▍  | 76/102 [28:15<09:19, 21.53s/it]
      10/25      18.4G       1.04     0.8067      1.144       1156        640:  75%|███████▌  | 77/102 [28:15<09:01, 21.66s/it]
      10/25      18.4G       1.04     0.8062      1.144       1300        640:  75%|███████▌  | 77/102 [28:38<09:01, 21.66s/it]
      10/25      18.4G       1.04     0.8062      1.144       1300        640:  76%|███████▋  | 78/102 [28:38<08:50, 22.10s/it]
      10/25      18.4G       1.04     0.8058      1.143       1176        640:  76%|███████▋  | 78/102 [28:59<08:50, 22.10s/it]
      10/25      18.4G       1.04     0.8058      1.143       1176        640:  77%|███████▋  | 79/102 [28:59<08:21, 21.80s/it]
      10/25      19.6G       1.04     0.8063      1.144       1196        640:  77%|███████▋  | 79/102 [29:21<08:21, 21.80s/it]
      10/25      19.6G       1.04     0.8063      1.144       1196        640:  78%|███████▊  | 80/102 [29:21<08:02, 21.92s/it]
      10/25      19.6G       1.04     0.8062      1.144       1087        640:  78%|███████▊  | 80/102 [29:43<08:02, 21.92s/it]
      10/25      19.6G       1.04     0.8062      1.144       1087        640:  79%|███████▉  | 81/102 [29:43<07:39, 21.86s/it]
      10/25      19.6G       1.04     0.8062      1.144       1174        640:  79%|███████▉  | 81/102 [30:04<07:39, 21.86s/it]
      10/25      19.6G       1.04     0.8062      1.144       1174        640:  80%|████████  | 82/102 [30:04<07:11, 21.55s/it]
      10/25      19.6G      1.041     0.8064      1.145       1004        640:  80%|████████  | 82/102 [30:25<07:11, 21.55s/it]
      10/25      19.6G      1.041     0.8064      1.145       1004        640:  81%|████████▏ | 83/102 [30:25<06:49, 21.54s/it]
      10/25      19.6G       1.04     0.8062      1.144       1110        640:  81%|████████▏ | 83/102 [30:46<06:49, 21.54s/it]
      10/25      19.6G       1.04     0.8062      1.144       1110        640:  82%|████████▏ | 84/102 [30:46<06:22, 21.25s/it]
      10/25      19.6G      1.041     0.8061      1.145       1088        640:  82%|████████▏ | 84/102 [31:08<06:22, 21.25s/it]
      10/25      19.6G      1.041     0.8061      1.145       1088        640:  83%|████████▎ | 85/102 [31:08<06:05, 21.50s/it]
      10/25      19.6G      1.042     0.8068      1.145       1204        640:  83%|████████▎ | 85/102 [31:30<06:05, 21.50s/it]
      10/25      19.6G      1.042     0.8068      1.145       1204        640:  84%|████████▍ | 86/102 [31:30<05:46, 21.65s/it]
      10/25      19.6G      1.042     0.8072      1.146        963        640:  84%|████████▍ | 86/102 [31:51<05:46, 21.65s/it]
      10/25      19.6G      1.042     0.8072      1.146        963        640:  85%|████████▌ | 87/102 [31:51<05:24, 21.66s/it]
      10/25      19.6G      1.042     0.8072      1.145       1163        640:  85%|████████▌ | 87/102 [32:12<05:24, 21.66s/it]
      10/25      19.6G      1.042     0.8072      1.145       1163        640:  86%|████████▋ | 88/102 [32:12<04:57, 21.22s/it]
      10/25      19.6G      1.042     0.8074      1.146        952        640:  86%|████████▋ | 88/102 [32:32<04:57, 21.22s/it]
      10/25      19.6G      1.042     0.8074      1.146        952        640:  87%|████████▋ | 89/102 [32:32<04:31, 20.91s/it]
      10/25      19.6G      1.042     0.8079      1.147        783        640:  87%|████████▋ | 89/102 [32:54<04:31, 20.91s/it]
      10/25      19.6G      1.042     0.8079      1.147        783        640:  88%|████████▊ | 90/102 [32:54<04:15, 21.30s/it]
      10/25      19.6G      1.042     0.8073      1.146       1014        640:  88%|████████▊ | 90/102 [33:15<04:15, 21.30s/it]
      10/25      19.6G      1.042     0.8073      1.146       1014        640:  89%|████████▉ | 91/102 [33:15<03:54, 21.29s/it]
      10/25      19.6G      1.043     0.8079      1.147       1148        640:  89%|████████▉ | 91/102 [33:36<03:54, 21.29s/it]
      10/25      19.6G      1.043     0.8079      1.147       1148        640:  90%|█████████ | 92/102 [33:36<03:32, 21.26s/it]
      10/25      19.6G      1.043     0.8079      1.147        997        640:  90%|█████████ | 92/102 [33:59<03:32, 21.26s/it]
      10/25      19.6G      1.043     0.8079      1.147        997        640:  91%|█████████ | 93/102 [33:59<03:14, 21.66s/it]
      10/25      19.6G      1.042     0.8081      1.147       1027        640:  91%|█████████ | 93/102 [34:20<03:14, 21.66s/it]
      10/25      19.6G      1.042     0.8081      1.147       1027        640:  92%|█████████▏| 94/102 [34:20<02:52, 21.55s/it]
      10/25      19.6G      1.042     0.8078      1.147       1066        640:  92%|█████████▏| 94/102 [34:43<02:52, 21.55s/it]
      10/25      19.6G      1.042     0.8078      1.147       1066        640:  93%|█████████▎| 95/102 [34:43<02:32, 21.75s/it]
      10/25      19.6G      1.043     0.8078      1.147       1181        640:  93%|█████████▎| 95/102 [35:03<02:32, 21.75s/it]
      10/25      19.6G      1.043     0.8078      1.147       1181        640:  94%|█████████▍| 96/102 [35:03<02:08, 21.40s/it]
      10/25      19.6G      1.043     0.8076      1.148        830        640:  94%|█████████▍| 96/102 [35:24<02:08, 21.40s/it]
      10/25      19.6G      1.043     0.8076      1.148        830        640:  95%|█████████▌| 97/102 [35:24<01:45, 21.10s/it]
      10/25      19.6G      1.043     0.8071      1.147       1173        640:  95%|█████████▌| 97/102 [35:45<01:45, 21.10s/it]
      10/25      19.6G      1.043     0.8071      1.147       1173        640:  96%|█████████▌| 98/102 [35:45<01:24, 21.16s/it]
      10/25      19.6G      1.043     0.8069      1.148        978        640:  96%|█████████▌| 98/102 [36:05<01:24, 21.16s/it]
      10/25      19.6G      1.043     0.8069      1.148        978        640:  97%|█████████▋| 99/102 [36:05<01:02, 20.82s/it]
      10/25      19.6G      1.043      0.807      1.148       1182        640:  97%|█████████▋| 99/102 [36:26<01:02, 20.82s/it]
      10/25      19.6G      1.043      0.807      1.148       1182        640:  98%|█████████▊| 100/102 [36:26<00:42, 21.02s/it]
      10/25      19.6G      1.043     0.8067      1.148       1081        640:  98%|█████████▊| 100/102 [36:48<00:42, 21.02s/it]
      10/25      19.6G      1.043     0.8067      1.148       1081        640:  99%|█████████▉| 101/102 [36:48<00:21, 21.10s/it]
      10/25      19.6G      1.042     0.8056      1.147        182        640:  99%|█████████▉| 101/102 [36:52<00:21, 21.10s/it]
      10/25      19.6G      1.042     0.8056      1.147        182        640: 100%|██████████| 102/102 [36:52<00:00, 16.01s/it]
      10/25      19.6G      1.042     0.8056      1.147        182        640: 100%|██████████| 102/102 [36:52<00:00, 21.69s/it]

                 Class     Images  Instances      Box(P          R      mAP50  mAP50-95):   0%|          | 0/13 [00:00<?, ?it/s]
                 Class     Images  Instances      Box(P          R      mAP50  mAP50-95):   8%|▊         | 1/13 [00:00<00:03,  3.00it/s]
                 Class     Images  Instances      Box(P          R      mAP50  mAP50-95):  15%|█▌        | 2/13 [00:00<00:03,  3.07it/s]
                 Class     Images  Instances      Box(P          R      mAP50  mAP50-95):  23%|██▎       | 3/13 [00:00<00:03,  3.17it/s]
                 Class     Images  Instances      Box(P          R      mAP50  mAP50-95):  31%|███       | 4/13 [00:01<00:02,  3.22it/s]
                 Class     Images  Instances      Box(P          R      mAP50  mAP50-95):  38%|███▊      | 5/13 [02:13<06:24, 48.01s/it]
                 Class     Images  Instances      Box(P          R      mAP50  mAP50-95):  46%|████▌     | 6/13 [02:14<03:42, 31.79s/it]
                 Class     Images  Instances      Box(P          R      mAP50  mAP50-95):  54%|█████▍    | 7/13 [03:34<04:46, 47.81s/it]
                 Class     Images  Instances      Box(P          R      mAP50  mAP50-95):  62%|██████▏   | 8/13 [03:35<02:43, 32.69s/it]
                 Class     Images  Instances      Box(P          R      mAP50  mAP50-95):  69%|██████▉   | 9/13 [05:04<03:21, 50.28s/it]
                 Class     Images  Instances      Box(P          R      mAP50  mAP50-95):  77%|███████▋  | 10/13 [05:04<01:44, 34.84s/it]
                 Class     Images  Instances      Box(P          R      mAP50  mAP50-95):  85%|████████▍ | 11/13 [06:32<01:42, 51.09s/it]
                 Class     Images  Instances      Box(P          R      mAP50  mAP50-95):  92%|█████████▏| 12/13 [06:32<00:35, 35.64s/it]
                 Class     Images  Instances      Box(P          R      mAP50  mAP50-95): 100%|██████████| 13/13 [07:03<00:00, 34.22s/it]
                 Class     Images  Instances      Box(P          R      mAP50  mAP50-95): 100%|██████████| 13/13 [07:03<00:00, 32.59s/it]
                   all       1620      15401      0.635      0.428      0.463      0.282

      Epoch    GPU_mem   box_loss   cls_loss   dfl_loss  Instances       Size

  0%|          | 0/102 [00:00<?, ?it/s]
      11/25      15.7G      1.061     0.7572      1.108       1229        640:   0%|          | 0/102 [00:00<?, ?it/s]
      11/25      15.7G      1.061     0.7572      1.108       1229        640:   1%|          | 1/102 [00:00<00:18,  5.50it/s]
      11/25      16.6G      1.052     0.7812      1.108       1185        640:   1%|          | 1/102 [00:00<00:18,  5.50it/s]
      11/25      16.6G      1.052     0.7812      1.108       1185        640:   2%|▏         | 2/102 [00:00<00:17,  5.61it/s]
      11/25      17.3G      1.055      0.783      1.121       1107        640:   2%|▏         | 2/102 [00:50<00:17,  5.61it/s]
      11/25      17.3G      1.055      0.783      1.121       1107        640:   3%|▎         | 3/102 [00:50<38:04, 23.08s/it]
      11/25      17.3G      1.063     0.8028      1.132       1068        640:   3%|▎         | 3/102 [01:30<38:04, 23.08s/it]
      11/25      17.3G      1.063     0.8028      1.132       1068        640:   4%|▍         | 4/102 [01:30<48:24, 29.63s/it]
      11/25      17.3G      1.062      0.803      1.132       1148        640:   4%|▍         | 4/102 [02:08<48:24, 29.63s/it]
      11/25      17.3G      1.062      0.803      1.132       1148        640:   5%|▍         | 5/102 [02:08<53:05, 32.84s/it]
      11/25      17.3G      1.058     0.7973      1.135        924        640:   5%|▍         | 5/102 [02:44<53:05, 32.84s/it]
      11/25      17.3G      1.058     0.7973      1.135        924        640:   6%|▌         | 6/102 [02:44<54:02, 33.78s/it]
      11/25      17.3G      1.056     0.7956      1.138       1134        640:   6%|▌         | 6/102 [03:08<54:02, 33.78s/it]
      11/25      17.3G      1.056     0.7956      1.138       1134        640:   7%|▋         | 7/102 [03:08<48:15, 30.48s/it]
      11/25      17.3G      1.062     0.7985       1.14       1351        640:   7%|▋         | 7/102 [03:29<48:15, 30.48s/it]
      11/25      17.3G      1.062     0.7985       1.14       1351        640:   8%|▊         | 8/102 [03:29<43:19, 27.65s/it]
      11/25      17.3G      1.057     0.7946      1.136       1220        640:   8%|▊         | 8/102 [03:50<43:19, 27.65s/it]
      11/25      17.3G      1.057     0.7946      1.136       1220        640:   9%|▉         | 9/102 [03:50<39:39, 25.59s/it]
      11/25      17.3G      1.055     0.7933      1.137       1085        640:   9%|▉         | 9/102 [04:11<39:39, 25.59s/it]
      11/25      17.3G      1.055     0.7933      1.137       1085        640:  10%|▉         | 10/102 [04:11<37:08, 24.22s/it]
      11/25      17.3G      1.055     0.7959      1.138       1077        640:  10%|▉         | 10/102 [04:30<37:08, 24.22s/it]
      11/25      17.3G      1.055     0.7959      1.138       1077        640:  11%|█         | 11/102 [04:30<34:09, 22.52s/it]
      11/25      17.3G      1.055     0.7945      1.137       1256        640:  11%|█         | 11/102 [04:50<34:09, 22.52s/it]
      11/25      17.3G      1.055     0.7945      1.137       1256        640:  12%|█▏        | 12/102 [04:50<32:37, 21.75s/it]
      11/25      17.3G      1.055     0.7925      1.139       1127        640:  12%|█▏        | 12/102 [05:09<32:37, 21.75s/it]
      11/25      17.3G      1.055     0.7925      1.139       1127        640:  13%|█▎        | 13/102 [05:09<31:01, 20.91s/it]
      11/25      17.3G      1.053     0.7915      1.138       1156        640:  13%|█▎        | 13/102 [05:30<31:01, 20.91s/it]
      11/25      17.3G      1.053     0.7915      1.138       1156        640:  14%|█▎        | 14/102 [05:30<30:39, 20.90s/it]
      11/25      17.3G      1.052     0.7915      1.138       1289        640:  14%|█▎        | 14/102 [05:50<30:39, 20.90s/it]
      11/25      17.3G      1.052     0.7915      1.138       1289        640:  15%|█▍        | 15/102 [05:50<29:53, 20.62s/it]
      11/25      17.3G      1.053     0.7905      1.139       1148        640:  15%|█▍        | 15/102 [06:10<29:53, 20.62s/it]
      11/25      17.3G      1.053     0.7905      1.139       1148        640:  16%|█▌        | 16/102 [06:10<29:25, 20.53s/it]
      11/25      17.3G      1.051     0.7883      1.138       1188        640:  16%|█▌        | 16/102 [06:30<29:25, 20.53s/it]
      11/25      17.3G      1.051     0.7883      1.138       1188        640:  17%|█▋        | 17/102 [06:30<28:34, 20.17s/it]
      11/25      17.3G      1.051     0.7869      1.138       1218        640:  17%|█▋        | 17/102 [06:49<28:34, 20.17s/it]
      11/25      17.3G      1.051     0.7869      1.138       1218        640:  18%|█▊        | 18/102 [06:49<28:05, 20.07s/it]
      11/25      17.3G       1.05     0.7848      1.136       1248        640:  18%|█▊        | 18/102 [07:09<28:05, 20.07s/it]
      11/25      17.3G       1.05     0.7848      1.136       1248        640:  19%|█▊        | 19/102 [07:09<27:34, 19.93s/it]
      11/25      17.3G      1.047     0.7833      1.135       1139        640:  19%|█▊        | 19/102 [07:31<27:34, 19.93s/it]
      11/25      17.3G      1.047     0.7833      1.135       1139        640:  20%|█▉        | 20/102 [07:31<28:11, 20.63s/it]
      11/25      17.3G      1.045     0.7815      1.132       1319        640:  20%|█▉        | 20/102 [07:52<28:11, 20.63s/it]
      11/25      17.3G      1.045     0.7815      1.132       1319        640:  21%|██        | 21/102 [07:52<27:45, 20.56s/it]
      11/25      17.3G      1.043     0.7836      1.133       1039        640:  21%|██        | 21/102 [08:11<27:45, 20.56s/it]
      11/25      17.3G      1.043     0.7836      1.133       1039        640:  22%|██▏       | 22/102 [08:11<26:48, 20.10s/it]
      11/25      17.3G      1.045     0.7858      1.134       1145        640:  22%|██▏       | 22/102 [08:32<26:48, 20.10s/it]
      11/25      17.3G      1.045     0.7858      1.134       1145        640:  23%|██▎       | 23/102 [08:32<26:55, 20.45s/it]
      11/25      17.3G      1.044     0.7861      1.135        877        640:  23%|██▎       | 23/102 [08:53<26:55, 20.45s/it]
      11/25      17.3G      1.044     0.7861      1.135        877        640:  24%|██▎       | 24/102 [08:53<26:51, 20.66s/it]
      11/25      17.3G      1.041     0.7844      1.135       1076        640:  24%|██▎       | 24/102 [09:14<26:51, 20.66s/it]
      11/25      17.3G      1.041     0.7844      1.135       1076        640:  25%|██▍       | 25/102 [09:14<26:41, 20.79s/it]
      11/25      17.3G      1.039     0.7821      1.135        958        640:  25%|██▍       | 25/102 [09:36<26:41, 20.79s/it]
      11/25      17.3G      1.039     0.7821      1.135        958        640:  25%|██▌       | 26/102 [09:36<26:44, 21.11s/it]
      11/25      17.3G       1.04      0.784      1.135       1138        640:  25%|██▌       | 26/102 [09:56<26:44, 21.11s/it]
      11/25      17.3G       1.04      0.784      1.135       1138        640:  26%|██▋       | 27/102 [09:56<26:05, 20.87s/it]
      11/25      17.3G      1.038     0.7836      1.135        976        640:  26%|██▋       | 27/102 [10:19<26:05, 20.87s/it]
      11/25      17.3G      1.038     0.7836      1.135        976        640:  27%|██▋       | 28/102 [10:19<26:14, 21.28s/it]
      11/25      17.3G      1.037     0.7836      1.135       1111        640:  27%|██▋       | 28/102 [10:40<26:14, 21.28s/it]
      11/25      17.3G      1.037     0.7836      1.135       1111        640:  28%|██▊       | 29/102 [10:40<25:48, 21.21s/it]
      11/25      17.3G      1.036     0.7833      1.135       1161        640:  28%|██▊       | 29/102 [11:02<25:48, 21.21s/it]
      11/25      17.3G      1.036     0.7833      1.135       1161        640:  29%|██▉       | 30/102 [11:02<25:47, 21.49s/it]
      11/25      17.3G      1.035     0.7825      1.135       1092        640:  29%|██▉       | 30/102 [11:25<25:47, 21.49s/it]
      11/25      17.3G      1.035     0.7825      1.135       1092        640:  30%|███       | 31/102 [11:25<25:58, 21.95s/it]
      11/25      17.3G      1.035     0.7825      1.135       1041        640:  30%|███       | 31/102 [11:47<25:58, 21.95s/it]
      11/25      17.3G      1.035     0.7825      1.135       1041        640:  31%|███▏      | 32/102 [11:47<25:32, 21.89s/it]
      11/25      17.3G      1.035     0.7828      1.135       1166        640:  31%|███▏      | 32/102 [12:09<25:32, 21.89s/it]
      11/25      17.3G      1.035     0.7828      1.135       1166        640:  32%|███▏      | 33/102 [12:09<25:10, 21.89s/it]
      11/25      17.3G      1.035     0.7844      1.136        820        640:  32%|███▏      | 33/102 [12:30<25:10, 21.89s/it]
      11/25      17.3G      1.035     0.7844      1.136        820        640:  33%|███▎      | 34/102 [12:30<24:42, 21.81s/it]
      11/25      17.3G      1.034     0.7835      1.136        973        640:  33%|███▎      | 34/102 [12:52<24:42, 21.81s/it]
      11/25      17.3G      1.034     0.7835      1.136        973        640:  34%|███▍      | 35/102 [12:52<24:15, 21.72s/it]
      11/25      17.3G      1.033     0.7817      1.136       1103        640:  34%|███▍      | 35/102 [13:13<24:15, 21.72s/it]
      11/25      17.3G      1.033     0.7817      1.136       1103        640:  35%|███▌      | 36/102 [13:13<23:38, 21.49s/it]
      11/25      17.3G      1.033     0.7813      1.137        950        640:  35%|███▌      | 36/102 [13:35<23:38, 21.49s/it]
      11/25      17.3G      1.033     0.7813      1.137        950        640:  36%|███▋      | 37/102 [13:35<23:33, 21.74s/it]
      11/25      17.3G      1.031      0.781      1.136        983        640:  36%|███▋      | 37/102 [13:56<23:33, 21.74s/it]
      11/25      17.3G      1.031      0.781      1.136        983        640:  37%|███▋      | 38/102 [13:56<23:01, 21.58s/it]
      11/25      17.3G       1.03       0.78      1.136       1039        640:  37%|███▋      | 38/102 [14:19<23:01, 21.58s/it]
      11/25      17.3G       1.03       0.78      1.136       1039        640:  38%|███▊      | 39/102 [14:19<23:09, 22.05s/it]
      11/25      17.3G      1.031     0.7813      1.136       1286        640:  38%|███▊      | 39/102 [14:41<23:09, 22.05s/it]
      11/25      17.3G      1.031     0.7813      1.136       1286        640:  39%|███▉      | 40/102 [14:41<22:33, 21.83s/it]
      11/25      17.3G       1.03     0.7797      1.136       1050        640:  39%|███▉      | 40/102 [15:03<22:33, 21.83s/it]
      11/25      17.3G       1.03     0.7797      1.136       1050        640:  40%|████      | 41/102 [15:03<22:25, 22.05s/it]
      11/25      17.3G      1.029     0.7795      1.135       1001        640:  40%|████      | 41/102 [15:23<22:25, 22.05s/it]
      11/25      17.3G      1.029     0.7795      1.135       1001        640:  41%|████      | 42/102 [15:23<21:31, 21.52s/it]
      11/25      17.3G      1.028     0.7789      1.135       1063        640:  41%|████      | 42/102 [15:44<21:31, 21.52s/it]
      11/25      17.3G      1.028     0.7789      1.135       1063        640:  42%|████▏     | 43/102 [15:44<20:48, 21.16s/it]
      11/25      17.3G      1.029     0.7794      1.135       1033        640:  42%|████▏     | 43/102 [16:06<20:48, 21.16s/it]
      11/25      17.3G      1.029     0.7794      1.135       1033        640:  43%|████▎     | 44/102 [16:06<20:43, 21.44s/it]
      11/25      17.3G      1.028     0.7798      1.136        978        640:  43%|████▎     | 44/102 [16:26<20:43, 21.44s/it]
      11/25      17.3G      1.028     0.7798      1.136        978        640:  44%|████▍     | 45/102 [16:26<20:05, 21.15s/it]
      11/25      17.3G      1.029     0.7792      1.136       1174        640:  44%|████▍     | 45/102 [16:48<20:05, 21.15s/it]
      11/25      17.3G      1.029     0.7792      1.136       1174        640:  45%|████▌     | 46/102 [16:48<19:57, 21.38s/it]
      11/25      18.4G       1.03       0.78      1.137       1115        640:  45%|████▌     | 46/102 [17:09<19:57, 21.38s/it]
      11/25      18.4G       1.03       0.78      1.137       1115        640:  46%|████▌     | 47/102 [17:09<19:32, 21.32s/it]
      11/25      18.4G      1.031     0.7796      1.137       1129        640:  46%|████▌     | 47/102 [17:31<19:32, 21.32s/it]
      11/25      18.4G      1.031     0.7796      1.137       1129        640:  47%|████▋     | 48/102 [17:31<19:20, 21.49s/it]
      11/25      19.7G      1.031     0.7797      1.137       1146        640:  47%|████▋     | 48/102 [17:53<19:20, 21.49s/it]
      11/25      19.7G      1.031     0.7797      1.137       1146        640:  48%|████▊     | 49/102 [17:53<18:55, 21.43s/it]
      11/25      19.7G      1.032     0.7796      1.137       1112        640:  48%|████▊     | 49/102 [18:15<18:55, 21.43s/it]
      11/25      19.7G      1.032     0.7796      1.137       1112        640:  49%|████▉     | 50/102 [18:15<18:46, 21.67s/it]
      11/25      19.7G      1.033     0.7798      1.137       1163        640:  49%|████▉     | 50/102 [18:35<18:46, 21.67s/it]
      11/25      19.7G      1.033     0.7798      1.137       1163        640:  50%|█████     | 51/102 [18:35<18:06, 21.30s/it]
      11/25      19.7G      1.032     0.7806      1.138        925        640:  50%|█████     | 51/102 [18:56<18:06, 21.30s/it]
      11/25      19.7G      1.032     0.7806      1.138        925        640:  51%|█████     | 52/102 [18:56<17:33, 21.06s/it]
      11/25      19.7G      1.031     0.7803      1.137       1026        640:  51%|█████     | 52/102 [19:21<17:33, 21.06s/it]
      11/25      19.7G      1.031     0.7803      1.137       1026        640:  52%|█████▏    | 53/102 [19:21<18:07, 22.20s/it]
      11/25      19.7G      1.032     0.7806      1.137       1289        640:  52%|█████▏    | 53/102 [19:42<18:07, 22.20s/it]
      11/25      19.7G      1.032     0.7806      1.137       1289        640:  53%|█████▎    | 54/102 [19:42<17:38, 22.06s/it]
      11/25      19.7G      1.033     0.7812      1.137       1300        640:  53%|█████▎    | 54/102 [20:03<17:38, 22.06s/it]
      11/25      19.7G      1.033     0.7812      1.137       1300        640:  54%|█████▍    | 55/102 [20:03<17:01, 21.73s/it]
      11/25      19.7G      1.033     0.7817      1.137       1137        640:  54%|█████▍    | 55/102 [20:25<17:01, 21.73s/it]
      11/25      19.7G      1.033     0.7817      1.137       1137        640:  55%|█████▍    | 56/102 [20:25<16:35, 21.63s/it]
      11/25      19.7G      1.033     0.7816      1.137       1164        640:  55%|█████▍    | 56/102 [20:45<16:35, 21.63s/it]
      11/25      19.7G      1.033     0.7816      1.137       1164        640:  56%|█████▌    | 57/102 [20:45<15:55, 21.23s/it]
      11/25      19.7G      1.033     0.7813      1.138       1101        640:  56%|█████▌    | 57/102 [21:06<15:55, 21.23s/it]
      11/25      19.7G      1.033     0.7813      1.138       1101        640:  57%|█████▋    | 58/102 [21:06<15:35, 21.27s/it]
      11/25      19.7G      1.033     0.7816      1.138        995        640:  57%|█████▋    | 58/102 [21:28<15:35, 21.27s/it]
      11/25      19.7G      1.033     0.7816      1.138        995        640:  58%|█████▊    | 59/102 [21:28<15:12, 21.22s/it]
      11/25      19.7G      1.032     0.7806      1.137       1254        640:  58%|█████▊    | 59/102 [21:48<15:12, 21.22s/it]
      11/25      19.7G      1.032     0.7806      1.137       1254        640:  59%|█████▉    | 60/102 [21:48<14:42, 21.00s/it]
      11/25      19.7G      1.031     0.7796      1.137       1144        640:  59%|█████▉    | 60/102 [22:08<14:42, 21.00s/it]
      11/25      19.7G      1.031     0.7796      1.137       1144        640:  60%|█████▉    | 61/102 [22:08<14:09, 20.72s/it]
      11/25      19.7G      1.031     0.7795      1.136        958        640:  60%|█████▉    | 61/102 [22:27<14:09, 20.72s/it]
      11/25      19.7G      1.031     0.7795      1.136        958        640:  61%|██████    | 62/102 [22:27<13:32, 20.32s/it]
      11/25      19.7G      1.031     0.7797      1.136       1051        640:  61%|██████    | 62/102 [22:50<13:32, 20.32s/it]
      11/25      19.7G      1.031     0.7797      1.136       1051        640:  62%|██████▏   | 63/102 [22:50<13:33, 20.86s/it]
      11/25      19.7G      1.031     0.7799      1.137       1009        640:  62%|██████▏   | 63/102 [23:11<13:33, 20.86s/it]
      11/25      19.7G      1.031     0.7799      1.137       1009        640:  63%|██████▎   | 64/102 [23:11<13:15, 20.93s/it]
      11/25      19.7G       1.03     0.7797      1.137       1032        640:  63%|██████▎   | 64/102 [23:31<13:15, 20.93s/it]
      11/25      19.7G       1.03     0.7797      1.137       1032        640:  64%|██████▎   | 65/102 [23:31<12:47, 20.74s/it]
      11/25      19.7G       1.03     0.7802      1.137       1211        640:  64%|██████▎   | 65/102 [23:50<12:47, 20.74s/it]
      11/25      19.7G       1.03     0.7802      1.137       1211        640:  65%|██████▍   | 66/102 [23:50<12:10, 20.28s/it]
      11/25      19.7G       1.03     0.7795      1.136       1108        640:  65%|██████▍   | 66/102 [24:11<12:10, 20.28s/it]
      11/25      19.7G       1.03     0.7795      1.136       1108        640:  66%|██████▌   | 67/102 [24:11<11:58, 20.53s/it]
      11/25      19.7G      1.031       0.78      1.136       1230        640:  66%|██████▌   | 67/102 [24:32<11:58, 20.53s/it]
      11/25      19.7G      1.031       0.78      1.136       1230        640:  67%|██████▋   | 68/102 [24:32<11:40, 20.60s/it]
      11/25      19.7G       1.03     0.7797      1.136        997        640:  67%|██████▋   | 68/102 [24:53<11:40, 20.60s/it]
      11/25      19.7G       1.03     0.7797      1.136        997        640:  68%|██████▊   | 69/102 [24:53<11:19, 20.58s/it]
      11/25      19.7G       1.03     0.7799      1.136        933        640:  68%|██████▊   | 69/102 [25:12<11:19, 20.58s/it]
      11/25      19.7G       1.03     0.7799      1.136        933        640:  69%|██████▊   | 70/102 [25:12<10:49, 20.30s/it]
      11/25      19.7G       1.03     0.7807      1.136        806        640:  69%|██████▊   | 70/102 [25:32<10:49, 20.30s/it]
      11/25      19.7G       1.03     0.7807      1.136        806        640:  70%|██████▉   | 71/102 [25:32<10:27, 20.24s/it]
      11/25      19.7G       1.03      0.781      1.136       1027        640:  70%|██████▉   | 71/102 [25:52<10:27, 20.24s/it]
      11/25      19.7G       1.03      0.781      1.136       1027        640:  71%|███████   | 72/102 [25:52<10:04, 20.13s/it]
      11/25      19.7G      1.029     0.7808      1.136       1022        640:  71%|███████   | 72/102 [26:12<10:04, 20.13s/it]
      11/25      19.7G      1.029     0.7808      1.136       1022        640:  72%|███████▏  | 73/102 [26:12<09:41, 20.05s/it]
      11/25      19.7G      1.029     0.7808      1.136        974        640:  72%|███████▏  | 73/102 [26:32<09:41, 20.05s/it]
      11/25      19.7G      1.029     0.7808      1.136        974        640:  73%|███████▎  | 74/102 [26:32<09:18, 19.93s/it]
      11/25      19.7G      1.028     0.7806      1.136        929        640:  73%|███████▎  | 74/102 [26:52<09:18, 19.93s/it]
      11/25      19.7G      1.028     0.7806      1.136        929        640:  74%|███████▎  | 75/102 [26:52<08:58, 19.94s/it]
      11/25      19.7G      1.028     0.7804      1.136        936        640:  74%|███████▎  | 75/102 [27:10<08:58, 19.94s/it]
      11/25      19.7G      1.028     0.7804      1.136        936        640:  75%|███████▍  | 76/102 [27:10<08:27, 19.50s/it]
      11/25      19.7G      1.028     0.7809      1.137       1189        640:  75%|███████▍  | 76/102 [27:31<08:27, 19.50s/it]
      11/25      19.7G      1.028     0.7809      1.137       1189        640:  75%|███████▌  | 77/102 [27:31<08:18, 19.94s/it]
      11/25      19.7G      1.029     0.7819      1.137        975        640:  75%|███████▌  | 77/102 [27:50<08:18, 19.94s/it]
      11/25      19.7G      1.029     0.7819      1.137        975        640:  76%|███████▋  | 78/102 [27:50<07:50, 19.60s/it]
      11/25      19.7G      1.029     0.7819      1.138       1064        640:  76%|███████▋  | 78/102 [28:10<07:50, 19.60s/it]
      11/25      19.7G      1.029     0.7819      1.138       1064        640:  77%|███████▋  | 79/102 [28:10<07:34, 19.77s/it]
      11/25      19.7G      1.029     0.7814      1.138       1059        640:  77%|███████▋  | 79/102 [28:31<07:34, 19.77s/it]
      11/25      19.7G      1.029     0.7814      1.138       1059        640:  78%|███████▊  | 80/102 [28:31<07:24, 20.21s/it]
      11/25      19.7G      1.028     0.7814      1.137        964        640:  78%|███████▊  | 80/102 [28:52<07:24, 20.21s/it]
      11/25      19.7G      1.028     0.7814      1.137        964        640:  79%|███████▉  | 81/102 [28:52<07:09, 20.47s/it]
      11/25      19.7G      1.027     0.7815      1.137       1085        640:  79%|███████▉  | 81/102 [29:13<07:09, 20.47s/it]
      11/25      19.7G      1.027     0.7815      1.137       1085        640:  80%|████████  | 82/102 [29:13<06:50, 20.51s/it]
      11/25      19.7G      1.028     0.7821      1.138        968        640:  80%|████████  | 82/102 [29:35<06:50, 20.51s/it]
      11/25      19.7G      1.028     0.7821      1.138        968        640:  81%|████████▏ | 83/102 [29:35<06:37, 20.94s/it]
      11/25      19.7G      1.028     0.7824      1.138       1069        640:  81%|████████▏ | 83/102 [29:57<06:37, 20.94s/it]
      11/25      19.7G      1.028     0.7824      1.138       1069        640:  82%|████████▏ | 84/102 [29:57<06:24, 21.37s/it]
      11/25      19.7G      1.028     0.7824      1.137        944        640:  82%|████████▏ | 84/102 [30:19<06:24, 21.37s/it]
      11/25      19.7G      1.028     0.7824      1.137        944        640:  83%|████████▎ | 85/102 [30:19<06:05, 21.50s/it]
      11/25      19.7G      1.028     0.7833      1.138       1005        640:  83%|████████▎ | 85/102 [30:41<06:05, 21.50s/it]
      11/25      19.7G      1.028     0.7833      1.138       1005        640:  84%|████████▍ | 86/102 [30:41<05:43, 21.49s/it]
      11/25      19.7G      1.028      0.784      1.138        984        640:  84%|████████▍ | 86/102 [31:02<05:43, 21.49s/it]
      11/25      19.7G      1.028      0.784      1.138        984        640:  85%|████████▌ | 87/102 [31:02<05:22, 21.47s/it]
      11/25      19.7G      1.028     0.7844      1.138       1145        640:  85%|████████▌ | 87/102 [31:23<05:22, 21.47s/it]
      11/25      19.7G      1.028     0.7844      1.138       1145        640:  86%|████████▋ | 88/102 [31:23<04:57, 21.28s/it]
      11/25      19.7G      1.028     0.7843      1.138        995        640:  86%|████████▋ | 88/102 [31:45<04:57, 21.28s/it]
      11/25      19.7G      1.028     0.7843      1.138        995        640:  87%|████████▋ | 89/102 [31:45<04:39, 21.50s/it]
      11/25      19.7G      1.028     0.7847      1.138       1007        640:  87%|████████▋ | 89/102 [32:05<04:39, 21.50s/it]
      11/25      19.7G      1.028     0.7847      1.138       1007        640:  88%|████████▊ | 90/102 [32:05<04:11, 20.96s/it]
      11/25      19.7G      1.028     0.7851      1.138       1089        640:  88%|████████▊ | 90/102 [32:25<04:11, 20.96s/it]
      11/25      19.7G      1.028     0.7851      1.138       1089        640:  89%|████████▉ | 91/102 [32:25<03:49, 20.85s/it]
      11/25      19.7G      1.027     0.7851      1.138        913        640:  89%|████████▉ | 91/102 [32:47<03:49, 20.85s/it]
      11/25      19.7G      1.027     0.7851      1.138        913        640:  90%|█████████ | 92/102 [32:47<03:30, 21.04s/it]
      11/25      19.7G      1.028     0.7851      1.138       1038        640:  90%|█████████ | 92/102 [33:09<03:30, 21.04s/it]
      11/25      19.7G      1.028     0.7851      1.138       1038        640:  91%|█████████ | 93/102 [33:09<03:12, 21.37s/it]
      11/25      19.7G      1.028     0.7849      1.138       1037        640:  91%|█████████ | 93/102 [33:32<03:12, 21.37s/it]
      11/25      19.7G      1.028     0.7849      1.138       1037        640:  92%|█████████▏| 94/102 [33:32<02:54, 21.87s/it]
      11/25      19.7G      1.027     0.7844      1.138       1092        640:  92%|█████████▏| 94/102 [33:54<02:54, 21.87s/it]
      11/25      19.7G      1.027     0.7844      1.138       1092        640:  93%|█████████▎| 95/102 [33:54<02:32, 21.84s/it]
      11/25      19.7G      1.027     0.7845      1.138       1097        640:  93%|█████████▎| 95/102 [34:15<02:32, 21.84s/it]
      11/25      19.7G      1.027     0.7845      1.138       1097        640:  94%|█████████▍| 96/102 [34:15<02:10, 21.80s/it]
      11/25      19.7G      1.027     0.7841      1.138       1039        640:  94%|█████████▍| 96/102 [34:37<02:10, 21.80s/it]
      11/25      19.7G      1.027     0.7841      1.138       1039        640:  95%|█████████▌| 97/102 [34:37<01:49, 21.87s/it]
      11/25      19.7G      1.027     0.7837      1.138       1074        640:  95%|█████████▌| 97/102 [34:58<01:49, 21.87s/it]
      11/25      19.7G      1.027     0.7837      1.138       1074        640:  96%|█████████▌| 98/102 [34:58<01:26, 21.63s/it]
      11/25      19.7G      1.027     0.7836      1.138       1030        640:  96%|█████████▌| 98/102 [35:20<01:26, 21.63s/it]
      11/25      19.7G      1.027     0.7836      1.138       1030        640:  97%|█████████▋| 99/102 [35:20<01:04, 21.64s/it]
      11/25      19.7G      1.027      0.784      1.138       1099        640:  97%|█████████▋| 99/102 [35:42<01:04, 21.64s/it]
      11/25      19.7G      1.027      0.784      1.138       1099        640:  98%|█████████▊| 100/102 [35:42<00:43, 21.87s/it]
      11/25      19.7G      1.028     0.7846      1.138       1144        640:  98%|█████████▊| 100/102 [36:06<00:43, 21.87s/it]
      11/25      19.7G      1.028     0.7846      1.138       1144        640:  99%|█████████▉| 101/102 [36:06<00:22, 22.27s/it]
      11/25      19.7G      1.027     0.7841      1.138        255        640:  99%|█████████▉| 101/102 [36:11<00:22, 22.27s/it]
      11/25      19.7G      1.027     0.7841      1.138        255        640: 100%|██████████| 102/102 [36:11<00:00, 17.07s/it]
      11/25      19.7G      1.027     0.7841      1.138        255        640: 100%|██████████| 102/102 [36:11<00:00, 21.29s/it]

                 Class     Images  Instances      Box(P          R      mAP50  mAP50-95):   0%|          | 0/13 [00:00<?, ?it/s]
                 Class     Images  Instances      Box(P          R      mAP50  mAP50-95):   8%|▊         | 1/13 [00:00<00:03,  3.09it/s]
                 Class     Images  Instances      Box(P          R      mAP50  mAP50-95):  15%|█▌        | 2/13 [00:00<00:03,  3.10it/s]
                 Class     Images  Instances      Box(P          R      mAP50  mAP50-95):  23%|██▎       | 3/13 [00:00<00:03,  3.29it/s]
                 Class     Images  Instances      Box(P          R      mAP50  mAP50-95):  31%|███       | 4/13 [00:01<00:02,  3.32it/s]
                 Class     Images  Instances      Box(P          R      mAP50  mAP50-95):  38%|███▊      | 5/13 [02:11<06:18, 47.27s/it]
                 Class     Images  Instances      Box(P          R      mAP50  mAP50-95):  46%|████▌     | 6/13 [02:12<03:39, 31.31s/it]
                 Class     Images  Instances      Box(P          R      mAP50  mAP50-95):  54%|█████▍    | 7/13 [03:33<04:45, 47.63s/it]
                 Class     Images  Instances      Box(P          R      mAP50  mAP50-95):  62%|██████▏   | 8/13 [03:33<02:42, 32.58s/it]
                 Class     Images  Instances      Box(P          R      mAP50  mAP50-95):  69%|██████▉   | 9/13 [05:03<03:22, 50.53s/it]
                 Class     Images  Instances      Box(P          R      mAP50  mAP50-95):  77%|███████▋  | 10/13 [05:03<01:45, 35.02s/it]
                 Class     Images  Instances      Box(P          R      mAP50  mAP50-95):  85%|████████▍ | 11/13 [06:32<01:42, 51.30s/it]
                 Class     Images  Instances      Box(P          R      mAP50  mAP50-95):  92%|█████████▏| 12/13 [06:32<00:35, 35.79s/it]
                 Class     Images  Instances      Box(P          R      mAP50  mAP50-95): 100%|██████████| 13/13 [07:04<00:00, 34.52s/it]
                 Class     Images  Instances      Box(P          R      mAP50  mAP50-95): 100%|██████████| 13/13 [07:04<00:00, 32.62s/it]
                   all       1620      15401      0.665      0.463      0.493      0.303

      Epoch    GPU_mem   box_loss   cls_loss   dfl_loss  Instances       Size

  0%|          | 0/102 [00:00<?, ?it/s]
      12/25      16.4G      1.072       0.78      1.161        949        640:   0%|          | 0/102 [00:00<?, ?it/s]
      12/25      16.4G      1.072       0.78      1.161        949        640:   1%|          | 1/102 [00:00<00:17,  5.66it/s]
      12/25      17.1G      1.053     0.7918      1.146       1257        640:   1%|          | 1/102 [00:00<00:17,  5.66it/s]
      12/25      17.1G      1.053     0.7918      1.146       1257        640:   2%|▏         | 2/102 [00:00<00:17,  5.74it/s]
      12/25      17.1G      1.066     0.8042      1.151       1207        640:   2%|▏         | 2/102 [00:59<00:17,  5.74it/s]
      12/25      17.1G      1.066     0.8042      1.151       1207        640:   3%|▎         | 3/102 [00:59<44:40, 27.08s/it]
      12/25      17.1G      1.048     0.8013      1.158        945        640:   3%|▎         | 3/102 [01:37<44:40, 27.08s/it]
      12/25      17.1G      1.048     0.8013      1.158        945        640:   4%|▍         | 4/102 [01:37<50:59, 31.22s/it]
      12/25      17.1G      1.048     0.8087      1.153       1205        640:   4%|▍         | 4/102 [02:20<50:59, 31.22s/it]
      12/25      17.1G      1.048     0.8087      1.153       1205        640:   5%|▍         | 5/102 [02:20<57:32, 35.60s/it]
      12/25      17.1G      1.051       0.81      1.156       1087        640:   5%|▍         | 5/102 [02:49<57:32, 35.60s/it]
      12/25      17.1G      1.051       0.81      1.156       1087        640:   6%|▌         | 6/102 [02:49<53:38, 33.52s/it]
      12/25      17.1G      1.045     0.8091      1.154       1135        640:   6%|▌         | 6/102 [03:11<53:38, 33.52s/it]
      12/25      17.1G      1.045     0.8091      1.154       1135        640:   7%|▋         | 7/102 [03:11<46:53, 29.61s/it]
      12/25      17.1G      1.038     0.8019       1.15       1085        640:   7%|▋         | 7/102 [03:33<46:53, 29.61s/it]
      12/25      17.1G      1.038     0.8019       1.15       1085        640:   8%|▊         | 8/102 [03:33<42:33, 27.16s/it]
      12/25      17.1G      1.035      0.802      1.147       1146        640:   8%|▊         | 8/102 [03:54<42:33, 27.16s/it]
      12/25      17.1G      1.035      0.802      1.147       1146        640:   9%|▉         | 9/102 [03:54<39:02, 25.19s/it]
      12/25      17.1G       1.03     0.7954      1.143       1047        640:   9%|▉         | 9/102 [04:15<39:02, 25.19s/it]
      12/25      17.1G       1.03     0.7954      1.143       1047        640:  10%|▉         | 10/102 [04:15<36:37, 23.89s/it]
      12/25      17.1G      1.031     0.7926      1.144       1111        640:  10%|▉         | 10/102 [04:36<36:37, 23.89s/it]
      12/25      17.1G      1.031     0.7926      1.144       1111        640:  11%|█         | 11/102 [04:36<35:06, 23.15s/it]
      12/25      17.1G      1.029     0.7914      1.144       1061        640:  11%|█         | 11/102 [04:59<35:06, 23.15s/it]
      12/25      17.1G      1.029     0.7914      1.144       1061        640:  12%|█▏        | 12/102 [04:59<34:40, 23.12s/it]
      12/25      17.1G      1.028     0.7899      1.144        987        640:  12%|█▏        | 12/102 [05:21<34:40, 23.12s/it]
      12/25      17.1G      1.028     0.7899      1.144        987        640:  13%|█▎        | 13/102 [05:21<33:51, 22.82s/it]
      12/25      17.1G      1.027     0.7892      1.142       1228        640:  13%|█▎        | 13/102 [05:43<33:51, 22.82s/it]
      12/25      17.1G      1.027     0.7892      1.142       1228        640:  14%|█▎        | 14/102 [05:43<33:02, 22.53s/it]
      12/25        18G       1.03     0.7892      1.141       1167        640:  14%|█▎        | 14/102 [06:03<33:02, 22.53s/it]
      12/25        18G       1.03     0.7892      1.141       1167        640:  15%|█▍        | 15/102 [06:03<31:38, 21.82s/it]
      12/25        18G      1.028     0.7898      1.141        904        640:  15%|█▍        | 15/102 [06:26<31:38, 21.82s/it]
      12/25        18G      1.028     0.7898      1.141        904        640:  16%|█▌        | 16/102 [06:26<31:41, 22.11s/it]
      12/25        18G      1.026     0.7877       1.14       1089        640:  16%|█▌        | 16/102 [06:47<31:41, 22.11s/it]
      12/25        18G      1.026     0.7877       1.14       1089        640:  17%|█▋        | 17/102 [06:47<30:38, 21.63s/it]
      12/25        18G      1.026     0.7838      1.139       1164        640:  17%|█▋        | 17/102 [07:09<30:38, 21.63s/it]
      12/25        18G      1.026     0.7838      1.139       1164        640:  18%|█▊        | 18/102 [07:09<30:27, 21.75s/it]
      12/25        18G      1.027     0.7827      1.138       1071        640:  18%|█▊        | 18/102 [07:29<30:27, 21.75s/it]
      12/25        18G      1.027     0.7827      1.138       1071        640:  19%|█▊        | 19/102 [07:29<29:36, 21.41s/it]
      12/25        18G      1.025     0.7796      1.137       1204        640:  19%|█▊        | 19/102 [07:51<29:36, 21.41s/it]
      12/25        18G      1.025     0.7796      1.137       1204        640:  20%|█▉        | 20/102 [07:51<29:25, 21.53s/it]
      12/25        18G      1.024     0.7786      1.137       1112        640:  20%|█▉        | 20/102 [08:13<29:25, 21.53s/it]
      12/25        18G      1.024     0.7786      1.137       1112        640:  21%|██        | 21/102 [08:13<29:13, 21.65s/it]
      12/25        18G      1.023     0.7772      1.136       1134        640:  21%|██        | 21/102 [08:34<29:13, 21.65s/it]
      12/25        18G      1.023     0.7772      1.136       1134        640:  22%|██▏       | 22/102 [08:34<28:44, 21.55s/it]
      12/25        18G      1.024     0.7782      1.136        942        640:  22%|██▏       | 22/102 [08:57<28:44, 21.55s/it]
      12/25        18G      1.024     0.7782      1.136        942        640:  23%|██▎       | 23/102 [08:57<28:39, 21.77s/it]
      12/25        18G      1.023     0.7764      1.135       1173        640:  23%|██▎       | 23/102 [09:20<28:39, 21.77s/it]
      12/25        18G      1.023     0.7764      1.135       1173        640:  24%|██▎       | 24/102 [09:20<28:45, 22.12s/it]
      12/25        18G      1.022     0.7762      1.135       1134        640:  24%|██▎       | 24/102 [09:43<28:45, 22.12s/it]
      12/25        18G      1.022     0.7762      1.135       1134        640:  25%|██▍       | 25/102 [09:43<28:55, 22.55s/it]
      12/25        18G      1.022     0.7762      1.135       1190        640:  25%|██▍       | 25/102 [10:03<28:55, 22.55s/it]
      12/25        18G      1.022     0.7762      1.135       1190        640:  25%|██▌       | 26/102 [10:03<27:34, 21.77s/it]
      12/25        18G      1.019     0.7737      1.133       1057        640:  25%|██▌       | 26/102 [10:25<27:34, 21.77s/it]
      12/25        18G      1.019     0.7737      1.133       1057        640:  26%|██▋       | 27/102 [10:25<27:23, 21.91s/it]
      12/25        18G      1.019     0.7742      1.134       1189        640:  26%|██▋       | 27/102 [10:47<27:23, 21.91s/it]
      12/25        18G      1.019     0.7742      1.134       1189        640:  27%|██▋       | 28/102 [10:47<27:05, 21.96s/it]
      12/25        18G      1.018     0.7716      1.133       1113        640:  27%|██▋       | 28/102 [11:08<27:05, 21.96s/it]
      12/25        18G      1.018     0.7716      1.133       1113        640:  28%|██▊       | 29/102 [11:08<26:15, 21.58s/it]
      12/25        18G      1.017     0.7703      1.133        947        640:  28%|██▊       | 29/102 [11:29<26:15, 21.58s/it]
      12/25        18G      1.017     0.7703      1.133        947        640:  29%|██▉       | 30/102 [11:29<25:33, 21.30s/it]
      12/25        18G      1.016     0.7697      1.133        962        640:  29%|██▉       | 30/102 [11:50<25:33, 21.30s/it]
      12/25        18G      1.016     0.7697      1.133        962        640:  30%|███       | 31/102 [11:50<25:18, 21.39s/it]
      12/25        18G      1.017     0.7706      1.133       1122        640:  30%|███       | 31/102 [12:12<25:18, 21.39s/it]
      12/25        18G      1.017     0.7706      1.133       1122        640:  31%|███▏      | 32/102 [12:12<25:03, 21.48s/it]
      12/25        18G      1.015     0.7705      1.133       1044        640:  31%|███▏      | 32/102 [12:33<25:03, 21.48s/it]
      12/25        18G      1.015     0.7705      1.133       1044        640:  32%|███▏      | 33/102 [12:33<24:36, 21.39s/it]
      12/25        18G      1.016     0.7709      1.132       1111        640:  32%|███▏      | 33/102 [12:55<24:36, 21.39s/it]
      12/25        18G      1.016     0.7709      1.132       1111        640:  33%|███▎      | 34/102 [12:55<24:27, 21.58s/it]
      12/25        18G      1.015     0.7716      1.132       1062        640:  33%|███▎      | 34/102 [13:17<24:27, 21.58s/it]
      12/25        18G      1.015     0.7716      1.132       1062        640:  34%|███▍      | 35/102 [13:17<24:13, 21.69s/it]
      12/25        19G      1.017     0.7746      1.134       1229        640:  34%|███▍      | 35/102 [13:41<24:13, 21.69s/it]
      12/25        19G      1.017     0.7746      1.134       1229        640:  35%|███▌      | 36/102 [13:41<24:32, 22.31s/it]
      12/25        19G      1.016     0.7738      1.134        989        640:  35%|███▌      | 36/102 [14:03<24:32, 22.31s/it]
      12/25        19G      1.016     0.7738      1.134        989        640:  36%|███▋      | 37/102 [14:03<24:05, 22.24s/it]
      12/25        19G      1.016     0.7736      1.134       1197        640:  36%|███▋      | 37/102 [14:26<24:05, 22.24s/it]
      12/25        19G      1.016     0.7736      1.134       1197        640:  37%|███▋      | 38/102 [14:26<23:53, 22.40s/it]
      12/25        19G      1.015     0.7722      1.133       1000        640:  37%|███▋      | 38/102 [14:47<23:53, 22.40s/it]
      12/25        19G      1.015     0.7722      1.133       1000        640:  38%|███▊      | 39/102 [14:47<23:05, 21.99s/it]
      12/25        19G      1.015     0.7722      1.133       1252        640:  38%|███▊      | 39/102 [15:09<23:05, 21.99s/it]
      12/25        19G      1.015     0.7722      1.133       1252        640:  39%|███▉      | 40/102 [15:09<22:41, 21.96s/it]
      12/25        19G      1.016     0.7714      1.133       1171        640:  39%|███▉      | 40/102 [15:32<22:41, 21.96s/it]
      12/25        19G      1.016     0.7714      1.133       1171        640:  40%|████      | 41/102 [15:32<22:38, 22.27s/it]
      12/25        19G      1.016     0.7709      1.133       1227        640:  40%|████      | 41/102 [15:54<22:38, 22.27s/it]
      12/25        19G      1.016     0.7709      1.133       1227        640:  41%|████      | 42/102 [15:54<22:20, 22.35s/it]
      12/25        19G      1.016     0.7717      1.133       1114        640:  41%|████      | 42/102 [16:14<22:20, 22.35s/it]
      12/25        19G      1.016     0.7717      1.133       1114        640:  42%|████▏     | 43/102 [16:14<21:19, 21.68s/it]
      12/25        19G      1.017     0.7711      1.133       1131        640:  42%|████▏     | 43/102 [16:35<21:19, 21.68s/it]
      12/25        19G      1.017     0.7711      1.133       1131        640:  43%|████▎     | 44/102 [16:35<20:46, 21.50s/it]
      12/25        19G      1.017     0.7701      1.132       1176        640:  43%|████▎     | 44/102 [16:58<20:46, 21.50s/it]
      12/25        19G      1.017     0.7701      1.132       1176        640:  44%|████▍     | 45/102 [16:58<20:45, 21.85s/it]
      12/25        19G      1.016       0.77      1.131       1081        640:  44%|████▍     | 45/102 [17:18<20:45, 21.85s/it]
      12/25        19G      1.016       0.77      1.131       1081        640:  45%|████▌     | 46/102 [17:18<19:58, 21.40s/it]
      12/25        19G      1.017     0.7696      1.131       1330        640:  45%|████▌     | 46/102 [17:39<19:58, 21.40s/it]
      12/25        19G      1.017     0.7696      1.131       1330        640:  46%|████▌     | 47/102 [17:39<19:25, 21.20s/it]
      12/25        19G      1.016     0.7683      1.131       1061        640:  46%|████▌     | 47/102 [18:01<19:25, 21.20s/it]
      12/25        19G      1.016     0.7683      1.131       1061        640:  47%|████▋     | 48/102 [18:01<19:13, 21.36s/it]
      12/25        19G      1.015     0.7698      1.132        864        640:  47%|████▋     | 48/102 [18:23<19:13, 21.36s/it]
      12/25        19G      1.015     0.7698      1.132        864        640:  48%|████▊     | 49/102 [18:23<18:57, 21.46s/it]
      12/25        19G      1.015     0.7692      1.132        963        640:  48%|████▊     | 49/102 [18:44<18:57, 21.46s/it]
      12/25        19G      1.015     0.7692      1.132        963        640:  49%|████▉     | 50/102 [18:44<18:41, 21.57s/it]
      12/25        19G      1.014     0.7681      1.131       1166        640:  49%|████▉     | 50/102 [19:06<18:41, 21.57s/it]
      12/25        19G      1.014     0.7681      1.131       1166        640:  50%|█████     | 51/102 [19:06<18:24, 21.65s/it]
      12/25        19G      1.013     0.7675      1.131        993        640:  50%|█████     | 51/102 [19:28<18:24, 21.65s/it]
      12/25        19G      1.013     0.7675      1.131        993        640:  51%|█████     | 52/102 [19:28<18:08, 21.77s/it]
      12/25        19G      1.014     0.7678      1.131       1324        640:  51%|█████     | 52/102 [19:49<18:08, 21.77s/it]
      12/25        19G      1.014     0.7678      1.131       1324        640:  52%|█████▏    | 53/102 [19:49<17:34, 21.52s/it]
      12/25        19G      1.014     0.7679      1.131       1043        640:  52%|█████▏    | 53/102 [20:10<17:34, 21.52s/it]
      12/25        19G      1.014     0.7679      1.131       1043        640:  53%|█████▎    | 54/102 [20:10<17:04, 21.34s/it]
      12/25        19G      1.013     0.7677      1.131       1104        640:  53%|█████▎    | 54/102 [20:32<17:04, 21.34s/it]
      12/25        19G      1.013     0.7677      1.131       1104        640:  54%|█████▍    | 55/102 [20:32<16:56, 21.63s/it]
      12/25        19G      1.012     0.7665       1.13       1039        640:  54%|█████▍    | 55/102 [20:55<16:56, 21.63s/it]
      12/25        19G      1.012     0.7665       1.13       1039        640:  55%|█████▍    | 56/102 [20:55<16:42, 21.79s/it]
      12/25        19G      1.012     0.7662       1.13       1157        640:  55%|█████▍    | 56/102 [21:15<16:42, 21.79s/it]
      12/25        19G      1.012     0.7662       1.13       1157        640:  56%|█████▌    | 57/102 [21:15<16:00, 21.33s/it]
      12/25        19G      1.011     0.7667      1.129       1189        640:  56%|█████▌    | 57/102 [21:37<16:00, 21.33s/it]
      12/25        19G      1.011     0.7667      1.129       1189        640:  57%|█████▋    | 58/102 [21:37<15:52, 21.65s/it]
      12/25        19G      1.012     0.7668      1.129       1157        640:  57%|█████▋    | 58/102 [21:58<15:52, 21.65s/it]
      12/25        19G      1.012     0.7668      1.129       1157        640:  58%|█████▊    | 59/102 [21:58<15:24, 21.49s/it]
      12/25        19G      1.012     0.7656      1.128       1207        640:  58%|█████▊    | 59/102 [22:19<15:24, 21.49s/it]
      12/25        19G      1.012     0.7656      1.128       1207        640:  59%|█████▉    | 60/102 [22:19<14:53, 21.26s/it]
      12/25        19G      1.013     0.7665      1.129       1004        640:  59%|█████▉    | 60/102 [22:40<14:53, 21.26s/it]
      12/25        19G      1.013     0.7665      1.129       1004        640:  60%|█████▉    | 61/102 [22:40<14:31, 21.26s/it]
      12/25        19G      1.011     0.7666      1.128        974        640:  60%|█████▉    | 61/102 [23:01<14:31, 21.26s/it]
      12/25        19G      1.011     0.7666      1.128        974        640:  61%|██████    | 62/102 [23:01<14:01, 21.04s/it]
      12/25        19G      1.011     0.7665      1.127       1269        640:  61%|██████    | 62/102 [23:21<14:01, 21.04s/it]
      12/25        19G      1.011     0.7665      1.127       1269        640:  62%|██████▏   | 63/102 [23:21<13:28, 20.72s/it]
      12/25        19G      1.011     0.7665      1.127        978        640:  62%|██████▏   | 63/102 [23:43<13:28, 20.72s/it]
      12/25        19G      1.011     0.7665      1.127        978        640:  63%|██████▎   | 64/102 [23:43<13:19, 21.03s/it]
      12/25        19G      1.011     0.7669      1.127       1025        640:  63%|██████▎   | 64/102 [24:05<13:19, 21.03s/it]
      12/25        19G      1.011     0.7669      1.127       1025        640:  64%|██████▎   | 65/102 [24:05<13:16, 21.53s/it]
      12/25        19G      1.011     0.7672      1.127       1016        640:  64%|██████▎   | 65/102 [24:27<13:16, 21.53s/it]
      12/25        19G      1.011     0.7672      1.127       1016        640:  65%|██████▍   | 66/102 [24:27<12:58, 21.62s/it]
      12/25        19G      1.012     0.7675      1.127       1073        640:  65%|██████▍   | 66/102 [24:49<12:58, 21.62s/it]
      12/25        19G      1.012     0.7675      1.127       1073        640:  66%|██████▌   | 67/102 [24:49<12:38, 21.66s/it]
      12/25        19G      1.011     0.7664      1.127       1013        640:  66%|██████▌   | 67/102 [25:12<12:38, 21.66s/it]
      12/25        19G      1.011     0.7664      1.127       1013        640:  67%|██████▋   | 68/102 [25:12<12:28, 22.02s/it]
      12/25        19G      1.012     0.7671      1.128       1123        640:  67%|██████▋   | 68/102 [25:32<12:28, 22.02s/it]
      12/25        19G      1.012     0.7671      1.128       1123        640:  68%|██████▊   | 69/102 [25:32<11:52, 21.59s/it]
      12/25        19G      1.013     0.7679      1.128       1126        640:  68%|██████▊   | 69/102 [25:52<11:52, 21.59s/it]
      12/25        19G      1.013     0.7679      1.128       1126        640:  69%|██████▊   | 70/102 [25:52<11:08, 20.88s/it]
      12/25        19G      1.013     0.7684      1.128       1082        640:  69%|██████▊   | 70/102 [26:12<11:08, 20.88s/it]
      12/25        19G      1.013     0.7684      1.128       1082        640:  70%|██████▉   | 71/102 [26:12<10:44, 20.81s/it]
      12/25        19G      1.013     0.7684      1.128        963        640:  70%|██████▉   | 71/102 [26:34<10:44, 20.81s/it]
      12/25        19G      1.013     0.7684      1.128        963        640:  71%|███████   | 72/102 [26:34<10:30, 21.03s/it]
      12/25        19G      1.013     0.7679      1.128       1091        640:  71%|███████   | 72/102 [26:55<10:30, 21.03s/it]
      12/25        19G      1.013     0.7679      1.128       1091        640:  72%|███████▏  | 73/102 [26:55<10:12, 21.12s/it]
      12/25        19G      1.013     0.7677      1.128       1096        640:  72%|███████▏  | 73/102 [27:17<10:12, 21.12s/it]
      12/25        19G      1.013     0.7677      1.128       1096        640:  73%|███████▎  | 74/102 [27:17<09:59, 21.40s/it]
      12/25        19G      1.013      0.768      1.128       1036        640:  73%|███████▎  | 74/102 [27:38<09:59, 21.40s/it]
      12/25        19G      1.013      0.768      1.128       1036        640:  74%|███████▎  | 75/102 [27:38<09:34, 21.28s/it]
      12/25        19G      1.013      0.768      1.128       1042        640:  74%|███████▎  | 75/102 [27:59<09:34, 21.28s/it]
      12/25        19G      1.013      0.768      1.128       1042        640:  75%|███████▍  | 76/102 [27:59<09:09, 21.14s/it]
      12/25        19G      1.013     0.7677      1.128       1089        640:  75%|███████▍  | 76/102 [28:19<09:09, 21.14s/it]
      12/25        19G      1.013     0.7677      1.128       1089        640:  75%|███████▌  | 77/102 [28:19<08:42, 20.90s/it]
      12/25        19G      1.013     0.7673      1.128       1091        640:  75%|███████▌  | 77/102 [28:39<08:42, 20.90s/it]
      12/25        19G      1.013     0.7673      1.128       1091        640:  76%|███████▋  | 78/102 [28:39<08:12, 20.52s/it]
      12/25        19G      1.013      0.768      1.128        922        640:  76%|███████▋  | 78/102 [29:00<08:12, 20.52s/it]
      12/25        19G      1.013      0.768      1.128        922        640:  77%|███████▋  | 79/102 [29:00<07:55, 20.67s/it]
      12/25        19G      1.013     0.7679      1.128       1050        640:  77%|███████▋  | 79/102 [29:22<07:55, 20.67s/it]
      12/25        19G      1.013     0.7679      1.128       1050        640:  78%|███████▊  | 80/102 [29:22<07:42, 21.01s/it]
      12/25        19G      1.013     0.7674      1.128       1152        640:  78%|███████▊  | 80/102 [29:43<07:42, 21.01s/it]
      12/25        19G      1.013     0.7674      1.128       1152        640:  79%|███████▉  | 81/102 [29:43<07:21, 21.02s/it]
      12/25        19G      1.012     0.7668      1.128       1008        640:  79%|███████▉  | 81/102 [30:03<07:21, 21.02s/it]
      12/25        19G      1.012     0.7668      1.128       1008        640:  80%|████████  | 82/102 [30:03<06:53, 20.70s/it]
      12/25        19G      1.012     0.7673      1.128       1280        640:  80%|████████  | 82/102 [30:25<06:53, 20.70s/it]
      12/25        19G      1.012     0.7673      1.128       1280        640:  81%|████████▏ | 83/102 [30:25<06:43, 21.26s/it]
      12/25        19G      1.012     0.7678      1.128        962        640:  81%|████████▏ | 83/102 [30:46<06:43, 21.26s/it]
      12/25        19G      1.012     0.7678      1.128        962        640:  82%|████████▏ | 84/102 [30:46<06:19, 21.06s/it]
      12/25        19G      1.012     0.7676      1.128        996        640:  82%|████████▏ | 84/102 [31:07<06:19, 21.06s/it]
      12/25        19G      1.012     0.7676      1.128        996        640:  83%|████████▎ | 85/102 [31:07<05:55, 20.93s/it]
      12/25        19G      1.012     0.7671      1.128       1101        640:  83%|████████▎ | 85/102 [31:26<05:55, 20.93s/it]
      12/25        19G      1.012     0.7671      1.128       1101        640:  84%|████████▍ | 86/102 [31:26<05:29, 20.60s/it]
      12/25        19G      1.012     0.7668      1.128        974        640:  84%|████████▍ | 86/102 [31:45<05:29, 20.60s/it]
      12/25        19G      1.012     0.7668      1.128        974        640:  85%|████████▌ | 87/102 [31:45<05:02, 20.14s/it]
      12/25        19G      1.011     0.7668      1.128        991        640:  85%|████████▌ | 87/102 [32:06<05:02, 20.14s/it]
      12/25        19G      1.011     0.7668      1.128        991        640:  86%|████████▋ | 88/102 [32:06<04:45, 20.37s/it]
      12/25        19G      1.011     0.7667      1.128       1003        640:  86%|████████▋ | 88/102 [32:26<04:45, 20.37s/it]
      12/25        19G      1.011     0.7667      1.128       1003        640:  87%|████████▋ | 89/102 [32:26<04:21, 20.14s/it]
      12/25        19G      1.011     0.7664      1.128        984        640:  87%|████████▋ | 89/102 [32:48<04:21, 20.14s/it]
      12/25        19G      1.011     0.7664      1.128        984        640:  88%|████████▊ | 90/102 [32:48<04:07, 20.60s/it]
      12/25        19G      1.011     0.7658      1.128       1220        640:  88%|████████▊ | 90/102 [33:09<04:07, 20.60s/it]
      12/25        19G      1.011     0.7658      1.128       1220        640:  89%|████████▉ | 91/102 [33:09<03:48, 20.76s/it]
      12/25        19G      1.011     0.7657      1.127       1198        640:  89%|████████▉ | 91/102 [33:28<03:48, 20.76s/it]
      12/25        19G      1.011     0.7657      1.127       1198        640:  90%|█████████ | 92/102 [33:28<03:23, 20.34s/it]
      12/25        19G      1.011      0.766      1.128       1004        640:  90%|█████████ | 92/102 [33:47<03:23, 20.34s/it]
      12/25        19G      1.011      0.766      1.128       1004        640:  91%|█████████ | 93/102 [33:47<02:58, 19.84s/it]
      12/25        19G      1.011      0.766      1.127       1197        640:  91%|█████████ | 93/102 [34:07<02:58, 19.84s/it]
      12/25        19G      1.011      0.766      1.127       1197        640:  92%|█████████▏| 94/102 [34:07<02:39, 19.96s/it]
      12/25        19G      1.012     0.7665      1.128       1103        640:  92%|█████████▏| 94/102 [34:26<02:39, 19.96s/it]
      12/25        19G      1.012     0.7665      1.128       1103        640:  93%|█████████▎| 95/102 [34:26<02:17, 19.69s/it]
      12/25        19G      1.011     0.7666      1.128        910        640:  93%|█████████▎| 95/102 [34:48<02:17, 19.69s/it]
      12/25        19G      1.011     0.7666      1.128        910        640:  94%|█████████▍| 96/102 [34:48<02:01, 20.28s/it]
      12/25        19G      1.012      0.767      1.128       1014        640:  94%|█████████▍| 96/102 [35:08<02:01, 20.28s/it]
      12/25        19G      1.012      0.767      1.128       1014        640:  95%|█████████▌| 97/102 [35:08<01:41, 20.25s/it]
      12/25        19G      1.011      0.767      1.128        938        640:  95%|█████████▌| 97/102 [35:28<01:41, 20.25s/it]
      12/25        19G      1.011      0.767      1.128        938        640:  96%|█████████▌| 98/102 [35:28<01:20, 20.18s/it]
      12/25        19G      1.011     0.7676      1.128       1048        640:  96%|█████████▌| 98/102 [35:50<01:20, 20.18s/it]
      12/25        19G      1.011     0.7676      1.128       1048        640:  97%|█████████▋| 99/102 [35:50<01:02, 20.70s/it]
      12/25        19G      1.012     0.7682      1.128       1124        640:  97%|█████████▋| 99/102 [36:10<01:02, 20.70s/it]
      12/25        19G      1.012     0.7682      1.128       1124        640:  98%|█████████▊| 100/102 [36:10<00:41, 20.60s/it]
      12/25        19G      1.012     0.7687      1.129       1075        640:  98%|█████████▊| 100/102 [36:32<00:41, 20.60s/it]
      12/25        19G      1.012     0.7687      1.129       1075        640:  99%|█████████▉| 101/102 [36:32<00:20, 20.97s/it]
      12/25        19G      1.012     0.7686      1.129        269        640:  99%|█████████▉| 101/102 [36:38<00:20, 20.97s/it]
      12/25        19G      1.012     0.7686      1.129        269        640: 100%|██████████| 102/102 [36:38<00:00, 16.30s/it]
      12/25        19G      1.012     0.7686      1.129        269        640: 100%|██████████| 102/102 [36:38<00:00, 21.55s/it]

                 Class     Images  Instances      Box(P          R      mAP50  mAP50-95):   0%|          | 0/13 [00:00<?, ?it/s]
                 Class     Images  Instances      Box(P          R      mAP50  mAP50-95):   8%|▊         | 1/13 [00:00<00:03,  3.01it/s]
                 Class     Images  Instances      Box(P          R      mAP50  mAP50-95):  15%|█▌        | 2/13 [00:00<00:03,  2.98it/s]
                 Class     Images  Instances      Box(P          R      mAP50  mAP50-95):  23%|██▎       | 3/13 [00:00<00:03,  3.14it/s]
                 Class     Images  Instances      Box(P          R      mAP50  mAP50-95):  31%|███       | 4/13 [00:01<00:02,  3.21it/s]
                 Class     Images  Instances      Box(P          R      mAP50  mAP50-95):  38%|███▊      | 5/13 [02:05<06:00, 45.10s/it]
                 Class     Images  Instances      Box(P          R      mAP50  mAP50-95):  46%|████▌     | 6/13 [02:06<03:29, 29.87s/it]
                 Class     Images  Instances      Box(P          R      mAP50  mAP50-95):  54%|█████▍    | 7/13 [03:22<04:30, 45.15s/it]
                 Class     Images  Instances      Box(P          R      mAP50  mAP50-95):  62%|██████▏   | 8/13 [03:23<02:34, 30.88s/it]
                 Class     Images  Instances      Box(P          R      mAP50  mAP50-95):  69%|██████▉   | 9/13 [04:47<03:10, 47.71s/it]
                 Class     Images  Instances      Box(P          R      mAP50  mAP50-95):  77%|███████▋  | 10/13 [04:48<01:39, 33.07s/it]
                 Class     Images  Instances      Box(P          R      mAP50  mAP50-95):  85%|████████▍ | 11/13 [06:15<01:39, 49.78s/it]
                 Class     Images  Instances      Box(P          R      mAP50  mAP50-95):  92%|█████████▏| 12/13 [06:15<00:34, 34.73s/it]
                 Class     Images  Instances      Box(P          R      mAP50  mAP50-95): 100%|██████████| 13/13 [06:49<00:00, 34.40s/it]
                 Class     Images  Instances      Box(P          R      mAP50  mAP50-95): 100%|██████████| 13/13 [06:49<00:00, 31.51s/it]
                   all       1620      15401      0.636      0.488      0.519      0.314

      Epoch    GPU_mem   box_loss   cls_loss   dfl_loss  Instances       Size

  0%|          | 0/102 [00:00<?, ?it/s]
      13/25      16.2G     0.9799     0.7462      1.129       1048        640:   0%|          | 0/102 [00:00<?, ?it/s]
      13/25      16.2G     0.9799     0.7462      1.129       1048        640:   1%|          | 1/102 [00:00<00:18,  5.57it/s]
      13/25      16.2G     0.9974     0.7532      1.143        991        640:   1%|          | 1/102 [00:00<00:18,  5.57it/s]
      13/25      16.2G     0.9974     0.7532      1.143        991        640:   2%|▏         | 2/102 [00:00<00:17,  5.77it/s]
      13/25      16.2G     0.9959     0.7643      1.138       1006        640:   2%|▏         | 2/102 [00:51<00:17,  5.77it/s]
      13/25      16.2G     0.9959     0.7643      1.138       1006        640:   3%|▎         | 3/102 [00:51<38:54, 23.59s/it]
      13/25      17.6G     0.9912      0.757      1.122       1369        640:   3%|▎         | 3/102 [01:31<38:54, 23.59s/it]
      13/25      17.6G     0.9912      0.757      1.122       1369        640:   4%|▍         | 4/102 [01:31<48:52, 29.92s/it]
      13/25      17.6G      0.996     0.7583      1.123       1111        640:   4%|▍         | 4/102 [02:07<48:52, 29.92s/it]
      13/25      17.6G      0.996     0.7583      1.123       1111        640:   5%|▍         | 5/102 [02:07<52:01, 32.18s/it]
      13/25      17.6G      1.002     0.7615      1.124       1123        640:   5%|▍         | 5/102 [02:37<52:01, 32.18s/it]
      13/25      17.6G      1.002     0.7615      1.124       1123        640:   6%|▌         | 6/102 [02:37<50:23, 31.49s/it]
      13/25      18.6G          1     0.7614      1.119       1135        640:   6%|▌         | 6/102 [02:59<50:23, 31.49s/it]
      13/25      18.6G          1     0.7614      1.119       1135        640:   7%|▋         | 7/102 [02:59<44:50, 28.32s/it]
      13/25      18.6G      1.006     0.7604      1.123       1221        640:   7%|▋         | 7/102 [03:19<44:50, 28.32s/it]
      13/25      18.6G      1.006     0.7604      1.123       1221        640:   8%|▊         | 8/102 [03:19<39:56, 25.50s/it]
      13/25      18.6G      1.004     0.7636      1.124       1158        640:   8%|▊         | 8/102 [03:39<39:56, 25.50s/it]
      13/25      18.6G      1.004     0.7636      1.124       1158        640:   9%|▉         | 9/102 [03:39<37:04, 23.92s/it]
      13/25      18.6G      1.006      0.767      1.123       1135        640:   9%|▉         | 9/102 [04:00<37:04, 23.92s/it]
      13/25      18.6G      1.006      0.767      1.123       1135        640:  10%|▉         | 10/102 [04:00<35:23, 23.08s/it]
      13/25      18.6G      1.005     0.7623      1.123       1162        640:  10%|▉         | 10/102 [04:20<35:23, 23.08s/it]
      13/25      18.6G      1.005     0.7623      1.123       1162        640:  11%|█         | 11/102 [04:20<33:24, 22.03s/it]
      13/25      18.6G      1.007     0.7612      1.124       1022        640:  11%|█         | 11/102 [04:39<33:24, 22.03s/it]
      13/25      18.6G      1.007     0.7612      1.124       1022        640:  12%|█▏        | 12/102 [04:39<31:50, 21.23s/it]
      13/25      18.6G      1.007     0.7628      1.125       1026        640:  12%|█▏        | 12/102 [05:00<31:50, 21.23s/it]
      13/25      18.6G      1.007     0.7628      1.125       1026        640:  13%|█▎        | 13/102 [05:00<31:07, 20.98s/it]
      13/25      18.6G      1.003     0.7607      1.123       1186        640:  13%|█▎        | 13/102 [05:20<31:07, 20.98s/it]
      13/25      18.6G      1.003     0.7607      1.123       1186        640:  14%|█▎        | 14/102 [05:20<30:38, 20.89s/it]
      13/25      18.6G      1.005     0.7636      1.123       1024        640:  14%|█▎        | 14/102 [05:41<30:38, 20.89s/it]
      13/25      18.6G      1.005     0.7636      1.123       1024        640:  15%|█▍        | 15/102 [05:41<30:07, 20.77s/it]
      13/25      18.6G      1.003     0.7619      1.122        930        640:  15%|█▍        | 15/102 [06:01<30:07, 20.77s/it]
      13/25      18.6G      1.003     0.7619      1.122        930        640:  16%|█▌        | 16/102 [06:01<29:40, 20.70s/it]
      13/25      18.6G      1.004     0.7609      1.122       1188        640:  16%|█▌        | 16/102 [06:22<29:40, 20.70s/it]
      13/25      18.6G      1.004     0.7609      1.122       1188        640:  17%|█▋        | 17/102 [06:22<29:16, 20.67s/it]
      13/25      18.6G      1.005     0.7608      1.123       1028        640:  17%|█▋        | 17/102 [06:43<29:16, 20.67s/it]
      13/25      18.6G      1.005     0.7608      1.123       1028        640:  18%|█▊        | 18/102 [06:43<28:53, 20.64s/it]
      13/25      18.6G      1.006     0.7613      1.124       1037        640:  18%|█▊        | 18/102 [07:02<28:53, 20.64s/it]
      13/25      18.6G      1.006     0.7613      1.124       1037        640:  19%|█▊        | 19/102 [07:02<28:14, 20.41s/it]
      13/25      18.6G      1.006     0.7589      1.124       1091        640:  19%|█▊        | 19/102 [07:23<28:14, 20.41s/it]
      13/25      18.6G      1.006     0.7589      1.124       1091        640:  20%|█▉        | 20/102 [07:23<28:04, 20.54s/it]
      13/25      18.6G      1.003     0.7556      1.122       1085        640:  20%|█▉        | 20/102 [07:44<28:04, 20.54s/it]
      13/25      18.6G      1.003     0.7556      1.122       1085        640:  21%|██        | 21/102 [07:44<27:56, 20.69s/it]
      13/25      18.6G      1.004     0.7561      1.122       1079        640:  21%|██        | 21/102 [08:05<27:56, 20.69s/it]
      13/25      18.6G      1.004     0.7561      1.122       1079        640:  22%|██▏       | 22/102 [08:05<27:35, 20.69s/it]
      13/25      18.6G      1.002     0.7542      1.123       1043        640:  22%|██▏       | 22/102 [08:27<27:35, 20.69s/it]
      13/25      18.6G      1.002     0.7542      1.123       1043        640:  23%|██▎       | 23/102 [08:27<27:35, 20.96s/it]
      13/25      18.6G      1.002     0.7531      1.123        989        640:  23%|██▎       | 23/102 [08:49<27:35, 20.96s/it]
      13/25      18.6G      1.002     0.7531      1.123        989        640:  24%|██▎       | 24/102 [08:49<27:57, 21.51s/it]
      13/25      18.6G      1.001     0.7526      1.122       1035        640:  24%|██▎       | 24/102 [09:13<27:57, 21.51s/it]
      13/25      18.6G      1.001     0.7526      1.122       1035        640:  25%|██▍       | 25/102 [09:13<28:21, 22.10s/it]
      13/25      18.6G      1.002     0.7519      1.122       1258        640:  25%|██▍       | 25/102 [09:37<28:21, 22.10s/it]
      13/25      18.6G      1.002     0.7519      1.122       1258        640:  25%|██▌       | 26/102 [09:37<28:51, 22.78s/it]
      13/25      18.6G      1.001     0.7491      1.121       1219        640:  25%|██▌       | 26/102 [10:02<28:51, 22.78s/it]
      13/25      18.6G      1.001     0.7491      1.121       1219        640:  26%|██▋       | 27/102 [10:02<29:13, 23.38s/it]
      13/25      18.6G          1     0.7474       1.12       1174        640:  26%|██▋       | 27/102 [10:29<29:13, 23.38s/it]
      13/25      18.6G          1     0.7474       1.12       1174        640:  27%|██▋       | 28/102 [10:29<30:04, 24.38s/it]
      13/25      18.6G          1     0.7475      1.121       1071        640:  27%|██▋       | 28/102 [10:54<30:04, 24.38s/it]
      13/25      18.6G          1     0.7475      1.121       1071        640:  28%|██▊       | 29/102 [10:54<29:57, 24.62s/it]
      13/25      18.6G     0.9989     0.7464      1.121       1124        640:  28%|██▊       | 29/102 [11:19<29:57, 24.62s/it]
      13/25      18.6G     0.9989     0.7464      1.121       1124        640:  29%|██▉       | 30/102 [11:19<29:34, 24.65s/it]
      13/25      18.6G          1     0.7465      1.121       1101        640:  29%|██▉       | 30/102 [11:44<29:34, 24.65s/it]
      13/25      18.6G          1     0.7465      1.121       1101        640:  30%|███       | 31/102 [11:44<29:25, 24.87s/it]
      13/25      18.6G      1.001     0.7466       1.12       1382        640:  30%|███       | 31/102 [12:09<29:25, 24.87s/it]
      13/25      18.6G      1.001     0.7466       1.12       1382        640:  31%|███▏      | 32/102 [12:09<29:01, 24.88s/it]
      13/25      18.6G      1.003     0.7487      1.121       1089        640:  31%|███▏      | 32/102 [12:33<29:01, 24.88s/it]
      13/25      18.6G      1.003     0.7487      1.121       1089        640:  32%|███▏      | 33/102 [12:33<28:12, 24.53s/it]
      13/25      18.6G      1.003     0.7491       1.12       1344        640:  32%|███▏      | 33/102 [12:58<28:12, 24.53s/it]
      13/25      18.6G      1.003     0.7491       1.12       1344        640:  33%|███▎      | 34/102 [12:58<27:58, 24.68s/it]
      13/25      18.6G      1.003     0.7485       1.12       1122        640:  33%|███▎      | 34/102 [13:23<27:58, 24.68s/it]
      13/25      18.6G      1.003     0.7485       1.12       1122        640:  34%|███▍      | 35/102 [13:23<27:54, 24.99s/it]
      13/25      18.6G      1.004     0.7503      1.121       1049        640:  34%|███▍      | 35/102 [13:47<27:54, 24.99s/it]
      13/25      18.6G      1.004     0.7503      1.121       1049        640:  35%|███▌      | 36/102 [13:47<27:07, 24.67s/it]
      13/25      18.6G      1.005     0.7495       1.12       1258        640:  35%|███▌      | 36/102 [14:10<27:07, 24.67s/it]
      13/25      18.6G      1.005     0.7495       1.12       1258        640:  36%|███▋      | 37/102 [14:10<26:03, 24.05s/it]
      13/25      18.6G      1.005     0.7504       1.12       1127        640:  36%|███▋      | 37/102 [14:34<26:03, 24.05s/it]
      13/25      18.6G      1.005     0.7504       1.12       1127        640:  37%|███▋      | 38/102 [14:34<25:44, 24.14s/it]
      13/25      18.6G      1.004     0.7497       1.12       1057        640:  37%|███▋      | 38/102 [14:59<25:44, 24.14s/it]
      13/25      18.6G      1.004     0.7497       1.12       1057        640:  38%|███▊      | 39/102 [14:59<25:30, 24.29s/it]
      13/25      18.6G      1.005     0.7518      1.121       1155        640:  38%|███▊      | 39/102 [15:25<25:30, 24.29s/it]
      13/25      18.6G      1.005     0.7518      1.121       1155        640:  39%|███▉      | 40/102 [15:25<25:37, 24.80s/it]
      13/25      18.6G      1.005     0.7527      1.121        992        640:  39%|███▉      | 40/102 [15:49<25:37, 24.80s/it]
      13/25      18.6G      1.005     0.7527      1.121        992        640:  40%|████      | 41/102 [15:49<25:10, 24.76s/it]
      13/25      18.6G      1.005     0.7519      1.121        950        640:  40%|████      | 41/102 [16:13<25:10, 24.76s/it]
      13/25      18.6G      1.005     0.7519      1.121        950        640:  41%|████      | 42/102 [16:13<24:31, 24.53s/it]
      13/25      18.6G      1.005      0.752      1.121       1213        640:  41%|████      | 42/102 [16:39<24:31, 24.53s/it]
      13/25      18.6G      1.005      0.752      1.121       1213        640:  42%|████▏     | 43/102 [16:39<24:17, 24.71s/it]
      13/25      18.6G      1.006     0.7538      1.122       1157        640:  42%|████▏     | 43/102 [17:05<24:17, 24.71s/it]
      13/25      18.6G      1.006     0.7538      1.122       1157        640:  43%|████▎     | 44/102 [17:05<24:25, 25.26s/it]
      13/25      18.6G      1.006     0.7541      1.123        913        640:  43%|████▎     | 44/102 [17:32<24:25, 25.26s/it]
      13/25      18.6G      1.006     0.7541      1.123        913        640:  44%|████▍     | 45/102 [17:32<24:32, 25.83s/it]
      13/25      18.6G      1.006     0.7539      1.122       1051        640:  44%|████▍     | 45/102 [17:58<24:32, 25.83s/it]
      13/25      18.6G      1.006     0.7539      1.122       1051        640:  45%|████▌     | 46/102 [17:58<23:58, 25.69s/it]
      13/25      18.6G      1.005     0.7524      1.122       1165        640:  45%|████▌     | 46/102 [18:21<23:58, 25.69s/it]
      13/25      18.6G      1.005     0.7524      1.122       1165        640:  46%|████▌     | 47/102 [18:21<22:51, 24.93s/it]
      13/25      18.6G      1.005     0.7524      1.123        963        640:  46%|████▌     | 47/102 [18:45<22:51, 24.93s/it]
      13/25      18.6G      1.005     0.7524      1.123        963        640:  47%|████▋     | 48/102 [18:45<22:11, 24.65s/it]
      13/25      18.6G      1.005     0.7511      1.122       1239        640:  47%|████▋     | 48/102 [19:10<22:11, 24.65s/it]
      13/25      18.6G      1.005     0.7511      1.122       1239        640:  48%|████▊     | 49/102 [19:10<21:48, 24.68s/it]
      13/25      18.6G      1.004     0.7497      1.122       1045        640:  48%|████▊     | 49/102 [19:35<21:48, 24.68s/it]
      13/25      18.6G      1.004     0.7497      1.122       1045        640:  49%|████▉     | 50/102 [19:35<21:38, 24.97s/it]
      13/25      18.6G      1.003     0.7488      1.122        948        640:  49%|████▉     | 50/102 [19:58<21:38, 24.97s/it]
      13/25      18.6G      1.003     0.7488      1.122        948        640:  50%|█████     | 51/102 [19:58<20:43, 24.38s/it]
      13/25      18.6G      1.003     0.7487      1.122        919        640:  50%|█████     | 51/102 [20:20<20:43, 24.38s/it]
      13/25      18.6G      1.003     0.7487      1.122        919        640:  51%|█████     | 52/102 [20:20<19:37, 23.56s/it]
      13/25      18.6G      1.003      0.749      1.123       1123        640:  51%|█████     | 52/102 [20:40<19:37, 23.56s/it]
      13/25      18.6G      1.003      0.749      1.123       1123        640:  52%|█████▏    | 53/102 [20:40<18:18, 22.42s/it]
      13/25      18.6G      1.004     0.7492      1.123       1057        640:  52%|█████▏    | 53/102 [20:59<18:18, 22.42s/it]
      13/25      18.6G      1.004     0.7492      1.123       1057        640:  53%|█████▎    | 54/102 [20:59<17:07, 21.40s/it]
      13/25      18.6G      1.003     0.7487      1.123        998        640:  53%|█████▎    | 54/102 [21:20<17:07, 21.40s/it]
      13/25      18.6G      1.003     0.7487      1.123        998        640:  54%|█████▍    | 55/102 [21:20<16:52, 21.54s/it]
      13/25      18.6G      1.004     0.7498      1.123       1078        640:  54%|█████▍    | 55/102 [21:41<16:52, 21.54s/it]
      13/25      18.6G      1.004     0.7498      1.123       1078        640:  55%|█████▍    | 56/102 [21:41<16:10, 21.10s/it]
      13/25      18.6G      1.003     0.7495      1.123        954        640:  55%|█████▍    | 56/102 [22:02<16:10, 21.10s/it]
      13/25      18.6G      1.003     0.7495      1.123        954        640:  56%|█████▌    | 57/102 [22:02<15:47, 21.06s/it]
      13/25      18.6G      1.003     0.7492      1.123        971        640:  56%|█████▌    | 57/102 [22:21<15:47, 21.06s/it]
      13/25      18.6G      1.003     0.7492      1.123        971        640:  57%|█████▋    | 58/102 [22:21<15:08, 20.65s/it]
      13/25      19.7G      1.003     0.7498      1.123       1210        640:  57%|█████▋    | 58/102 [22:44<15:08, 20.65s/it]
      13/25      19.7G      1.003     0.7498      1.123       1210        640:  58%|█████▊    | 59/102 [22:44<15:15, 21.28s/it]
      13/25      19.7G      1.003     0.7495      1.123       1086        640:  58%|█████▊    | 59/102 [23:06<15:15, 21.28s/it]
      13/25      19.7G      1.003     0.7495      1.123       1086        640:  59%|█████▉    | 60/102 [23:06<15:02, 21.48s/it]
      13/25      19.7G      1.003     0.7501      1.123       1028        640:  59%|█████▉    | 60/102 [23:27<15:02, 21.48s/it]
      13/25      19.7G      1.003     0.7501      1.123       1028        640:  60%|█████▉    | 61/102 [23:27<14:35, 21.35s/it]
      13/25      19.7G      1.003     0.7496      1.123       1162        640:  60%|█████▉    | 61/102 [23:49<14:35, 21.35s/it]
      13/25      19.7G      1.003     0.7496      1.123       1162        640:  61%|██████    | 62/102 [23:49<14:20, 21.50s/it]
      13/25      19.7G      1.003      0.749      1.122       1223        640:  61%|██████    | 62/102 [24:12<14:20, 21.50s/it]
      13/25      19.7G      1.003      0.749      1.122       1223        640:  62%|██████▏   | 63/102 [24:12<14:13, 21.88s/it]
      13/25      19.7G      1.002     0.7488      1.122       1190        640:  62%|██████▏   | 63/102 [24:33<14:13, 21.88s/it]
      13/25      19.7G      1.002     0.7488      1.122       1190        640:  63%|██████▎   | 64/102 [24:33<13:48, 21.80s/it]
      13/25      19.7G      1.001      0.748      1.121       1068        640:  63%|██████▎   | 64/102 [24:54<13:48, 21.80s/it]
      13/25      19.7G      1.001      0.748      1.121       1068        640:  64%|██████▎   | 65/102 [24:54<13:16, 21.52s/it]
      13/25      19.7G      1.001     0.7486      1.121        925        640:  64%|██████▎   | 65/102 [25:16<13:16, 21.52s/it]
      13/25      19.7G      1.001     0.7486      1.121        925        640:  65%|██████▍   | 66/102 [25:16<13:00, 21.69s/it]
      13/25      19.7G      1.001     0.7484      1.121       1077        640:  65%|██████▍   | 66/102 [25:36<13:00, 21.69s/it]
      13/25      19.7G      1.001     0.7484      1.121       1077        640:  66%|██████▌   | 67/102 [25:36<12:17, 21.08s/it]
      13/25      19.7G      1.002     0.7489      1.121       1121        640:  66%|██████▌   | 67/102 [25:57<12:17, 21.08s/it]
      13/25      19.7G      1.002     0.7489      1.121       1121        640:  67%|██████▋   | 68/102 [25:57<11:55, 21.03s/it]
      13/25      19.7G      1.002     0.7494      1.122       1002        640:  67%|██████▋   | 68/102 [26:17<11:55, 21.03s/it]
      13/25      19.7G      1.002     0.7494      1.122       1002        640:  68%|██████▊   | 69/102 [26:17<11:26, 20.80s/it]
      13/25      19.7G      1.002     0.7495      1.122        917        640:  68%|██████▊   | 69/102 [26:37<11:26, 20.80s/it]
      13/25      19.7G      1.002     0.7495      1.122        917        640:  69%|██████▊   | 70/102 [26:37<10:56, 20.53s/it]
      13/25      19.7G      1.002     0.7489      1.122       1172        640:  69%|██████▊   | 70/102 [26:56<10:56, 20.53s/it]
      13/25      19.7G      1.002     0.7489      1.122       1172        640:  70%|██████▉   | 71/102 [26:56<10:23, 20.13s/it]
      13/25      19.7G          1     0.7476      1.121        940        640:  70%|██████▉   | 71/102 [27:18<10:23, 20.13s/it]
      13/25      19.7G          1     0.7476      1.121        940        640:  71%|███████   | 72/102 [27:18<10:19, 20.65s/it]
      13/25      19.7G     0.9999     0.7475      1.122        900        640:  71%|███████   | 72/102 [27:40<10:19, 20.65s/it]
      13/25      19.7G     0.9999     0.7475      1.122        900        640:  72%|███████▏  | 73/102 [27:40<10:08, 21.00s/it]
      13/25      19.7G     0.9992     0.7467      1.121       1017        640:  72%|███████▏  | 73/102 [28:02<10:08, 21.00s/it]
      13/25      19.7G     0.9992     0.7467      1.121       1017        640:  73%|███████▎  | 74/102 [28:02<09:57, 21.36s/it]
      13/25      19.7G     0.9991     0.7463      1.121       1124        640:  73%|███████▎  | 74/102 [28:22<09:57, 21.36s/it]
      13/25      19.7G     0.9991     0.7463      1.121       1124        640:  74%|███████▎  | 75/102 [28:22<09:27, 21.01s/it]
      13/25      19.7G     0.9994     0.7461      1.121       1167        640:  74%|███████▎  | 75/102 [28:46<09:27, 21.01s/it]
      13/25      19.7G     0.9994     0.7461      1.121       1167        640:  75%|███████▍  | 76/102 [28:46<09:28, 21.86s/it]
      13/25      19.7G     0.9993     0.7462      1.121       1083        640:  75%|███████▍  | 76/102 [29:08<09:28, 21.86s/it]
      13/25      19.7G     0.9993     0.7462      1.121       1083        640:  75%|███████▌  | 77/102 [29:08<09:09, 21.99s/it]
      13/25      19.7G     0.9997     0.7462      1.121       1163        640:  75%|███████▌  | 77/102 [29:31<09:09, 21.99s/it]
      13/25      19.7G     0.9997     0.7462      1.121       1163        640:  76%|███████▋  | 78/102 [29:31<08:51, 22.13s/it]
      13/25      19.7G     0.9993     0.7456      1.121       1071        640:  76%|███████▋  | 78/102 [29:52<08:51, 22.13s/it]
      13/25      19.7G     0.9993     0.7456      1.121       1071        640:  77%|███████▋  | 79/102 [29:52<08:22, 21.87s/it]
      13/25      19.7G     0.9999     0.7461      1.122       1029        640:  77%|███████▋  | 79/102 [30:15<08:22, 21.87s/it]
      13/25      19.7G     0.9999     0.7461      1.122       1029        640:  78%|███████▊  | 80/102 [30:15<08:05, 22.08s/it]
      13/25      19.7G          1     0.7454      1.122       1222        640:  78%|███████▊  | 80/102 [30:36<08:05, 22.08s/it]
      13/25      19.7G          1     0.7454      1.122       1222        640:  79%|███████▉  | 81/102 [30:36<07:41, 21.97s/it]
      13/25      19.7G          1     0.7456      1.122       1046        640:  79%|███████▉  | 81/102 [30:59<07:41, 21.97s/it]
      13/25      19.7G          1     0.7456      1.122       1046        640:  80%|████████  | 82/102 [30:59<07:26, 22.31s/it]
      13/25      20.9G      1.001     0.7459      1.122       1372        640:  80%|████████  | 82/102 [31:20<07:26, 22.31s/it]
      13/25      20.9G      1.001     0.7459      1.122       1372        640:  81%|████████▏ | 83/102 [31:20<06:54, 21.80s/it]
      13/25      20.9G      1.001     0.7459      1.121       1318        640:  81%|████████▏ | 83/102 [31:43<06:54, 21.80s/it]
      13/25      20.9G      1.001     0.7459      1.121       1318        640:  82%|████████▏ | 84/102 [31:43<06:37, 22.09s/it]
      13/25      20.9G      1.001     0.7466      1.121       1157        640:  82%|████████▏ | 84/102 [32:05<06:37, 22.09s/it]
      13/25      20.9G      1.001     0.7466      1.121       1157        640:  83%|████████▎ | 85/102 [32:05<06:15, 22.09s/it]
      13/25      20.9G      1.001     0.7471      1.121        951        640:  83%|████████▎ | 85/102 [32:28<06:15, 22.09s/it]
      13/25      20.9G      1.001     0.7471      1.121        951        640:  84%|████████▍ | 86/102 [32:28<05:56, 22.28s/it]
      13/25      20.9G      1.001     0.7468      1.122       1010        640:  84%|████████▍ | 86/102 [32:48<05:56, 22.28s/it]
      13/25      20.9G      1.001     0.7468      1.122       1010        640:  85%|████████▌ | 87/102 [32:48<05:27, 21.87s/it]
      13/25      20.9G      1.002     0.7471      1.122       1029        640:  85%|████████▌ | 87/102 [33:09<05:27, 21.87s/it]
      13/25      20.9G      1.002     0.7471      1.122       1029        640:  86%|████████▋ | 88/102 [33:09<05:02, 21.58s/it]
      13/25      20.9G      1.002     0.7477      1.122       1220        640:  86%|████████▋ | 88/102 [33:32<05:02, 21.58s/it]
      13/25      20.9G      1.002     0.7477      1.122       1220        640:  87%|████████▋ | 89/102 [33:32<04:43, 21.83s/it]
      13/25      20.9G      1.003      0.748      1.123       1030        640:  87%|████████▋ | 89/102 [33:56<04:43, 21.83s/it]
      13/25      20.9G      1.003      0.748      1.123       1030        640:  88%|████████▊ | 90/102 [33:56<04:31, 22.59s/it]
      13/25      20.9G      1.003     0.7485      1.123       1137        640:  88%|████████▊ | 90/102 [34:16<04:31, 22.59s/it]
      13/25      20.9G      1.003     0.7485      1.123       1137        640:  89%|████████▉ | 91/102 [34:16<04:00, 21.89s/it]
      13/25      20.9G      1.003     0.7487      1.123       1094        640:  89%|████████▉ | 91/102 [34:38<04:00, 21.89s/it]
      13/25      20.9G      1.003     0.7487      1.123       1094        640:  90%|█████████ | 92/102 [34:38<03:37, 21.77s/it]
      13/25      20.9G      1.003     0.7493      1.123       1029        640:  90%|█████████ | 92/102 [35:00<03:37, 21.77s/it]
      13/25      20.9G      1.003     0.7493      1.123       1029        640:  91%|█████████ | 93/102 [35:00<03:16, 21.84s/it]
      13/25      20.9G      1.002     0.7489      1.123       1088        640:  91%|█████████ | 93/102 [35:22<03:16, 21.84s/it]
      13/25      20.9G      1.002     0.7489      1.123       1088        640:  92%|█████████▏| 94/102 [35:22<02:55, 21.94s/it]
      13/25      20.9G      1.002     0.7491      1.122       1118        640:  92%|█████████▏| 94/102 [35:44<02:55, 21.94s/it]
      13/25      20.9G      1.002     0.7491      1.122       1118        640:  93%|█████████▎| 95/102 [35:44<02:34, 22.06s/it]
      13/25      20.9G      1.002     0.7491      1.122        872        640:  93%|█████████▎| 95/102 [36:09<02:34, 22.06s/it]
      13/25      20.9G      1.002     0.7491      1.122        872        640:  94%|█████████▍| 96/102 [36:09<02:16, 22.72s/it]
      13/25      20.9G      1.002     0.7497      1.123        829        640:  94%|█████████▍| 96/102 [36:31<02:16, 22.72s/it]
      13/25      20.9G      1.002     0.7497      1.123        829        640:  95%|█████████▌| 97/102 [36:31<01:52, 22.57s/it]
      13/25      20.9G      1.002     0.7495      1.123       1096        640:  95%|█████████▌| 97/102 [36:53<01:52, 22.57s/it]
      13/25      20.9G      1.002     0.7495      1.123       1096        640:  96%|█████████▌| 98/102 [36:53<01:29, 22.45s/it]
      13/25      20.9G      1.002     0.7496      1.123        821        640:  96%|█████████▌| 98/102 [37:15<01:29, 22.45s/it]
      13/25      20.9G      1.002     0.7496      1.123        821        640:  97%|█████████▋| 99/102 [37:15<01:07, 22.38s/it]
      13/25      20.9G      1.002     0.7501      1.123        974        640:  97%|█████████▋| 99/102 [37:37<01:07, 22.38s/it]
      13/25      20.9G      1.002     0.7501      1.123        974        640:  98%|█████████▊| 100/102 [37:37<00:44, 22.19s/it]
      13/25      20.9G      1.002     0.7499      1.123       1152        640:  98%|█████████▊| 100/102 [37:59<00:44, 22.19s/it]
      13/25      20.9G      1.002     0.7499      1.123       1152        640:  99%|█████████▉| 101/102 [37:59<00:22, 22.19s/it]
      13/25      20.9G      1.001     0.7501      1.123        201        640:  99%|█████████▉| 101/102 [38:04<00:22, 22.19s/it]
      13/25      20.9G      1.001     0.7501      1.123        201        640: 100%|██████████| 102/102 [38:04<00:00, 16.89s/it]
      13/25      20.9G      1.001     0.7501      1.123        201        640: 100%|██████████| 102/102 [38:04<00:00, 22.39s/it]

                 Class     Images  Instances      Box(P          R      mAP50  mAP50-95):   0%|          | 0/13 [00:00<?, ?it/s]
                 Class     Images  Instances      Box(P          R      mAP50  mAP50-95):   8%|▊         | 1/13 [00:00<00:03,  3.11it/s]
                 Class     Images  Instances      Box(P          R      mAP50  mAP50-95):  15%|█▌        | 2/13 [00:00<00:03,  3.10it/s]
                 Class     Images  Instances      Box(P          R      mAP50  mAP50-95):  23%|██▎       | 3/13 [00:00<00:03,  3.25it/s]
                 Class     Images  Instances      Box(P          R      mAP50  mAP50-95):  31%|███       | 4/13 [00:01<00:02,  3.29it/s]
                 Class     Images  Instances      Box(P          R      mAP50  mAP50-95):  38%|███▊      | 5/13 [02:13<06:24, 48.03s/it]
                 Class     Images  Instances      Box(P          R      mAP50  mAP50-95):  46%|████▌     | 6/13 [02:14<03:42, 31.80s/it]
                 Class     Images  Instances      Box(P          R      mAP50  mAP50-95):  54%|█████▍    | 7/13 [03:37<04:51, 48.54s/it]
                 Class     Images  Instances      Box(P          R      mAP50  mAP50-95):  62%|██████▏   | 8/13 [03:37<02:45, 33.19s/it]
                 Class     Images  Instances      Box(P          R      mAP50  mAP50-95):  69%|██████▉   | 9/13 [05:06<03:22, 50.61s/it]
                 Class     Images  Instances      Box(P          R      mAP50  mAP50-95):  77%|███████▋  | 10/13 [05:06<01:45, 35.06s/it]
                 Class     Images  Instances      Box(P          R      mAP50  mAP50-95):  85%|████████▍ | 11/13 [06:34<01:42, 51.30s/it]
                 Class     Images  Instances      Box(P          R      mAP50  mAP50-95):  92%|█████████▏| 12/13 [06:35<00:35, 35.78s/it]
                 Class     Images  Instances      Box(P          R      mAP50  mAP50-95): 100%|██████████| 13/13 [07:05<00:00, 34.26s/it]
                 Class     Images  Instances      Box(P          R      mAP50  mAP50-95): 100%|██████████| 13/13 [07:05<00:00, 32.75s/it]
                   all       1620      15401      0.592      0.451      0.486        0.3

      Epoch    GPU_mem   box_loss   cls_loss   dfl_loss  Instances       Size

  0%|          | 0/102 [00:00<?, ?it/s]
      14/25      15.7G     0.9925     0.7553      1.102       1140        640:   0%|          | 0/102 [00:00<?, ?it/s]
      14/25      15.7G     0.9925     0.7553      1.102       1140        640:   1%|          | 1/102 [00:00<00:25,  3.91it/s]
      14/25      16.2G      1.004     0.7568      1.117       1010        640:   1%|          | 1/102 [00:00<00:25,  3.91it/s]
      14/25      16.2G      1.004     0.7568      1.117       1010        640:   2%|▏         | 2/102 [00:00<00:20,  4.90it/s]
      14/25      16.2G     0.9944     0.7441      1.114       1169        640:   2%|▏         | 2/102 [00:54<00:20,  4.90it/s]
      14/25      16.2G     0.9944     0.7441      1.114       1169        640:   3%|▎         | 3/102 [00:54<41:01, 24.86s/it]
      14/25      16.6G     0.9956     0.7539      1.118       1031        640:   3%|▎         | 3/102 [01:32<41:01, 24.86s/it]
      14/25      16.6G     0.9956     0.7539      1.118       1031        640:   4%|▍         | 4/102 [01:32<49:07, 30.07s/it]
      14/25      16.6G     0.9951     0.7506      1.113       1259        640:   4%|▍         | 4/102 [02:08<49:07, 30.07s/it]
      14/25      16.6G     0.9951     0.7506      1.113       1259        640:   5%|▍         | 5/102 [02:08<51:59, 32.16s/it]
      14/25      16.6G     0.9948     0.7496      1.111       1231        640:   5%|▍         | 5/102 [02:40<51:59, 32.16s/it]
      14/25      16.6G     0.9948     0.7496      1.111       1231        640:   6%|▌         | 6/102 [02:40<51:35, 32.24s/it]
      14/25      16.6G      1.002     0.7528      1.119        984        640:   6%|▌         | 6/102 [03:01<51:35, 32.24s/it]
      14/25      16.6G      1.002     0.7528      1.119        984        640:   7%|▋         | 7/102 [03:01<44:45, 28.26s/it]
      14/25      16.6G      1.003     0.7458      1.116       1161        640:   7%|▋         | 7/102 [03:21<44:45, 28.26s/it]
      14/25      16.6G      1.003     0.7458      1.116       1161        640:   8%|▊         | 8/102 [03:21<40:08, 25.63s/it]
      14/25      16.6G     0.9969     0.7369      1.112       1004        640:   8%|▊         | 8/102 [03:44<40:08, 25.63s/it]
      14/25      16.6G     0.9969     0.7369      1.112       1004        640:   9%|▉         | 9/102 [03:44<38:50, 25.06s/it]
      14/25      16.6G          1     0.7398      1.115       1111        640:   9%|▉         | 9/102 [04:07<38:50, 25.06s/it]
      14/25      16.6G          1     0.7398      1.115       1111        640:  10%|▉         | 10/102 [04:07<37:21, 24.37s/it]
      14/25      17.3G     0.9949     0.7351      1.113       1065        640:  10%|▉         | 10/102 [04:29<37:21, 24.37s/it]
      14/25      17.3G     0.9949     0.7351      1.113       1065        640:  11%|█         | 11/102 [04:29<35:55, 23.69s/it]
      14/25      17.3G     0.9951     0.7322      1.113       1013        640:  11%|█         | 11/102 [04:52<35:55, 23.69s/it]
      14/25      17.3G     0.9951     0.7322      1.113       1013        640:  12%|█▏        | 12/102 [04:52<35:12, 23.48s/it]
      14/25      17.3G     0.9943     0.7313      1.115       1101        640:  12%|█▏        | 12/102 [05:13<35:12, 23.48s/it]
      14/25      17.3G     0.9943     0.7313      1.115       1101        640:  13%|█▎        | 13/102 [05:13<33:32, 22.61s/it]
      14/25      17.3G     0.9934     0.7297      1.113       1256        640:  13%|█▎        | 13/102 [05:36<33:32, 22.61s/it]
      14/25      17.3G     0.9934     0.7297      1.113       1256        640:  14%|█▎        | 14/102 [05:36<33:16, 22.69s/it]
      14/25      17.3G     0.9933     0.7286      1.114       1022        640:  14%|█▎        | 14/102 [05:57<33:16, 22.69s/it]
      14/25      17.3G     0.9933     0.7286      1.114       1022        640:  15%|█▍        | 15/102 [05:57<32:05, 22.14s/it]
      14/25      17.3G     0.9912     0.7274      1.116       1015        640:  15%|█▍        | 15/102 [06:19<32:05, 22.14s/it]
      14/25      17.3G     0.9912     0.7274      1.116       1015        640:  16%|█▌        | 16/102 [06:19<31:55, 22.27s/it]
      14/25      17.3G       0.99     0.7249      1.114       1133        640:  16%|█▌        | 16/102 [06:40<31:55, 22.27s/it]
      14/25      17.3G       0.99     0.7249      1.114       1133        640:  17%|█▋        | 17/102 [06:40<31:04, 21.93s/it]
      14/25      17.3G     0.9872      0.722      1.112       1178        640:  17%|█▋        | 17/102 [07:01<31:04, 21.93s/it]
      14/25      17.3G     0.9872      0.722      1.112       1178        640:  18%|█▊        | 18/102 [07:01<30:12, 21.58s/it]
      14/25      17.3G     0.9867     0.7212      1.112       1080        640:  18%|█▊        | 18/102 [07:21<30:12, 21.58s/it]
      14/25      17.3G     0.9867     0.7212      1.112       1080        640:  19%|█▊        | 19/102 [07:21<29:06, 21.04s/it]
      14/25      17.3G     0.9861     0.7202      1.113       1162        640:  19%|█▊        | 19/102 [07:42<29:06, 21.04s/it]
      14/25      17.3G     0.9861     0.7202      1.113       1162        640:  20%|█▉        | 20/102 [07:42<28:55, 21.16s/it]
      14/25      17.3G     0.9875     0.7211      1.113       1142        640:  20%|█▉        | 20/102 [08:04<28:55, 21.16s/it]
      14/25      17.3G     0.9875     0.7211      1.113       1142        640:  21%|██        | 21/102 [08:04<28:36, 21.20s/it]
      14/25      17.3G     0.9863     0.7213      1.113        913        640:  21%|██        | 21/102 [08:26<28:36, 21.20s/it]
      14/25      17.3G     0.9863     0.7213      1.113        913        640:  22%|██▏       | 22/102 [08:26<28:43, 21.55s/it]
      14/25      17.3G     0.9871     0.7205      1.113       1270        640:  22%|██▏       | 22/102 [08:49<28:43, 21.55s/it]
      14/25      17.3G     0.9871     0.7205      1.113       1270        640:  23%|██▎       | 23/102 [08:49<28:46, 21.86s/it]
      14/25      17.3G     0.9869     0.7202      1.112       1256        640:  23%|██▎       | 23/102 [09:11<28:46, 21.86s/it]
      14/25      17.3G     0.9869     0.7202      1.112       1256        640:  24%|██▎       | 24/102 [09:11<28:39, 22.05s/it]
      14/25      17.3G     0.9871     0.7205      1.113       1000        640:  24%|██▎       | 24/102 [09:35<28:39, 22.05s/it]
      14/25      17.3G     0.9871     0.7205      1.113       1000        640:  25%|██▍       | 25/102 [09:35<28:55, 22.53s/it]
      14/25      17.3G     0.9879     0.7208      1.114       1055        640:  25%|██▍       | 25/102 [09:56<28:55, 22.53s/it]
      14/25      17.3G     0.9879     0.7208      1.114       1055        640:  25%|██▌       | 26/102 [09:56<28:01, 22.13s/it]
      14/25      18.4G     0.9888     0.7222      1.114       1132        640:  25%|██▌       | 26/102 [10:19<28:01, 22.13s/it]
      14/25      18.4G     0.9888     0.7222      1.114       1132        640:  26%|██▋       | 27/102 [10:19<28:04, 22.46s/it]
      14/25      19.6G     0.9887     0.7214      1.114       1097        640:  26%|██▋       | 27/102 [10:42<28:04, 22.46s/it]
      14/25      19.6G     0.9887     0.7214      1.114       1097        640:  27%|██▋       | 28/102 [10:42<27:47, 22.54s/it]
      14/25      19.6G     0.9898     0.7219      1.114       1099        640:  27%|██▋       | 28/102 [11:04<27:47, 22.54s/it]
      14/25      19.6G     0.9898     0.7219      1.114       1099        640:  28%|██▊       | 29/102 [11:04<27:14, 22.39s/it]
      14/25      19.6G     0.9908     0.7225      1.114       1089        640:  28%|██▊       | 29/102 [11:24<27:14, 22.39s/it]
      14/25      19.6G     0.9908     0.7225      1.114       1089        640:  29%|██▉       | 30/102 [11:24<25:59, 21.67s/it]
      14/25      19.6G     0.9902     0.7229      1.113       1250        640:  29%|██▉       | 30/102 [11:45<25:59, 21.67s/it]
      14/25      19.6G     0.9902     0.7229      1.113       1250        640:  30%|███       | 31/102 [11:45<25:30, 21.55s/it]
      14/25      19.6G     0.9881     0.7212      1.111       1112        640:  30%|███       | 31/102 [12:07<25:30, 21.55s/it]
      14/25      19.6G     0.9881     0.7212      1.111       1112        640:  31%|███▏      | 32/102 [12:07<25:10, 21.58s/it]
      14/25      20.8G      0.988     0.7224      1.111       1172        640:  31%|███▏      | 32/102 [12:28<25:10, 21.58s/it]
      14/25      20.8G      0.988     0.7224      1.111       1172        640:  32%|███▏      | 33/102 [12:28<24:42, 21.48s/it]
      14/25      20.8G     0.9867     0.7219      1.111       1071        640:  32%|███▏      | 33/102 [12:48<24:42, 21.48s/it]
      14/25      20.8G     0.9867     0.7219      1.111       1071        640:  33%|███▎      | 34/102 [12:48<23:49, 21.03s/it]
      14/25      20.8G     0.9864      0.722      1.111       1120        640:  33%|███▎      | 34/102 [13:11<23:49, 21.03s/it]
      14/25      20.8G     0.9864      0.722      1.111       1120        640:  34%|███▍      | 35/102 [13:11<24:14, 21.71s/it]
      14/25      20.8G     0.9864     0.7216      1.112       1028        640:  34%|███▍      | 35/102 [13:34<24:14, 21.71s/it]
      14/25      20.8G     0.9864     0.7216      1.112       1028        640:  35%|███▌      | 36/102 [13:34<24:06, 21.91s/it]
      14/25      20.8G     0.9862     0.7226      1.112       1114        640:  35%|███▌      | 36/102 [13:55<24:06, 21.91s/it]
      14/25      20.8G     0.9862     0.7226      1.112       1114        640:  36%|███▋      | 37/102 [13:55<23:23, 21.59s/it]
      14/25      20.8G     0.9854     0.7229      1.112        959        640:  36%|███▋      | 37/102 [14:17<23:23, 21.59s/it]
      14/25      20.8G     0.9854     0.7229      1.112        959        640:  37%|███▋      | 38/102 [14:17<23:18, 21.85s/it]
      14/25      20.8G     0.9866     0.7241      1.112       1235        640:  37%|███▋      | 38/102 [14:37<23:18, 21.85s/it]
      14/25      20.8G     0.9866     0.7241      1.112       1235        640:  38%|███▊      | 39/102 [14:37<22:17, 21.24s/it]
      14/25      20.8G     0.9878     0.7253      1.112       1064        640:  38%|███▊      | 39/102 [14:58<22:17, 21.24s/it]
      14/25      20.8G     0.9878     0.7253      1.112       1064        640:  39%|███▉      | 40/102 [14:58<22:01, 21.32s/it]
      14/25      20.8G     0.9879     0.7248      1.112       1180        640:  39%|███▉      | 40/102 [15:19<22:01, 21.32s/it]
      14/25      20.8G     0.9879     0.7248      1.112       1180        640:  40%|████      | 41/102 [15:19<21:25, 21.08s/it]
      14/25      20.8G     0.9884     0.7243      1.112       1186        640:  40%|████      | 41/102 [15:39<21:25, 21.08s/it]
      14/25      20.8G     0.9884     0.7243      1.112       1186        640:  41%|████      | 42/102 [15:39<20:47, 20.79s/it]
      14/25      20.8G     0.9887     0.7249      1.112       1055        640:  41%|████      | 42/102 [15:59<20:47, 20.79s/it]
      14/25      20.8G     0.9887     0.7249      1.112       1055        640:  42%|████▏     | 43/102 [15:59<20:10, 20.51s/it]
      14/25      20.8G     0.9903     0.7265      1.112       1155        640:  42%|████▏     | 43/102 [16:21<20:10, 20.51s/it]
      14/25      20.8G     0.9903     0.7265      1.112       1155        640:  43%|████▎     | 44/102 [16:21<20:17, 21.00s/it]
      14/25      20.8G     0.9901     0.7267      1.113        847        640:  43%|████▎     | 44/102 [16:42<20:17, 21.00s/it]
      14/25      20.8G     0.9901     0.7267      1.113        847        640:  44%|████▍     | 45/102 [16:42<19:57, 21.01s/it]
      14/25      20.8G     0.9898     0.7277      1.113       1109        640:  44%|████▍     | 45/102 [17:06<19:57, 21.01s/it]
      14/25      20.8G     0.9898     0.7277      1.113       1109        640:  45%|████▌     | 46/102 [17:06<20:28, 21.94s/it]
      14/25      20.8G      0.989     0.7267      1.113        972        640:  45%|████▌     | 46/102 [17:29<20:28, 21.94s/it]
      14/25      20.8G      0.989     0.7267      1.113        972        640:  46%|████▌     | 47/102 [17:29<20:14, 22.09s/it]
      14/25      20.8G     0.9894     0.7272      1.113       1191        640:  46%|████▌     | 47/102 [17:51<20:14, 22.09s/it]
      14/25      20.8G     0.9894     0.7272      1.113       1191        640:  47%|████▋     | 48/102 [17:51<19:56, 22.16s/it]
      14/25      20.8G     0.9894     0.7272      1.113       1009        640:  47%|████▋     | 48/102 [18:13<19:56, 22.16s/it]
      14/25      20.8G     0.9894     0.7272      1.113       1009        640:  48%|████▊     | 49/102 [18:13<19:36, 22.20s/it]
      14/25      20.8G     0.9894     0.7278      1.113        903        640:  48%|████▊     | 49/102 [18:36<19:36, 22.20s/it]
      14/25      20.8G     0.9894     0.7278      1.113        903        640:  49%|████▉     | 50/102 [18:36<19:24, 22.40s/it]
      14/25      20.8G     0.9892     0.7271      1.112       1260        640:  49%|████▉     | 50/102 [18:58<19:24, 22.40s/it]
      14/25      20.8G     0.9892     0.7271      1.112       1260        640:  50%|█████     | 51/102 [18:58<18:56, 22.29s/it]
      14/25      20.8G     0.9903     0.7286      1.113       1152        640:  50%|█████     | 51/102 [19:21<18:56, 22.29s/it]
      14/25      20.8G     0.9903     0.7286      1.113       1152        640:  51%|█████     | 52/102 [19:21<18:38, 22.38s/it]
      14/25      20.8G     0.9911     0.7283      1.113       1233        640:  51%|█████     | 52/102 [19:41<18:38, 22.38s/it]
      14/25      20.8G     0.9911     0.7283      1.113       1233        640:  52%|█████▏    | 53/102 [19:41<17:54, 21.92s/it]
      14/25      20.8G     0.9917     0.7281      1.114       1278        640:  52%|█████▏    | 53/102 [20:02<17:54, 21.92s/it]
      14/25      20.8G     0.9917     0.7281      1.114       1278        640:  53%|█████▎    | 54/102 [20:02<17:18, 21.63s/it]
      14/25      20.8G     0.9918     0.7286      1.114       1154        640:  53%|█████▎    | 54/102 [20:24<17:18, 21.63s/it]
      14/25      20.8G     0.9918     0.7286      1.114       1154        640:  54%|█████▍    | 55/102 [20:24<17:01, 21.74s/it]
      14/25      20.8G     0.9913     0.7285      1.113       1062        640:  54%|█████▍    | 55/102 [20:45<17:01, 21.74s/it]
      14/25      20.8G     0.9913     0.7285      1.113       1062        640:  55%|█████▍    | 56/102 [20:45<16:28, 21.50s/it]
      14/25      20.8G     0.9911     0.7277      1.113       1168        640:  55%|█████▍    | 56/102 [21:07<16:28, 21.50s/it]
      14/25      20.8G     0.9911     0.7277      1.113       1168        640:  56%|█████▌    | 57/102 [21:07<16:06, 21.48s/it]
      14/25      20.8G      0.991     0.7274      1.113       1138        640:  56%|█████▌    | 57/102 [21:27<16:06, 21.48s/it]
      14/25      20.8G      0.991     0.7274      1.113       1138        640:  57%|█████▋    | 58/102 [21:27<15:25, 21.04s/it]
      14/25      20.8G     0.9911     0.7283      1.113       1180        640:  57%|█████▋    | 58/102 [21:49<15:25, 21.04s/it]
      14/25      20.8G     0.9911     0.7283      1.113       1180        640:  58%|█████▊    | 59/102 [21:49<15:15, 21.30s/it]
      14/25      20.8G     0.9909     0.7282      1.113       1111        640:  58%|█████▊    | 59/102 [22:10<15:15, 21.30s/it]
      14/25      20.8G     0.9909     0.7282      1.113       1111        640:  59%|█████▉    | 60/102 [22:10<14:55, 21.33s/it]
      14/25      20.8G     0.9916     0.7286      1.114        986        640:  59%|█████▉    | 60/102 [22:31<14:55, 21.33s/it]
      14/25      20.8G     0.9916     0.7286      1.114        986        640:  60%|█████▉    | 61/102 [22:31<14:24, 21.07s/it]
      14/25      20.8G     0.9915     0.7284      1.114       1085        640:  60%|█████▉    | 61/102 [22:53<14:24, 21.07s/it]
      14/25      20.8G     0.9915     0.7284      1.114       1085        640:  61%|██████    | 62/102 [22:53<14:16, 21.40s/it]
      14/25      20.8G     0.9918     0.7286      1.115        991        640:  61%|██████    | 62/102 [23:13<14:16, 21.40s/it]
      14/25      20.8G     0.9918     0.7286      1.115        991        640:  62%|██████▏   | 63/102 [23:13<13:46, 21.20s/it]
      14/25      20.8G     0.9922     0.7295      1.116        875        640:  62%|██████▏   | 63/102 [23:34<13:46, 21.20s/it]
      14/25      20.8G     0.9922     0.7295      1.116        875        640:  63%|██████▎   | 64/102 [23:34<13:13, 20.89s/it]
      14/25      20.8G     0.9927     0.7295      1.116        891        640:  63%|██████▎   | 64/102 [23:54<13:13, 20.89s/it]
      14/25      20.8G     0.9927     0.7295      1.116        891        640:  64%|██████▎   | 65/102 [23:54<12:52, 20.86s/it]
      14/25      20.8G     0.9934       0.73      1.116       1172        640:  64%|██████▎   | 65/102 [24:15<12:52, 20.86s/it]
      14/25      20.8G     0.9934       0.73      1.116       1172        640:  65%|██████▍   | 66/102 [24:15<12:32, 20.90s/it]
      14/25      20.8G     0.9933     0.7304      1.117        996        640:  65%|██████▍   | 66/102 [24:39<12:32, 20.90s/it]
      14/25      20.8G     0.9933     0.7304      1.117        996        640:  66%|██████▌   | 67/102 [24:39<12:35, 21.58s/it]
      14/25      20.8G     0.9939     0.7316      1.118       1029        640:  66%|██████▌   | 67/102 [25:00<12:35, 21.58s/it]
      14/25      20.8G     0.9939     0.7316      1.118       1029        640:  67%|██████▋   | 68/102 [25:00<12:13, 21.58s/it]
      14/25      20.8G     0.9928     0.7307      1.117       1121        640:  67%|██████▋   | 68/102 [25:21<12:13, 21.58s/it]
      14/25      20.8G     0.9928     0.7307      1.117       1121        640:  68%|██████▊   | 69/102 [25:21<11:39, 21.21s/it]
      14/25      20.8G     0.9924     0.7309      1.117        913        640:  68%|██████▊   | 69/102 [25:42<11:39, 21.21s/it]
      14/25      20.8G     0.9924     0.7309      1.117        913        640:  69%|██████▊   | 70/102 [25:42<11:22, 21.32s/it]
      14/25      20.8G     0.9931      0.732      1.117       1108        640:  69%|██████▊   | 70/102 [26:02<11:22, 21.32s/it]
      14/25      20.8G     0.9931      0.732      1.117       1108        640:  70%|██████▉   | 71/102 [26:02<10:51, 21.01s/it]
      14/25      20.8G     0.9937     0.7327      1.118       1023        640:  70%|██████▉   | 71/102 [26:24<10:51, 21.01s/it]
      14/25      20.8G     0.9937     0.7327      1.118       1023        640:  71%|███████   | 72/102 [26:24<10:36, 21.20s/it]
      14/25      20.8G     0.9935     0.7328      1.118       1211        640:  71%|███████   | 72/102 [26:44<10:36, 21.20s/it]
      14/25      20.8G     0.9935     0.7328      1.118       1211        640:  72%|███████▏  | 73/102 [26:44<10:01, 20.75s/it]
      14/25      20.8G     0.9935     0.7338      1.118        956        640:  72%|███████▏  | 73/102 [27:05<10:01, 20.75s/it]
      14/25      20.8G     0.9935     0.7338      1.118        956        640:  73%|███████▎  | 74/102 [27:05<09:44, 20.88s/it]
      14/25      20.8G     0.9935     0.7347      1.119       1083        640:  73%|███████▎  | 74/102 [27:24<09:44, 20.88s/it]
      14/25      20.8G     0.9935     0.7347      1.119       1083        640:  74%|███████▎  | 75/102 [27:24<09:12, 20.48s/it]
      14/25      20.8G     0.9925     0.7344      1.118       1003        640:  74%|███████▎  | 75/102 [27:44<09:12, 20.48s/it]
      14/25      20.8G     0.9925     0.7344      1.118       1003        640:  75%|███████▍  | 76/102 [27:44<08:48, 20.32s/it]
      14/25      20.8G     0.9924     0.7344      1.118        991        640:  75%|███████▍  | 76/102 [28:04<08:48, 20.32s/it]
      14/25      20.8G     0.9924     0.7344      1.118        991        640:  75%|███████▌  | 77/102 [28:04<08:25, 20.21s/it]
      14/25      20.8G     0.9925     0.7343      1.118       1140        640:  75%|███████▌  | 77/102 [28:26<08:25, 20.21s/it]
      14/25      20.8G     0.9925     0.7343      1.118       1140        640:  76%|███████▋  | 78/102 [28:26<08:12, 20.51s/it]
      14/25      20.8G      0.992     0.7342      1.118       1019        640:  76%|███████▋  | 78/102 [28:47<08:12, 20.51s/it]
      14/25      20.8G      0.992     0.7342      1.118       1019        640:  77%|███████▋  | 79/102 [28:47<07:59, 20.85s/it]
      14/25      20.8G     0.9918     0.7341      1.118       1078        640:  77%|███████▋  | 79/102 [29:10<07:59, 20.85s/it]
      14/25      20.8G     0.9918     0.7341      1.118       1078        640:  78%|███████▊  | 80/102 [29:10<07:48, 21.30s/it]
      14/25      20.8G     0.9917     0.7342      1.118        961        640:  78%|███████▊  | 80/102 [29:30<07:48, 21.30s/it]
      14/25      20.8G     0.9917     0.7342      1.118        961        640:  79%|███████▉  | 81/102 [29:30<07:23, 21.11s/it]
      14/25      20.8G     0.9918      0.734      1.119       1015        640:  79%|███████▉  | 81/102 [29:53<07:23, 21.11s/it]
      14/25      20.8G     0.9918      0.734      1.119       1015        640:  80%|████████  | 82/102 [29:53<07:10, 21.51s/it]
      14/25      20.8G     0.9907     0.7336      1.118        958        640:  80%|████████  | 82/102 [30:13<07:10, 21.51s/it]
      14/25      20.8G     0.9907     0.7336      1.118        958        640:  81%|████████▏ | 83/102 [30:13<06:41, 21.13s/it]
      14/25      20.8G     0.9911     0.7338      1.118       1121        640:  81%|████████▏ | 83/102 [30:35<06:41, 21.13s/it]
      14/25      20.8G     0.9911     0.7338      1.118       1121        640:  82%|████████▏ | 84/102 [30:35<06:24, 21.36s/it]
      14/25      20.8G     0.9907     0.7335      1.118       1048        640:  82%|████████▏ | 84/102 [30:54<06:24, 21.36s/it]
      14/25      20.8G     0.9907     0.7335      1.118       1048        640:  83%|████████▎ | 85/102 [30:54<05:53, 20.81s/it]
      14/25      20.8G     0.9907     0.7335      1.118       1163        640:  83%|████████▎ | 85/102 [31:15<05:53, 20.81s/it]
      14/25      20.8G     0.9907     0.7335      1.118       1163        640:  84%|████████▍ | 86/102 [31:15<05:31, 20.72s/it]
      14/25      20.8G     0.9912     0.7339      1.118       1029        640:  84%|████████▍ | 86/102 [31:36<05:31, 20.72s/it]
      14/25      20.8G     0.9912     0.7339      1.118       1029        640:  85%|████████▌ | 87/102 [31:36<05:11, 20.78s/it]
      14/25      20.8G     0.9902      0.734      1.118        995        640:  85%|████████▌ | 87/102 [31:58<05:11, 20.78s/it]
      14/25      20.8G     0.9902      0.734      1.118        995        640:  86%|████████▋ | 88/102 [31:58<04:55, 21.13s/it]
      14/25      20.8G     0.9904     0.7344      1.119       1089        640:  86%|████████▋ | 88/102 [32:19<04:55, 21.13s/it]
      14/25      20.8G     0.9904     0.7344      1.119       1089        640:  87%|████████▋ | 89/102 [32:19<04:37, 21.31s/it]
      14/25      20.8G     0.9905     0.7351      1.119        941        640:  87%|████████▋ | 89/102 [32:43<04:37, 21.31s/it]
      14/25      20.8G     0.9905     0.7351      1.119        941        640:  88%|████████▊ | 90/102 [32:43<04:22, 21.84s/it]
      14/25      20.8G     0.9909     0.7351      1.119       1122        640:  88%|████████▊ | 90/102 [33:02<04:22, 21.84s/it]
      14/25      20.8G     0.9909     0.7351      1.119       1122        640:  89%|████████▉ | 91/102 [33:02<03:53, 21.26s/it]
      14/25      20.8G     0.9904     0.7345      1.119       1025        640:  89%|████████▉ | 91/102 [33:22<03:53, 21.26s/it]
      14/25      20.8G     0.9904     0.7345      1.119       1025        640:  90%|█████████ | 92/102 [33:22<03:27, 20.77s/it]
      14/25      20.8G     0.9907     0.7343      1.119       1208        640:  90%|█████████ | 92/102 [33:43<03:27, 20.77s/it]
      14/25      20.8G     0.9907     0.7343      1.119       1208        640:  91%|█████████ | 93/102 [33:43<03:07, 20.88s/it]
      14/25      20.8G     0.9907      0.734      1.119       1200        640:  91%|█████████ | 93/102 [34:03<03:07, 20.88s/it]
      14/25      20.8G     0.9907      0.734      1.119       1200        640:  92%|█████████▏| 94/102 [34:03<02:45, 20.65s/it]
      14/25      20.8G     0.9908     0.7341      1.119       1291        640:  92%|█████████▏| 94/102 [34:24<02:45, 20.65s/it]
      14/25      20.8G     0.9908     0.7341      1.119       1291        640:  93%|█████████▎| 95/102 [34:24<02:23, 20.54s/it]
      14/25      20.8G     0.9913     0.7344      1.119       1070        640:  93%|█████████▎| 95/102 [34:46<02:23, 20.54s/it]
      14/25      20.8G     0.9913     0.7344      1.119       1070        640:  94%|█████████▍| 96/102 [34:46<02:06, 21.02s/it]
      14/25      20.8G     0.9915     0.7349      1.119        881        640:  94%|█████████▍| 96/102 [35:07<02:06, 21.02s/it]
      14/25      20.8G     0.9915     0.7349      1.119        881        640:  95%|█████████▌| 97/102 [35:07<01:44, 20.98s/it]
      14/25      20.8G     0.9912     0.7349      1.119       1137        640:  95%|█████████▌| 97/102 [35:27<01:44, 20.98s/it]
      14/25      20.8G     0.9912     0.7349      1.119       1137        640:  96%|█████████▌| 98/102 [35:27<01:22, 20.69s/it]
      14/25      20.8G     0.9912     0.7349      1.119        997        640:  96%|█████████▌| 98/102 [35:47<01:22, 20.69s/it]
      14/25      20.8G     0.9912     0.7349      1.119        997        640:  97%|█████████▋| 99/102 [35:47<01:01, 20.57s/it]
      14/25      20.8G     0.9912      0.735      1.118       1046        640:  97%|█████████▋| 99/102 [36:07<01:01, 20.57s/it]
      14/25      20.8G     0.9912      0.735      1.118       1046        640:  98%|█████████▊| 100/102 [36:07<00:41, 20.51s/it]
      14/25      20.8G     0.9912     0.7356      1.118       1101        640:  98%|█████████▊| 100/102 [36:28<00:41, 20.51s/it]
      14/25      20.8G     0.9912     0.7356      1.118       1101        640:  99%|█████████▉| 101/102 [36:28<00:20, 20.70s/it]
      14/25      20.8G     0.9919     0.7358      1.118        278        640:  99%|█████████▉| 101/102 [36:33<00:20, 20.70s/it]
      14/25      20.8G     0.9919     0.7358      1.118        278        640: 100%|██████████| 102/102 [36:33<00:00, 15.93s/it]
      14/25      20.8G     0.9919     0.7358      1.118        278        640: 100%|██████████| 102/102 [36:33<00:00, 21.51s/it]

                 Class     Images  Instances      Box(P          R      mAP50  mAP50-95):   0%|          | 0/13 [00:00<?, ?it/s]
                 Class     Images  Instances      Box(P          R      mAP50  mAP50-95):   8%|▊         | 1/13 [00:00<00:03,  3.13it/s]
                 Class     Images  Instances      Box(P          R      mAP50  mAP50-95):  15%|█▌        | 2/13 [00:00<00:03,  3.11it/s]
                 Class     Images  Instances      Box(P          R      mAP50  mAP50-95):  23%|██▎       | 3/13 [00:00<00:03,  3.17it/s]
                 Class     Images  Instances      Box(P          R      mAP50  mAP50-95):  31%|███       | 4/13 [00:01<00:02,  3.30it/s]
                 Class     Images  Instances      Box(P          R      mAP50  mAP50-95):  38%|███▊      | 5/13 [02:07<06:05, 45.65s/it]
                 Class     Images  Instances      Box(P          R      mAP50  mAP50-95):  46%|████▌     | 6/13 [02:07<03:31, 30.23s/it]
                 Class     Images  Instances      Box(P          R      mAP50  mAP50-95):  54%|█████▍    | 7/13 [03:25<04:35, 45.94s/it]
                 Class     Images  Instances      Box(P          R      mAP50  mAP50-95):  62%|██████▏   | 8/13 [03:26<02:37, 31.41s/it]
                 Class     Images  Instances      Box(P          R      mAP50  mAP50-95):  69%|██████▉   | 9/13 [04:53<03:15, 48.84s/it]
                 Class     Images  Instances      Box(P          R      mAP50  mAP50-95):  77%|███████▋  | 10/13 [04:53<01:41, 33.85s/it]
                 Class     Images  Instances      Box(P          R      mAP50  mAP50-95):  85%|████████▍ | 11/13 [06:18<01:38, 49.41s/it]
                 Class     Images  Instances      Box(P          R      mAP50  mAP50-95):  92%|█████████▏| 12/13 [06:18<00:34, 34.47s/it]
                 Class     Images  Instances      Box(P          R      mAP50  mAP50-95): 100%|██████████| 13/13 [06:49<00:00, 33.40s/it]
                 Class     Images  Instances      Box(P          R      mAP50  mAP50-95): 100%|██████████| 13/13 [06:49<00:00, 31.50s/it]
                   all       1620      15401      0.663      0.486      0.529      0.324

      Epoch    GPU_mem   box_loss   cls_loss   dfl_loss  Instances       Size

  0%|          | 0/102 [00:00<?, ?it/s]
      15/25      15.7G      0.949      0.755      1.112        993        640:   0%|          | 0/102 [00:00<?, ?it/s]
      15/25      15.7G      0.949      0.755      1.112        993        640:   1%|          | 1/102 [00:00<00:18,  5.60it/s]
      15/25      16.1G     0.9654     0.7372      1.107       1104        640:   1%|          | 1/102 [00:00<00:18,  5.60it/s]
      15/25      16.1G     0.9654     0.7372      1.107       1104        640:   2%|▏         | 2/102 [00:00<00:17,  5.86it/s]
      15/25      16.1G       0.97     0.7239      1.109       1036        640:   2%|▏         | 2/102 [01:02<00:17,  5.86it/s]
      15/25      16.1G       0.97     0.7239      1.109       1036        640:   3%|▎         | 3/102 [01:02<46:47, 28.36s/it]
      15/25      16.1G     0.9704     0.7234      1.111        980        640:   3%|▎         | 3/102 [01:41<46:47, 28.36s/it]
      15/25      16.1G     0.9704     0.7234      1.111        980        640:   4%|▍         | 4/102 [01:41<53:39, 32.86s/it]
      15/25      16.1G     0.9765     0.7321      1.108       1194        640:   4%|▍         | 4/102 [02:17<53:39, 32.86s/it]
      15/25      16.1G     0.9765     0.7321      1.108       1194        640:   5%|▍         | 5/102 [02:17<54:33, 33.74s/it]
      15/25      16.7G     0.9811     0.7296      1.111       1122        640:   5%|▍         | 5/102 [02:44<54:33, 33.74s/it]
      15/25      16.7G     0.9811     0.7296      1.111       1122        640:   6%|▌         | 6/102 [02:44<50:26, 31.52s/it]
      15/25      16.7G     0.9775     0.7267      1.108       1160        640:   6%|▌         | 6/102 [03:04<50:26, 31.52s/it]
      15/25      16.7G     0.9775     0.7267      1.108       1160        640:   7%|▋         | 7/102 [03:04<44:05, 27.85s/it]
      15/25      17.3G     0.9755     0.7222      1.108       1089        640:   7%|▋         | 7/102 [03:24<44:05, 27.85s/it]
      15/25      17.3G     0.9755     0.7222      1.108       1089        640:   8%|▊         | 8/102 [03:24<39:44, 25.36s/it]
      15/25      17.3G     0.9748     0.7207      1.106       1084        640:   8%|▊         | 8/102 [03:44<39:44, 25.36s/it]
      15/25      17.3G     0.9748     0.7207      1.106       1084        640:   9%|▉         | 9/102 [03:44<36:30, 23.56s/it]
      15/25      17.3G     0.9775     0.7199      1.108        998        640:   9%|▉         | 9/102 [04:04<36:30, 23.56s/it]
      15/25      17.3G     0.9775     0.7199      1.108        998        640:  10%|▉         | 10/102 [04:04<34:24, 22.44s/it]
      15/25      17.3G     0.9796      0.718      1.108       1121        640:  10%|▉         | 10/102 [04:25<34:24, 22.44s/it]
      15/25      17.3G     0.9796      0.718      1.108       1121        640:  11%|█         | 11/102 [04:25<33:15, 21.93s/it]
      15/25      17.3G     0.9797     0.7178       1.11       1136        640:  11%|█         | 11/102 [04:45<33:15, 21.93s/it]
      15/25      17.3G     0.9797     0.7178       1.11       1136        640:  12%|█▏        | 12/102 [04:45<32:03, 21.38s/it]
      15/25      17.3G     0.9827     0.7221      1.115        971        640:  12%|█▏        | 12/102 [05:06<32:03, 21.38s/it]
      15/25      17.3G     0.9827     0.7221      1.115        971        640:  13%|█▎        | 13/102 [05:06<31:34, 21.29s/it]
      15/25      17.3G     0.9881     0.7252      1.119       1023        640:  13%|█▎        | 13/102 [05:28<31:34, 21.29s/it]
      15/25      17.3G     0.9881     0.7252      1.119       1023        640:  14%|█▎        | 14/102 [05:28<31:40, 21.59s/it]
      15/25      17.3G      0.987     0.7251      1.118       1126        640:  14%|█▎        | 14/102 [05:49<31:40, 21.59s/it]
      15/25      17.3G      0.987     0.7251      1.118       1126        640:  15%|█▍        | 15/102 [05:49<31:07, 21.47s/it]
      15/25      17.3G     0.9862     0.7268      1.118       1110        640:  15%|█▍        | 15/102 [06:10<31:07, 21.47s/it]
      15/25      17.3G     0.9862     0.7268      1.118       1110        640:  16%|█▌        | 16/102 [06:10<30:28, 21.26s/it]
      15/25      17.3G     0.9851      0.727      1.116       1217        640:  16%|█▌        | 16/102 [06:29<30:28, 21.26s/it]
      15/25      17.3G     0.9851      0.727      1.116       1217        640:  17%|█▋        | 17/102 [06:29<29:15, 20.65s/it]
      15/25      17.3G     0.9867     0.7322      1.118       1037        640:  17%|█▋        | 17/102 [06:51<29:15, 20.65s/it]
      15/25      17.3G     0.9867     0.7322      1.118       1037        640:  18%|█▊        | 18/102 [06:51<29:15, 20.90s/it]
      15/25      17.3G     0.9832     0.7315      1.117        992        640:  18%|█▊        | 18/102 [07:11<29:15, 20.90s/it]
      15/25      17.3G     0.9832     0.7315      1.117        992        640:  19%|█▊        | 19/102 [07:11<28:44, 20.78s/it]
      15/25      17.3G     0.9831      0.733      1.118       1001        640:  19%|█▊        | 19/102 [07:31<28:44, 20.78s/it]
      15/25      17.3G     0.9831      0.733      1.118       1001        640:  20%|█▉        | 20/102 [07:31<27:48, 20.35s/it]
      15/25      17.3G     0.9839     0.7355      1.119        985        640:  20%|█▉        | 20/102 [07:50<27:48, 20.35s/it]
      15/25      17.3G     0.9839     0.7355      1.119        985        640:  21%|██        | 21/102 [07:50<26:58, 19.98s/it]
      15/25      17.3G      0.981     0.7343      1.118        907        640:  21%|██        | 21/102 [08:11<26:58, 19.98s/it]
      15/25      17.3G      0.981     0.7343      1.118        907        640:  22%|██▏       | 22/102 [08:11<27:19, 20.49s/it]
      15/25      17.3G     0.9833     0.7372      1.119       1080        640:  22%|██▏       | 22/102 [08:34<27:19, 20.49s/it]
      15/25      17.3G     0.9833     0.7372      1.119       1080        640:  23%|██▎       | 23/102 [08:34<27:37, 20.98s/it]
      15/25      17.3G     0.9811      0.736      1.118       1043        640:  23%|██▎       | 23/102 [08:55<27:37, 20.98s/it]
      15/25      17.3G     0.9811      0.736      1.118       1043        640:  24%|██▎       | 24/102 [08:55<27:33, 21.19s/it]
      15/25      17.3G     0.9806     0.7345      1.118       1086        640:  24%|██▎       | 24/102 [09:16<27:33, 21.19s/it]
      15/25      17.3G     0.9806     0.7345      1.118       1086        640:  25%|██▍       | 25/102 [09:16<26:54, 20.97s/it]
      15/25      17.3G     0.9803      0.733      1.117       1245        640:  25%|██▍       | 25/102 [09:37<26:54, 20.97s/it]
      15/25      17.3G     0.9803      0.733      1.117       1245        640:  25%|██▌       | 26/102 [09:37<26:41, 21.08s/it]
      15/25      17.3G     0.9796     0.7324      1.115       1106        640:  25%|██▌       | 26/102 [09:59<26:41, 21.08s/it]
      15/25      17.3G     0.9796     0.7324      1.115       1106        640:  26%|██▋       | 27/102 [09:59<26:36, 21.29s/it]
      15/25      17.3G     0.9808     0.7329      1.115        968        640:  26%|██▋       | 27/102 [10:21<26:36, 21.29s/it]
      15/25      17.3G     0.9808     0.7329      1.115        968        640:  27%|██▋       | 28/102 [10:21<26:43, 21.67s/it]
      15/25      17.3G       0.98     0.7317      1.115       1126        640:  27%|██▋       | 28/102 [10:46<26:43, 21.67s/it]
      15/25      17.3G       0.98     0.7317      1.115       1126        640:  28%|██▊       | 29/102 [10:46<27:18, 22.44s/it]
      15/25      17.3G     0.9775     0.7296      1.114       1094        640:  28%|██▊       | 29/102 [11:10<27:18, 22.44s/it]
      15/25      17.3G     0.9775     0.7296      1.114       1094        640:  29%|██▉       | 30/102 [11:10<27:38, 23.03s/it]
      15/25      17.3G     0.9764     0.7289      1.113       1164        640:  29%|██▉       | 30/102 [11:34<27:38, 23.03s/it]
      15/25      17.3G     0.9764     0.7289      1.113       1164        640:  30%|███       | 31/102 [11:34<27:37, 23.34s/it]
      15/25      18.4G     0.9771     0.7274      1.112       1342        640:  30%|███       | 31/102 [11:56<27:37, 23.34s/it]
      15/25      18.4G     0.9771     0.7274      1.112       1342        640:  31%|███▏      | 32/102 [11:56<26:39, 22.84s/it]
      15/25      18.4G     0.9767     0.7268      1.112       1132        640:  31%|███▏      | 32/102 [12:18<26:39, 22.84s/it]
      15/25      18.4G     0.9767     0.7268      1.112       1132        640:  32%|███▏      | 33/102 [12:18<26:07, 22.72s/it]
      15/25      18.4G      0.976     0.7254      1.111       1181        640:  32%|███▏      | 33/102 [12:40<26:07, 22.72s/it]
      15/25      18.4G      0.976     0.7254      1.111       1181        640:  33%|███▎      | 34/102 [12:40<25:25, 22.43s/it]
      15/25      18.4G     0.9756     0.7249      1.111       1210        640:  33%|███▎      | 34/102 [13:02<25:25, 22.43s/it]
      15/25      18.4G     0.9756     0.7249      1.111       1210        640:  34%|███▍      | 35/102 [13:02<24:58, 22.37s/it]
      15/25      18.4G     0.9752     0.7245       1.11       1069        640:  34%|███▍      | 35/102 [13:23<24:58, 22.37s/it]
      15/25      18.4G     0.9752     0.7245       1.11       1069        640:  35%|███▌      | 36/102 [13:23<23:58, 21.80s/it]
      15/25      18.4G     0.9747     0.7245       1.11        976        640:  35%|███▌      | 36/102 [13:45<23:58, 21.80s/it]
      15/25      18.4G     0.9747     0.7245       1.11        976        640:  36%|███▋      | 37/102 [13:45<23:52, 22.03s/it]
      15/25      18.4G     0.9759     0.7255      1.111       1156        640:  36%|███▋      | 37/102 [14:07<23:52, 22.03s/it]
      15/25      18.4G     0.9759     0.7255      1.111       1156        640:  37%|███▋      | 38/102 [14:07<23:33, 22.09s/it]
      15/25      18.4G     0.9746     0.7247      1.111       1027        640:  37%|███▋      | 38/102 [14:28<23:33, 22.09s/it]
      15/25      18.4G     0.9746     0.7247      1.111       1027        640:  38%|███▊      | 39/102 [14:28<22:45, 21.67s/it]
      15/25      18.4G     0.9745      0.723      1.111       1102        640:  38%|███▊      | 39/102 [14:48<22:45, 21.67s/it]
      15/25      18.4G     0.9745      0.723      1.111       1102        640:  39%|███▉      | 40/102 [14:48<21:53, 21.18s/it]
      15/25      18.4G     0.9755     0.7222      1.112       1077        640:  39%|███▉      | 40/102 [15:10<21:53, 21.18s/it]
      15/25      18.4G     0.9755     0.7222      1.112       1077        640:  40%|████      | 41/102 [15:10<21:51, 21.49s/it]
      15/25      18.4G     0.9757     0.7217      1.111       1242        640:  40%|████      | 41/102 [15:31<21:51, 21.49s/it]
      15/25      18.4G     0.9757     0.7217      1.111       1242        640:  41%|████      | 42/102 [15:31<21:12, 21.21s/it]
      15/25      18.4G     0.9759     0.7208       1.11       1179        640:  41%|████      | 42/102 [15:53<21:12, 21.21s/it]
      15/25      18.4G     0.9759     0.7208       1.11       1179        640:  42%|████▏     | 43/102 [15:53<21:01, 21.39s/it]
      15/25      18.4G     0.9765     0.7203       1.11       1205        640:  42%|████▏     | 43/102 [16:15<21:01, 21.39s/it]
      15/25      18.4G     0.9765     0.7203       1.11       1205        640:  43%|████▎     | 44/102 [16:15<20:53, 21.61s/it]
      15/25      18.4G     0.9761     0.7194      1.109       1425        640:  43%|████▎     | 44/102 [16:36<20:53, 21.61s/it]
      15/25      18.4G     0.9761     0.7194      1.109       1425        640:  44%|████▍     | 45/102 [16:36<20:30, 21.59s/it]
      15/25      18.4G     0.9764     0.7188      1.109       1186        640:  44%|████▍     | 45/102 [16:57<20:30, 21.59s/it]
      15/25      18.4G     0.9764     0.7188      1.109       1186        640:  45%|████▌     | 46/102 [16:57<19:51, 21.28s/it]
      15/25      18.4G     0.9763     0.7184      1.109       1077        640:  45%|████▌     | 46/102 [17:18<19:51, 21.28s/it]
      15/25      18.4G     0.9763     0.7184      1.109       1077        640:  46%|████▌     | 47/102 [17:18<19:25, 21.20s/it]
      15/25      18.4G     0.9767     0.7188       1.11       1194        640:  46%|████▌     | 47/102 [17:39<19:25, 21.20s/it]
      15/25      18.4G     0.9767     0.7188       1.11       1194        640:  47%|████▋     | 48/102 [17:39<18:59, 21.11s/it]
      15/25      18.4G     0.9771     0.7184       1.11       1099        640:  47%|████▋     | 48/102 [18:04<18:59, 21.11s/it]
      15/25      18.4G     0.9771     0.7184       1.11       1099        640:  48%|████▊     | 49/102 [18:04<19:42, 22.31s/it]
      15/25      18.4G     0.9768     0.7176       1.11       1105        640:  48%|████▊     | 49/102 [18:28<19:42, 22.31s/it]
      15/25      18.4G     0.9768     0.7176       1.11       1105        640:  49%|████▉     | 50/102 [18:28<19:41, 22.73s/it]
      15/25      18.4G     0.9767     0.7173       1.11       1006        640:  49%|████▉     | 50/102 [18:49<19:41, 22.73s/it]
      15/25      18.4G     0.9767     0.7173       1.11       1006        640:  50%|█████     | 51/102 [18:49<18:50, 22.17s/it]
      15/25      18.4G     0.9765     0.7165      1.109       1288        640:  50%|█████     | 51/102 [19:10<18:50, 22.17s/it]
      15/25      18.4G     0.9765     0.7165      1.109       1288        640:  51%|█████     | 52/102 [19:10<18:10, 21.81s/it]
      15/25      18.4G      0.976     0.7158      1.109        988        640:  51%|█████     | 52/102 [19:32<18:10, 21.81s/it]
      15/25      18.4G      0.976     0.7158      1.109        988        640:  52%|█████▏    | 53/102 [19:32<17:52, 21.88s/it]
      15/25      18.4G     0.9753     0.7151      1.108       1070        640:  52%|█████▏    | 53/102 [19:52<17:52, 21.88s/it]
      15/25      18.4G     0.9753     0.7151      1.108       1070        640:  53%|█████▎    | 54/102 [19:52<17:08, 21.44s/it]
      15/25      18.4G     0.9748     0.7149      1.108       1048        640:  53%|█████▎    | 54/102 [20:16<17:08, 21.44s/it]
      15/25      18.4G     0.9748     0.7149      1.108       1048        640:  54%|█████▍    | 55/102 [20:16<17:29, 22.32s/it]
      15/25      18.4G     0.9741     0.7142      1.107       1064        640:  54%|█████▍    | 55/102 [20:38<17:29, 22.32s/it]
      15/25      18.4G     0.9741     0.7142      1.107       1064        640:  55%|█████▍    | 56/102 [20:38<16:59, 22.17s/it]
      15/25      18.4G     0.9742     0.7132      1.107       1084        640:  55%|█████▍    | 56/102 [21:01<16:59, 22.17s/it]
      15/25      18.4G     0.9742     0.7132      1.107       1084        640:  56%|█████▌    | 57/102 [21:01<16:41, 22.26s/it]
      15/25      18.4G      0.974     0.7129      1.107       1014        640:  56%|█████▌    | 57/102 [21:19<16:41, 22.26s/it]
      15/25      18.4G      0.974     0.7129      1.107       1014        640:  57%|█████▋    | 58/102 [21:19<15:33, 21.21s/it]
      15/25      18.4G     0.9747     0.7129      1.107       1088        640:  57%|█████▋    | 58/102 [21:41<15:33, 21.21s/it]
      15/25      18.4G     0.9747     0.7129      1.107       1088        640:  58%|█████▊    | 59/102 [21:41<15:17, 21.34s/it]
      15/25      18.4G     0.9752     0.7126      1.107       1055        640:  58%|█████▊    | 59/102 [22:04<15:17, 21.34s/it]
      15/25      18.4G     0.9752     0.7126      1.107       1055        640:  59%|█████▉    | 60/102 [22:04<15:21, 21.94s/it]
      15/25      18.4G      0.976     0.7131      1.108       1085        640:  59%|█████▉    | 60/102 [22:25<15:21, 21.94s/it]
      15/25      18.4G      0.976     0.7131      1.108       1085        640:  60%|█████▉    | 61/102 [22:25<14:44, 21.57s/it]
      15/25      18.4G     0.9762      0.713      1.107       1191        640:  60%|█████▉    | 61/102 [22:47<14:44, 21.57s/it]
      15/25      18.4G     0.9762      0.713      1.107       1191        640:  61%|██████    | 62/102 [22:47<14:32, 21.80s/it]
      15/25      18.4G     0.9761     0.7134      1.107       1012        640:  61%|██████    | 62/102 [23:16<14:32, 21.80s/it]
      15/25      18.4G     0.9761     0.7134      1.107       1012        640:  62%|██████▏   | 63/102 [23:16<15:24, 23.71s/it]
      15/25      18.4G      0.976     0.7127      1.107       1040        640:  62%|██████▏   | 63/102 [23:39<15:24, 23.71s/it]
      15/25      18.4G      0.976     0.7127      1.107       1040        640:  63%|██████▎   | 64/102 [23:39<15:02, 23.74s/it]
      15/25      18.4G     0.9767     0.7128      1.107       1097        640:  63%|██████▎   | 64/102 [24:09<15:02, 23.74s/it]
      15/25      18.4G     0.9767     0.7128      1.107       1097        640:  64%|██████▎   | 65/102 [24:09<15:47, 25.60s/it]
      15/25      18.4G     0.9767     0.7125      1.107       1145        640:  64%|██████▎   | 65/102 [24:32<15:47, 25.60s/it]
      15/25      18.4G     0.9767     0.7125      1.107       1145        640:  65%|██████▍   | 66/102 [24:32<14:50, 24.74s/it]
      15/25      18.4G     0.9766     0.7127      1.107       1039        640:  65%|██████▍   | 66/102 [25:00<14:50, 24.74s/it]
      15/25      18.4G     0.9766     0.7127      1.107       1039        640:  66%|██████▌   | 67/102 [25:00<14:59, 25.69s/it]
      15/25      18.4G     0.9763     0.7124      1.107       1035        640:  66%|██████▌   | 67/102 [25:24<14:59, 25.69s/it]
      15/25      18.4G     0.9763     0.7124      1.107       1035        640:  67%|██████▋   | 68/102 [25:24<14:15, 25.16s/it]
      15/25      18.4G      0.976     0.7124      1.107        949        640:  67%|██████▋   | 68/102 [25:59<14:15, 25.16s/it]
      15/25      18.4G      0.976     0.7124      1.107        949        640:  68%|██████▊   | 69/102 [25:59<15:27, 28.09s/it]
      15/25      18.4G     0.9762     0.7125      1.107       1069        640:  68%|██████▊   | 69/102 [26:34<15:27, 28.09s/it]
      15/25      18.4G     0.9762     0.7125      1.107       1069        640:  69%|██████▊   | 70/102 [26:34<16:04, 30.15s/it]
      15/25      18.4G     0.9764     0.7122      1.107       1154        640:  69%|██████▊   | 70/102 [26:59<16:04, 30.15s/it]
      15/25      18.4G     0.9764     0.7122      1.107       1154        640:  70%|██████▉   | 71/102 [26:59<14:50, 28.74s/it]
      15/25      18.4G     0.9755     0.7115      1.107       1047        640:  70%|██████▉   | 71/102 [27:32<14:50, 28.74s/it]
      15/25      18.4G     0.9755     0.7115      1.107       1047        640:  71%|███████   | 72/102 [27:32<14:56, 29.90s/it]
      15/25      18.4G     0.9754     0.7112      1.107       1097        640:  71%|███████   | 72/102 [27:53<14:56, 29.90s/it]
      15/25      18.4G     0.9754     0.7112      1.107       1097        640:  72%|███████▏  | 73/102 [27:53<13:07, 27.16s/it]
      15/25      18.4G     0.9751     0.7105      1.107       1063        640:  72%|███████▏  | 73/102 [28:21<13:07, 27.16s/it]
      15/25      18.4G     0.9751     0.7105      1.107       1063        640:  73%|███████▎  | 74/102 [28:21<12:51, 27.56s/it]
      15/25      18.4G     0.9745     0.7101      1.106       1146        640:  73%|███████▎  | 74/102 [28:45<12:51, 27.56s/it]
      15/25      18.4G     0.9745     0.7101      1.106       1146        640:  74%|███████▎  | 75/102 [28:45<11:56, 26.54s/it]
      15/25      18.4G     0.9742     0.7099      1.106       1213        640:  74%|███████▎  | 75/102 [29:12<11:56, 26.54s/it]
      15/25      18.4G     0.9742     0.7099      1.106       1213        640:  75%|███████▍  | 76/102 [29:12<11:32, 26.65s/it]
      15/25      18.4G     0.9742     0.7103      1.106       1082        640:  75%|███████▍  | 76/102 [29:38<11:32, 26.65s/it]
      15/25      18.4G     0.9742     0.7103      1.106       1082        640:  75%|███████▌  | 77/102 [29:38<11:02, 26.51s/it]
      15/25      18.4G     0.9739     0.7103      1.106        898        640:  75%|███████▌  | 77/102 [30:03<11:02, 26.51s/it]
      15/25      18.4G     0.9739     0.7103      1.106        898        640:  76%|███████▋  | 78/102 [30:03<10:23, 25.99s/it]
      15/25      18.4G     0.9734     0.7103      1.106       1022        640:  76%|███████▋  | 78/102 [30:30<10:23, 25.99s/it]
      15/25      18.4G     0.9734     0.7103      1.106       1022        640:  77%|███████▋  | 79/102 [30:30<10:01, 26.15s/it]
      15/25      18.4G     0.9731     0.7103      1.106       1114        640:  77%|███████▋  | 79/102 [30:52<10:01, 26.15s/it]
      15/25      18.4G     0.9731     0.7103      1.106       1114        640:  78%|███████▊  | 80/102 [30:52<09:08, 24.93s/it]
      15/25      18.4G     0.9729     0.7103      1.106        973        640:  78%|███████▊  | 80/102 [31:20<09:08, 24.93s/it]
      15/25      18.4G     0.9729     0.7103      1.106        973        640:  79%|███████▉  | 81/102 [31:20<09:03, 25.87s/it]
      15/25      18.4G     0.9732     0.7104      1.106       1144        640:  79%|███████▉  | 81/102 [31:40<09:03, 25.87s/it]
      15/25      18.4G     0.9732     0.7104      1.106       1144        640:  80%|████████  | 82/102 [31:40<08:00, 24.03s/it]
      15/25      18.4G     0.9732     0.7107      1.106        864        640:  80%|████████  | 82/102 [32:09<08:00, 24.03s/it]
      15/25      18.4G     0.9732     0.7107      1.106        864        640:  81%|████████▏ | 83/102 [32:09<08:07, 25.67s/it]
      15/25      18.4G     0.9738     0.7115      1.106       1074        640:  81%|████████▏ | 83/102 [32:29<08:07, 25.67s/it]
      15/25      18.4G     0.9738     0.7115      1.106       1074        640:  82%|████████▏ | 84/102 [32:29<07:13, 24.08s/it]
      15/25      18.4G     0.9734     0.7112      1.106       1106        640:  82%|████████▏ | 84/102 [32:57<07:13, 24.08s/it]
      15/25      18.4G     0.9734     0.7112      1.106       1106        640:  83%|████████▎ | 85/102 [32:57<07:07, 25.14s/it]
      15/25      18.4G     0.9733      0.711      1.106       1086        640:  83%|████████▎ | 85/102 [33:19<07:07, 25.14s/it]
      15/25      18.4G     0.9733      0.711      1.106       1086        640:  84%|████████▍ | 86/102 [33:19<06:24, 24.02s/it]
      15/25      18.4G      0.973     0.7106      1.105       1153        640:  84%|████████▍ | 86/102 [33:48<06:24, 24.02s/it]
      15/25      18.4G      0.973     0.7106      1.105       1153        640:  85%|████████▌ | 87/102 [33:48<06:25, 25.71s/it]
      15/25      18.4G     0.9723       0.71      1.105        896        640:  85%|████████▌ | 87/102 [34:09<06:25, 25.71s/it]
      15/25      18.4G     0.9723       0.71      1.105        896        640:  86%|████████▋ | 88/102 [34:09<05:38, 24.18s/it]
      15/25      18.4G     0.9728     0.7103      1.105       1196        640:  86%|████████▋ | 88/102 [34:37<05:38, 24.18s/it]
      15/25      18.4G     0.9728     0.7103      1.105       1196        640:  87%|████████▋ | 89/102 [34:37<05:29, 25.33s/it]
      15/25      18.4G     0.9725     0.7102      1.105       1120        640:  87%|████████▋ | 89/102 [34:57<05:29, 25.33s/it]
      15/25      18.4G     0.9725     0.7102      1.105       1120        640:  88%|████████▊ | 90/102 [34:57<04:45, 23.83s/it]
      15/25      18.4G     0.9731     0.7101      1.105       1140        640:  88%|████████▊ | 90/102 [35:26<04:45, 23.83s/it]
      15/25      18.4G     0.9731     0.7101      1.105       1140        640:  89%|████████▉ | 91/102 [35:26<04:38, 25.28s/it]
      15/25      18.4G     0.9733     0.7105      1.106       1015        640:  89%|████████▉ | 91/102 [35:53<04:38, 25.28s/it]
      15/25      18.4G     0.9733     0.7105      1.106       1015        640:  90%|█████████ | 92/102 [35:53<04:17, 25.72s/it]
      15/25      18.4G     0.9736     0.7107      1.106        990        640:  90%|█████████ | 92/102 [36:18<04:17, 25.72s/it]
      15/25      18.4G     0.9736     0.7107      1.106        990        640:  91%|█████████ | 93/102 [36:18<03:51, 25.70s/it]
      15/25      18.4G     0.9728     0.7106      1.105       1037        640:  91%|█████████ | 93/102 [36:48<03:51, 25.70s/it]
      15/25      18.4G     0.9728     0.7106      1.105       1037        640:  92%|█████████▏| 94/102 [36:48<03:36, 27.07s/it]
      15/25      18.4G     0.9728     0.7105      1.105        989        640:  92%|█████████▏| 94/102 [37:12<03:36, 27.07s/it]
      15/25      18.4G     0.9728     0.7105      1.105        989        640:  93%|█████████▎| 95/102 [37:12<03:01, 25.92s/it]
      15/25      18.4G     0.9735     0.7106      1.106       1216        640:  93%|█████████▎| 95/102 [37:42<03:01, 25.92s/it]
      15/25      18.4G     0.9735     0.7106      1.106       1216        640:  94%|█████████▍| 96/102 [37:42<02:43, 27.23s/it]
      15/25      18.4G     0.9732     0.7106      1.106       1023        640:  94%|█████████▍| 96/102 [38:05<02:43, 27.23s/it]
      15/25      18.4G     0.9732     0.7106      1.106       1023        640:  95%|█████████▌| 97/102 [38:05<02:10, 26.06s/it]
      15/25      18.4G     0.9731     0.7108      1.106       1042        640:  95%|█████████▌| 97/102 [38:35<02:10, 26.06s/it]
      15/25      18.4G     0.9731     0.7108      1.106       1042        640:  96%|█████████▌| 98/102 [38:35<01:48, 27.11s/it]
      15/25      18.4G     0.9731     0.7108      1.106       1105        640:  96%|█████████▌| 98/102 [38:57<01:48, 27.11s/it]
      15/25      18.4G     0.9731     0.7108      1.106       1105        640:  97%|█████████▋| 99/102 [38:57<01:17, 25.71s/it]
      15/25      18.4G     0.9731     0.7106      1.106       1166        640:  97%|█████████▋| 99/102 [39:27<01:17, 25.71s/it]
      15/25      18.4G     0.9731     0.7106      1.106       1166        640:  98%|█████████▊| 100/102 [39:27<00:54, 27.05s/it]
      15/25      18.4G     0.9733     0.7108      1.106       1204        640:  98%|█████████▊| 100/102 [39:55<00:54, 27.05s/it]
      15/25      18.4G     0.9733     0.7108      1.106       1204        640:  99%|█████████▉| 101/102 [39:55<00:27, 27.06s/it]
      15/25      18.4G     0.9731     0.7102      1.106        239        640:  99%|█████████▉| 101/102 [40:02<00:27, 27.06s/it]
      15/25      18.4G     0.9731     0.7102      1.106        239        640: 100%|██████████| 102/102 [40:02<00:00, 21.21s/it]
      15/25      18.4G     0.9731     0.7102      1.106        239        640: 100%|██████████| 102/102 [40:02<00:00, 23.56s/it]

                 Class     Images  Instances      Box(P          R      mAP50  mAP50-95):   0%|          | 0/13 [00:00<?, ?it/s]
                 Class     Images  Instances      Box(P          R      mAP50  mAP50-95):   8%|▊         | 1/13 [00:00<00:03,  3.40it/s]
                 Class     Images  Instances      Box(P          R      mAP50  mAP50-95):  15%|█▌        | 2/13 [00:00<00:03,  3.32it/s]
                 Class     Images  Instances      Box(P          R      mAP50  mAP50-95):  23%|██▎       | 3/13 [00:00<00:02,  3.38it/s]
                 Class     Images  Instances      Box(P          R      mAP50  mAP50-95):  31%|███       | 4/13 [00:01<00:02,  3.41it/s]
                 Class     Images  Instances      Box(P          R      mAP50  mAP50-95):  38%|███▊      | 5/13 [02:19<06:41, 50.18s/it]
                 Class     Images  Instances      Box(P          R      mAP50  mAP50-95):  46%|████▌     | 6/13 [02:20<03:52, 33.21s/it]
                 Class     Images  Instances      Box(P          R      mAP50  mAP50-95):  54%|█████▍    | 7/13 [03:49<05:08, 51.43s/it]
                 Class     Images  Instances      Box(P          R      mAP50  mAP50-95):  62%|██████▏   | 8/13 [03:49<02:55, 35.16s/it]
                 Class     Images  Instances      Box(P          R      mAP50  mAP50-95):  69%|██████▉   | 9/13 [05:23<03:34, 53.72s/it]
                 Class     Images  Instances      Box(P          R      mAP50  mAP50-95):  77%|███████▋  | 10/13 [05:24<01:51, 37.23s/it]
                 Class     Images  Instances      Box(P          R      mAP50  mAP50-95):  85%|████████▍ | 11/13 [06:54<01:47, 53.60s/it]
                 Class     Images  Instances      Box(P          R      mAP50  mAP50-95):  92%|█████████▏| 12/13 [06:55<00:37, 37.39s/it]
                 Class     Images  Instances      Box(P          R      mAP50  mAP50-95): 100%|██████████| 13/13 [07:28<00:00, 36.21s/it]
                 Class     Images  Instances      Box(P          R      mAP50  mAP50-95): 100%|██████████| 13/13 [07:28<00:00, 34.52s/it]
                   all       1620      15401      0.671      0.471      0.522       0.32
Closing dataloader mosaic

      Epoch    GPU_mem   box_loss   cls_loss   dfl_loss  Instances       Size

  0%|          | 0/102 [00:00<?, ?it/s]
      16/25      16.3G     0.9586     0.7498      1.076        660        640:   0%|          | 0/102 [00:59<?, ?it/s]
      16/25      16.3G     0.9586     0.7498      1.076        660        640:   1%|          | 1/102 [00:59<1:40:15, 59.56s/it]
      16/25      16.3G     0.9584     0.7996      1.082        499        640:   1%|          | 1/102 [01:45<1:40:15, 59.56s/it]
      16/25      16.3G     0.9584     0.7996      1.082        499        640:   2%|▏         | 2/102 [01:45<1:26:05, 51.66s/it]
      16/25      16.3G     0.9679     0.7903       1.09        580        640:   2%|▏         | 2/102 [02:28<1:26:05, 51.66s/it]
      16/25      16.3G     0.9679     0.7903       1.09        580        640:   3%|▎         | 3/102 [02:28<1:18:48, 47.77s/it]
      16/25      16.3G     0.9749     0.7736      1.084        629        640:   3%|▎         | 3/102 [03:04<1:18:48, 47.77s/it]
      16/25      16.3G     0.9749     0.7736      1.084        629        640:   4%|▍         | 4/102 [03:04<1:10:25, 43.12s/it]
      16/25      16.3G     0.9723      0.744      1.081        552        640:   4%|▍         | 4/102 [03:27<1:10:25, 43.12s/it]
      16/25      16.3G     0.9723      0.744      1.081        552        640:   5%|▍         | 5/102 [03:27<58:04, 35.92s/it]
      16/25      16.3G     0.9625     0.7267      1.086        516        640:   5%|▍         | 5/102 [04:01<58:04, 35.92s/it]
      16/25      16.3G     0.9625     0.7267      1.086        516        640:   6%|▌         | 6/102 [04:01<56:25, 35.26s/it]
      16/25      16.3G     0.9588     0.7232      1.082        580        640:   6%|▌         | 6/102 [04:29<56:25, 35.26s/it]
      16/25      16.3G     0.9588     0.7232      1.082        580        640:   7%|▋         | 7/102 [04:29<51:40, 32.64s/it]
      16/25      16.3G     0.9588     0.7168      1.083        604        640:   7%|▋         | 7/102 [04:51<51:40, 32.64s/it]
      16/25      16.3G     0.9588     0.7168      1.083        604        640:   8%|▊         | 8/102 [04:51<45:46, 29.22s/it]
      16/25      16.3G     0.9536     0.7067      1.084        571        640:   8%|▊         | 8/102 [05:19<45:46, 29.22s/it]
      16/25      16.3G     0.9536     0.7067      1.084        571        640:   9%|▉         | 9/102 [05:19<44:54, 28.98s/it]
      16/25      16.3G      0.955     0.7077      1.087        552        640:   9%|▉         | 9/102 [05:40<44:54, 28.98s/it]
      16/25      16.3G      0.955     0.7077      1.087        552        640:  10%|▉         | 10/102 [05:40<40:41, 26.54s/it]
      16/25      16.3G     0.9512     0.6977      1.086        574        640:  10%|▉         | 10/102 [06:08<40:41, 26.54s/it]
      16/25      16.3G     0.9512     0.6977      1.086        574        640:  11%|█         | 11/102 [06:08<40:53, 26.97s/it]
      16/25      16.3G     0.9519      0.698      1.087        528        640:  11%|█         | 11/102 [06:35<40:53, 26.97s/it]
      16/25      16.3G     0.9519      0.698      1.087        528        640:  12%|█▏        | 12/102 [06:35<40:16, 26.85s/it]
      16/25      16.3G     0.9549     0.6955      1.089        537        640:  12%|█▏        | 12/102 [06:57<40:16, 26.85s/it]
      16/25      16.3G     0.9549     0.6955      1.089        537        640:  13%|█▎        | 13/102 [06:57<37:51, 25.53s/it]
      16/25      16.3G      0.954     0.6924       1.09        549        640:  13%|█▎        | 13/102 [07:23<37:51, 25.53s/it]
      16/25      16.3G      0.954     0.6924       1.09        549        640:  14%|█▎        | 14/102 [07:23<37:43, 25.72s/it]
      16/25      16.3G     0.9554     0.6908      1.094        470        640:  14%|█▎        | 14/102 [07:45<37:43, 25.72s/it]
      16/25      16.3G     0.9554     0.6908      1.094        470        640:  15%|█▍        | 15/102 [07:45<35:37, 24.57s/it]
      16/25      16.3G     0.9527     0.6919      1.094        521        640:  15%|█▍        | 15/102 [08:13<35:37, 24.57s/it]
      16/25      16.3G     0.9527     0.6919      1.094        521        640:  16%|█▌        | 16/102 [08:13<36:39, 25.57s/it]
      16/25        17G     0.9583     0.6947      1.096        651        640:  16%|█▌        | 16/102 [08:42<36:39, 25.57s/it]
      16/25        17G     0.9583     0.6947      1.096        651        640:  17%|█▋        | 17/102 [08:42<37:28, 26.45s/it]
      16/25        17G     0.9562     0.6937      1.095        594        640:  17%|█▋        | 17/102 [09:03<37:28, 26.45s/it]
      16/25        17G     0.9562     0.6937      1.095        594        640:  18%|█▊        | 18/102 [09:03<35:00, 25.00s/it]
      16/25        17G      0.955     0.6933      1.093        545        640:  18%|█▊        | 18/102 [09:31<35:00, 25.00s/it]
      16/25        17G      0.955     0.6933      1.093        545        640:  19%|█▊        | 19/102 [09:31<35:44, 25.83s/it]
      16/25      18.2G     0.9573     0.6932      1.093        729        640:  19%|█▊        | 19/102 [09:54<35:44, 25.83s/it]
      16/25      18.2G     0.9573     0.6932      1.093        729        640:  20%|█▉        | 20/102 [09:54<34:05, 24.95s/it]
      16/25      18.2G     0.9533     0.6922      1.092        511        640:  20%|█▉        | 20/102 [10:26<34:05, 24.95s/it]
      16/25      18.2G     0.9533     0.6922      1.092        511        640:  21%|██        | 21/102 [10:26<36:38, 27.14s/it]
      16/25      18.2G     0.9499     0.6907       1.09        513        640:  21%|██        | 21/102 [10:54<36:38, 27.14s/it]
      16/25      18.2G     0.9499     0.6907       1.09        513        640:  22%|██▏       | 22/102 [10:54<36:23, 27.30s/it]
      16/25      18.2G      0.951     0.6895      1.089        625        640:  22%|██▏       | 22/102 [11:22<36:23, 27.30s/it]
      16/25      18.2G      0.951     0.6895      1.089        625        640:  23%|██▎       | 23/102 [11:22<36:10, 27.47s/it]
      16/25      18.2G     0.9487     0.6861      1.087        699        640:  23%|██▎       | 23/102 [11:45<36:10, 27.47s/it]
      16/25      18.2G     0.9487     0.6861      1.087        699        640:  24%|██▎       | 24/102 [11:45<34:10, 26.28s/it]
      16/25      18.2G     0.9475     0.6839      1.086        590        640:  24%|██▎       | 24/102 [12:18<34:10, 26.28s/it]
      16/25      18.2G     0.9475     0.6839      1.086        590        640:  25%|██▍       | 25/102 [12:18<36:20, 28.32s/it]
      16/25      18.2G     0.9504     0.6835      1.087        637        640:  25%|██▍       | 25/102 [12:46<36:20, 28.32s/it]
      16/25      18.2G     0.9504     0.6835      1.087        637        640:  25%|██▌       | 26/102 [12:46<35:29, 28.02s/it]
      16/25      18.2G     0.9497     0.6818      1.087        655        640:  25%|██▌       | 26/102 [13:08<35:29, 28.02s/it]
      16/25      18.2G     0.9497     0.6818      1.087        655        640:  26%|██▋       | 27/102 [13:08<33:05, 26.48s/it]
      16/25      18.2G     0.9498     0.6793      1.086        677        640:  26%|██▋       | 27/102 [13:38<33:05, 26.48s/it]
      16/25      18.2G     0.9498     0.6793      1.086        677        640:  27%|██▋       | 28/102 [13:38<33:47, 27.39s/it]
      16/25      18.2G     0.9505     0.6779      1.085        618        640:  27%|██▋       | 28/102 [14:04<33:47, 27.39s/it]
      16/25      18.2G     0.9505     0.6779      1.085        618        640:  28%|██▊       | 29/102 [14:04<32:48, 26.97s/it]
      16/25      18.2G     0.9512     0.6775      1.085        642        640:  28%|██▊       | 29/102 [14:30<32:48, 26.97s/it]
      16/25      18.2G     0.9512     0.6775      1.085        642        640:  29%|██▉       | 30/102 [14:30<32:09, 26.79s/it]
      16/25      18.2G     0.9522     0.6792      1.086        480        640:  29%|██▉       | 30/102 [14:55<32:09, 26.79s/it]
      16/25      18.2G     0.9522     0.6792      1.086        480        640:  30%|███       | 31/102 [14:55<30:56, 26.15s/it]
      16/25      18.2G     0.9505      0.678      1.086        549        640:  30%|███       | 31/102 [15:16<30:56, 26.15s/it]
      16/25      18.2G     0.9505      0.678      1.086        549        640:  31%|███▏      | 32/102 [15:16<28:33, 24.49s/it]
      16/25      18.2G     0.9502     0.6762      1.085        650        640:  31%|███▏      | 32/102 [15:46<28:33, 24.49s/it]
      16/25      18.2G     0.9502     0.6762      1.085        650        640:  32%|███▏      | 33/102 [15:46<30:11, 26.26s/it]
      16/25      18.2G     0.9495     0.6753      1.085        537        640:  32%|███▏      | 33/102 [16:14<30:11, 26.26s/it]
      16/25      18.2G     0.9495     0.6753      1.085        537        640:  33%|███▎      | 34/102 [16:14<30:13, 26.67s/it]
      16/25      18.2G     0.9503     0.6734      1.084        632        640:  33%|███▎      | 34/102 [16:37<30:13, 26.67s/it]
      16/25      18.2G     0.9503     0.6734      1.084        632        640:  34%|███▍      | 35/102 [16:37<28:41, 25.70s/it]
      16/25      18.2G     0.9513     0.6737      1.085        650        640:  34%|███▍      | 35/102 [17:03<28:41, 25.70s/it]
      16/25      18.2G     0.9513     0.6737      1.085        650        640:  35%|███▌      | 36/102 [17:03<28:23, 25.80s/it]
      16/25      18.2G     0.9502     0.6721      1.084        645        640:  35%|███▌      | 36/102 [17:30<28:23, 25.80s/it]
      16/25      18.2G     0.9502     0.6721      1.084        645        640:  36%|███▋      | 37/102 [17:30<28:16, 26.10s/it]
      16/25      18.2G     0.9498     0.6714      1.083        560        640:  36%|███▋      | 37/102 [17:56<28:16, 26.10s/it]
      16/25      18.2G     0.9498     0.6714      1.083        560        640:  37%|███▋      | 38/102 [17:56<27:50, 26.10s/it]
      16/25      18.2G     0.9507     0.6713      1.084        598        640:  37%|███▋      | 38/102 [18:23<27:50, 26.10s/it]
      16/25      18.2G     0.9507     0.6713      1.084        598        640:  38%|███▊      | 39/102 [18:23<27:36, 26.30s/it]
      16/25      18.2G      0.953     0.6726      1.084        671        640:  38%|███▊      | 39/102 [18:46<27:36, 26.30s/it]
      16/25      18.2G      0.953     0.6726      1.084        671        640:  39%|███▉      | 40/102 [18:46<26:16, 25.42s/it]
      16/25      18.2G     0.9559     0.6742      1.085        526        640:  39%|███▉      | 40/102 [19:15<26:16, 25.42s/it]
      16/25      18.2G     0.9559     0.6742      1.085        526        640:  40%|████      | 41/102 [19:15<27:02, 26.60s/it]
      16/25      18.2G     0.9544     0.6733      1.084        532        640:  40%|████      | 41/102 [19:40<27:02, 26.60s/it]
      16/25      18.2G     0.9544     0.6733      1.084        532        640:  41%|████      | 42/102 [19:40<26:05, 26.09s/it]
      16/25      18.2G     0.9537     0.6726      1.084        641        640:  41%|████      | 42/102 [20:03<26:05, 26.09s/it]
      16/25      18.2G     0.9537     0.6726      1.084        641        640:  42%|████▏     | 43/102 [20:03<24:42, 25.12s/it]
      16/25      18.2G     0.9538     0.6718      1.084        479        640:  42%|████▏     | 43/102 [20:33<24:42, 25.12s/it]
      16/25      18.2G     0.9538     0.6718      1.084        479        640:  43%|████▎     | 44/102 [20:33<25:43, 26.61s/it]
      16/25      18.2G     0.9536     0.6714      1.084        577        640:  43%|████▎     | 44/102 [20:54<25:43, 26.61s/it]
      16/25      18.2G     0.9536     0.6714      1.084        577        640:  44%|████▍     | 45/102 [20:54<23:41, 24.94s/it]
      16/25      18.2G      0.954      0.671      1.084        559        640:  44%|████▍     | 45/102 [21:22<23:41, 24.94s/it]
      16/25      18.2G      0.954      0.671      1.084        559        640:  45%|████▌     | 46/102 [21:22<23:57, 25.66s/it]
      16/25      18.2G     0.9541     0.6713      1.085        505        640:  45%|████▌     | 46/102 [21:49<23:57, 25.66s/it]
      16/25      18.2G     0.9541     0.6713      1.085        505        640:  46%|████▌     | 47/102 [21:49<23:53, 26.07s/it]
      16/25      18.2G     0.9544     0.6706      1.085        606        640:  46%|████▌     | 47/102 [22:11<23:53, 26.07s/it]
      16/25      18.2G     0.9544     0.6706      1.085        606        640:  47%|████▋     | 48/102 [22:11<22:33, 25.06s/it]
      16/25      18.2G     0.9556     0.6715      1.087        464        640:  47%|████▋     | 48/102 [22:40<22:33, 25.06s/it]
      16/25      18.2G     0.9556     0.6715      1.087        464        640:  48%|████▊     | 49/102 [22:40<23:04, 26.13s/it]
      16/25      18.2G     0.9543     0.6701      1.086        554        640:  48%|████▊     | 49/102 [23:04<23:04, 26.13s/it]
      16/25      18.2G     0.9543     0.6701      1.086        554        640:  49%|████▉     | 50/102 [23:04<21:57, 25.35s/it]
      16/25      18.2G     0.9553       0.67      1.086        645        640:  49%|████▉     | 50/102 [23:30<21:57, 25.35s/it]
      16/25      18.2G     0.9553       0.67      1.086        645        640:  50%|█████     | 51/102 [23:30<21:49, 25.67s/it]
      16/25      18.2G     0.9566       0.67      1.086        617        640:  50%|█████     | 51/102 [23:52<21:49, 25.67s/it]
      16/25      18.2G     0.9566       0.67      1.086        617        640:  51%|█████     | 52/102 [23:52<20:29, 24.58s/it]
      16/25      18.2G     0.9561     0.6695      1.086        602        640:  51%|█████     | 52/102 [24:16<20:29, 24.58s/it]
      16/25      18.2G     0.9561     0.6695      1.086        602        640:  52%|█████▏    | 53/102 [24:16<19:52, 24.34s/it]
      16/25      18.2G     0.9569     0.6695      1.087        612        640:  52%|█████▏    | 53/102 [24:43<19:52, 24.34s/it]
      16/25      18.2G     0.9569     0.6695      1.087        612        640:  53%|█████▎    | 54/102 [24:43<20:13, 25.29s/it]
      16/25      18.2G     0.9575     0.6696      1.087        628        640:  53%|█████▎    | 54/102 [25:06<20:13, 25.29s/it]
      16/25      18.2G     0.9575     0.6696      1.087        628        640:  54%|█████▍    | 55/102 [25:06<19:08, 24.43s/it]
      16/25      18.2G     0.9578     0.6693      1.087        505        640:  54%|█████▍    | 55/102 [25:33<19:08, 24.43s/it]
      16/25      18.2G     0.9578     0.6693      1.087        505        640:  55%|█████▍    | 56/102 [25:33<19:26, 25.35s/it]
      16/25      18.2G     0.9577     0.6682      1.087        547        640:  55%|█████▍    | 56/102 [25:59<19:26, 25.35s/it]
      16/25      18.2G     0.9577     0.6682      1.087        547        640:  56%|█████▌    | 57/102 [25:59<19:06, 25.47s/it]
      16/25      18.2G     0.9582     0.6678      1.087        560        640:  56%|█████▌    | 57/102 [26:19<19:06, 25.47s/it]
      16/25      18.2G     0.9582     0.6678      1.087        560        640:  57%|█████▋    | 58/102 [26:19<17:33, 23.94s/it]
      16/25      18.2G     0.9596     0.6687      1.087        688        640:  57%|█████▋    | 58/102 [26:51<17:33, 23.94s/it]
      16/25      18.2G     0.9596     0.6687      1.087        688        640:  58%|█████▊    | 59/102 [26:51<18:52, 26.34s/it]
      16/25      18.2G     0.9596     0.6689      1.087        607        640:  58%|█████▊    | 59/102 [27:21<18:52, 26.34s/it]
      16/25      18.2G     0.9596     0.6689      1.087        607        640:  59%|█████▉    | 60/102 [27:21<19:05, 27.27s/it]
      16/25      18.2G     0.9592     0.6694      1.087        606        640:  59%|█████▉    | 60/102 [27:43<19:05, 27.27s/it]
      16/25      18.2G     0.9592     0.6694      1.087        606        640:  60%|█████▉    | 61/102 [27:43<17:39, 25.84s/it]
      16/25      18.2G     0.9604     0.6701      1.087        714        640:  60%|█████▉    | 61/102 [28:12<17:39, 25.84s/it]
      16/25      18.2G     0.9604     0.6701      1.087        714        640:  61%|██████    | 62/102 [28:12<17:46, 26.67s/it]
      16/25      18.2G     0.9596     0.6695      1.087        515        640:  61%|██████    | 62/102 [28:37<17:46, 26.67s/it]
      16/25      18.2G     0.9596     0.6695      1.087        515        640:  62%|██████▏   | 63/102 [28:37<17:04, 26.26s/it]
      16/25      18.2G     0.9589     0.6686      1.086        647        640:  62%|██████▏   | 63/102 [29:01<17:04, 26.26s/it]
      16/25      18.2G     0.9589     0.6686      1.086        647        640:  63%|██████▎   | 64/102 [29:01<16:06, 25.44s/it]
      16/25      18.2G      0.959     0.6681      1.086        662        640:  63%|██████▎   | 64/102 [29:28<16:06, 25.44s/it]
      16/25      18.2G      0.959     0.6681      1.086        662        640:  64%|██████▎   | 65/102 [29:28<16:03, 26.03s/it]
      16/25      18.2G     0.9594     0.6688      1.086        680        640:  64%|██████▎   | 65/102 [29:56<16:03, 26.03s/it]
      16/25      18.2G     0.9594     0.6688      1.086        680        640:  65%|██████▍   | 66/102 [29:56<15:56, 26.58s/it]
      16/25      18.2G     0.9597     0.6681      1.086        551        640:  65%|██████▍   | 66/102 [30:19<15:56, 26.58s/it]
      16/25      18.2G     0.9597     0.6681      1.086        551        640:  66%|██████▌   | 67/102 [30:19<14:52, 25.49s/it]
      16/25      18.2G     0.9591     0.6675      1.086        555        640:  66%|██████▌   | 67/102 [30:44<14:52, 25.49s/it]
      16/25      18.2G     0.9591     0.6675      1.086        555        640:  67%|██████▋   | 68/102 [30:44<14:24, 25.43s/it]
      16/25      18.2G     0.9594     0.6673      1.086        579        640:  67%|██████▋   | 68/102 [31:12<14:24, 25.43s/it]
      16/25      18.2G     0.9594     0.6673      1.086        579        640:  68%|██████▊   | 69/102 [31:12<14:24, 26.20s/it]
      16/25      18.2G     0.9599     0.6661      1.086        582        640:  68%|██████▊   | 69/102 [31:34<14:24, 26.20s/it]
      16/25      18.2G     0.9599     0.6661      1.086        582        640:  69%|██████▊   | 70/102 [31:34<13:15, 24.86s/it]
      16/25      18.2G     0.9615     0.6666      1.087        617        640:  69%|██████▊   | 70/102 [31:59<13:15, 24.86s/it]
      16/25      18.2G     0.9615     0.6666      1.087        617        640:  70%|██████▉   | 71/102 [31:59<12:56, 25.04s/it]
      16/25      18.2G     0.9609     0.6654      1.086        535        640:  70%|██████▉   | 71/102 [32:19<12:56, 25.04s/it]
      16/25      18.2G     0.9609     0.6654      1.086        535        640:  71%|███████   | 72/102 [32:19<11:43, 23.47s/it]
      16/25      18.2G     0.9606     0.6647      1.086        506        640:  71%|███████   | 72/102 [32:43<11:43, 23.47s/it]
      16/25      18.2G     0.9606     0.6647      1.086        506        640:  72%|███████▏  | 73/102 [32:43<11:22, 23.53s/it]
      16/25      18.2G     0.9597     0.6639      1.085        556        640:  72%|███████▏  | 73/102 [33:08<11:22, 23.53s/it]
      16/25      18.2G     0.9597     0.6639      1.085        556        640:  73%|███████▎  | 74/102 [33:08<11:12, 24.02s/it]
      16/25      18.2G     0.9603     0.6644      1.085        708        640:  73%|███████▎  | 74/102 [33:29<11:12, 24.02s/it]
      16/25      18.2G     0.9603     0.6644      1.085        708        640:  74%|███████▎  | 75/102 [33:29<10:24, 23.12s/it]
      16/25      18.2G     0.9598     0.6642      1.085        609        640:  74%|███████▎  | 75/102 [33:55<10:24, 23.12s/it]
      16/25      18.2G     0.9598     0.6642      1.085        609        640:  75%|███████▍  | 76/102 [33:55<10:26, 24.09s/it]
      16/25      18.2G     0.9603     0.6641      1.085        775        640:  75%|███████▍  | 76/102 [34:23<10:26, 24.09s/it]
      16/25      18.2G     0.9603     0.6641      1.085        775        640:  75%|███████▌  | 77/102 [34:23<10:32, 25.28s/it]
      16/25      18.2G     0.9601      0.664      1.085        564        640:  75%|███████▌  | 77/102 [34:48<10:32, 25.28s/it]
      16/25      18.2G     0.9601      0.664      1.085        564        640:  76%|███████▋  | 78/102 [34:48<09:59, 24.99s/it]
      16/25      18.2G     0.9605      0.664      1.085        554        640:  76%|███████▋  | 78/102 [35:11<09:59, 24.99s/it]
      16/25      18.2G     0.9605      0.664      1.085        554        640:  77%|███████▋  | 79/102 [35:11<09:20, 24.37s/it]
      16/25      18.2G     0.9601      0.664      1.085        539        640:  77%|███████▋  | 79/102 [35:35<09:20, 24.37s/it]
      16/25      18.2G     0.9601      0.664      1.085        539        640:  78%|███████▊  | 80/102 [35:35<08:52, 24.21s/it]
      16/25      18.2G     0.9607     0.6645      1.086        562        640:  78%|███████▊  | 80/102 [35:58<08:52, 24.21s/it]
      16/25      18.2G     0.9607     0.6645      1.086        562        640:  79%|███████▉  | 81/102 [35:58<08:20, 23.84s/it]
      16/25      18.2G     0.9612      0.665      1.086        599        640:  79%|███████▉  | 81/102 [36:25<08:20, 23.84s/it]
      16/25      18.2G     0.9612      0.665      1.086        599        640:  80%|████████  | 82/102 [36:25<08:16, 24.82s/it]
      16/25      18.2G     0.9605     0.6645      1.086        501        640:  80%|████████  | 82/102 [36:49<08:16, 24.82s/it]
      16/25      18.2G     0.9605     0.6645      1.086        501        640:  81%|████████▏ | 83/102 [36:49<07:46, 24.57s/it]
      16/25      18.2G      0.961     0.6648      1.086        619        640:  81%|████████▏ | 83/102 [37:10<07:46, 24.57s/it]
      16/25      18.2G      0.961     0.6648      1.086        619        640:  82%|████████▏ | 84/102 [37:10<07:06, 23.67s/it]
      16/25      18.2G     0.9609     0.6645      1.086        563        640:  82%|████████▏ | 84/102 [37:38<07:06, 23.67s/it]
      16/25      18.2G     0.9609     0.6645      1.086        563        640:  83%|████████▎ | 85/102 [37:38<07:05, 25.00s/it]
      16/25      18.2G     0.9611     0.6645      1.087        580        640:  83%|████████▎ | 85/102 [38:00<07:05, 25.00s/it]
      16/25      18.2G     0.9611     0.6645      1.087        580        640:  84%|████████▍ | 86/102 [38:00<06:24, 24.04s/it]
      16/25      18.2G     0.9612     0.6646      1.087        609        640:  84%|████████▍ | 86/102 [38:25<06:24, 24.04s/it]
      16/25      18.2G     0.9612     0.6646      1.087        609        640:  85%|████████▌ | 87/102 [38:25<06:05, 24.40s/it]
      16/25      18.2G     0.9611     0.6644      1.086        542        640:  85%|████████▌ | 87/102 [38:53<06:05, 24.40s/it]
      16/25      18.2G     0.9611     0.6644      1.086        542        640:  86%|████████▋ | 88/102 [38:53<05:53, 25.27s/it]
      16/25      18.2G     0.9604     0.6642      1.087        432        640:  86%|████████▋ | 88/102 [39:16<05:53, 25.27s/it]
      16/25      18.2G     0.9604     0.6642      1.087        432        640:  87%|████████▋ | 89/102 [39:16<05:19, 24.57s/it]
      16/25      18.2G     0.9603     0.6637      1.086        607        640:  87%|████████▋ | 89/102 [39:36<05:19, 24.57s/it]
      16/25      18.2G     0.9603     0.6637      1.086        607        640:  88%|████████▊ | 90/102 [39:36<04:40, 23.37s/it]
      16/25      18.2G     0.9593     0.6633      1.086        497        640:  88%|████████▊ | 90/102 [40:02<04:40, 23.37s/it]
      16/25      18.2G     0.9593     0.6633      1.086        497        640:  89%|████████▉ | 91/102 [40:02<04:26, 24.23s/it]
      16/25      18.2G       0.96     0.6633      1.087        598        640:  89%|████████▉ | 91/102 [40:25<04:26, 24.23s/it]
      16/25      18.2G       0.96     0.6633      1.087        598        640:  90%|█████████ | 92/102 [40:25<03:56, 23.62s/it]
      16/25      18.2G     0.9603      0.663      1.087        551        640:  90%|█████████ | 92/102 [40:52<03:56, 23.62s/it]
      16/25      18.2G     0.9603      0.663      1.087        551        640:  91%|█████████ | 93/102 [40:52<03:42, 24.69s/it]
      16/25      18.2G     0.9601     0.6636      1.087        667        640:  91%|█████████ | 93/102 [41:20<03:42, 24.69s/it]
      16/25      18.2G     0.9601     0.6636      1.087        667        640:  92%|█████████▏| 94/102 [41:20<03:26, 25.76s/it]
      16/25      18.2G     0.9598     0.6636      1.087        497        640:  92%|█████████▏| 94/102 [41:39<03:26, 25.76s/it]
      16/25      18.2G     0.9598     0.6636      1.087        497        640:  93%|█████████▎| 95/102 [41:39<02:46, 23.74s/it]
      16/25      18.2G     0.9594     0.6632      1.087        526        640:  93%|█████████▎| 95/102 [42:03<02:46, 23.74s/it]
      16/25      18.2G     0.9594     0.6632      1.087        526        640:  94%|█████████▍| 96/102 [42:03<02:22, 23.83s/it]
      16/25      18.2G       0.96     0.6635      1.087        682        640:  94%|█████████▍| 96/102 [42:22<02:22, 23.83s/it]
      16/25      18.2G       0.96     0.6635      1.087        682        640:  95%|█████████▌| 97/102 [42:22<01:52, 22.50s/it]
      16/25      18.2G     0.9601     0.6635      1.087        614        640:  95%|█████████▌| 97/102 [42:50<01:52, 22.50s/it]
      16/25      18.2G     0.9601     0.6635      1.087        614        640:  96%|█████████▌| 98/102 [42:50<01:36, 24.03s/it]
      16/25      18.2G     0.9591     0.6626      1.087        576        640:  96%|█████████▌| 98/102 [43:16<01:36, 24.03s/it]
      16/25      18.2G     0.9591     0.6626      1.087        576        640:  97%|█████████▋| 99/102 [43:16<01:13, 24.48s/it]
      16/25      18.2G      0.959     0.6626      1.086        491        640:  97%|█████████▋| 99/102 [43:37<01:13, 24.48s/it]
      16/25      18.2G      0.959     0.6626      1.086        491        640:  98%|█████████▊| 100/102 [43:37<00:47, 23.65s/it]
      16/25      18.2G     0.9587     0.6625      1.086        526        640:  98%|█████████▊| 100/102 [44:01<00:47, 23.65s/it]
      16/25      18.2G     0.9587     0.6625      1.086        526        640:  99%|█████████▉| 101/102 [44:01<00:23, 23.68s/it]
      16/25      18.2G     0.9582     0.6627      1.086        107        640:  99%|█████████▉| 101/102 [44:05<00:23, 23.68s/it]
      16/25      18.2G     0.9582     0.6627      1.086        107        640: 100%|██████████| 102/102 [44:05<00:00, 17.87s/it]
      16/25      18.2G     0.9582     0.6627      1.086        107        640: 100%|██████████| 102/102 [44:05<00:00, 25.94s/it]

                 Class     Images  Instances      Box(P          R      mAP50  mAP50-95):   0%|          | 0/13 [00:00<?, ?it/s]
                 Class     Images  Instances      Box(P          R      mAP50  mAP50-95):   8%|▊         | 1/13 [00:00<00:03,  3.21it/s]
                 Class     Images  Instances      Box(P          R      mAP50  mAP50-95):  15%|█▌        | 2/13 [00:00<00:03,  3.19it/s]
                 Class     Images  Instances      Box(P          R      mAP50  mAP50-95):  23%|██▎       | 3/13 [00:00<00:03,  3.30it/s]
                 Class     Images  Instances      Box(P          R      mAP50  mAP50-95):  31%|███       | 4/13 [00:01<00:02,  3.29it/s]
                 Class     Images  Instances      Box(P          R      mAP50  mAP50-95):  38%|███▊      | 5/13 [02:11<06:16, 47.07s/it]
                 Class     Images  Instances      Box(P          R      mAP50  mAP50-95):  46%|████▌     | 6/13 [02:11<03:38, 31.17s/it]
                 Class     Images  Instances      Box(P          R      mAP50  mAP50-95):  54%|█████▍    | 7/13 [03:34<04:49, 48.23s/it]
                 Class     Images  Instances      Box(P          R      mAP50  mAP50-95):  62%|██████▏   | 8/13 [03:35<02:44, 32.98s/it]
                 Class     Images  Instances      Box(P          R      mAP50  mAP50-95):  69%|██████▉   | 9/13 [05:04<03:22, 50.68s/it]
                 Class     Images  Instances      Box(P          R      mAP50  mAP50-95):  77%|███████▋  | 10/13 [05:05<01:45, 35.13s/it]
                 Class     Images  Instances      Box(P          R      mAP50  mAP50-95):  85%|████████▍ | 11/13 [06:32<01:42, 51.01s/it]
                 Class     Images  Instances      Box(P          R      mAP50  mAP50-95):  92%|█████████▏| 12/13 [06:32<00:35, 35.57s/it]
                 Class     Images  Instances      Box(P          R      mAP50  mAP50-95): 100%|██████████| 13/13 [07:04<00:00, 34.43s/it]
                 Class     Images  Instances      Box(P          R      mAP50  mAP50-95): 100%|██████████| 13/13 [07:04<00:00, 32.63s/it]
                   all       1620      15401      0.651      0.501      0.527      0.335

      Epoch    GPU_mem   box_loss   cls_loss   dfl_loss  Instances       Size

  0%|          | 0/102 [00:00<?, ?it/s]
      17/25      16.4G     0.9131     0.6269      1.091        614        640:   0%|          | 0/102 [00:00<?, ?it/s]
      17/25      16.4G     0.9131     0.6269      1.091        614        640:   1%|          | 1/102 [00:00<00:18,  5.54it/s]
      17/25        17G     0.9355     0.6501      1.095        574        640:   1%|          | 1/102 [00:00<00:18,  5.54it/s]
      17/25        17G     0.9355     0.6501      1.095        574        640:   2%|▏         | 2/102 [00:00<00:17,  5.74it/s]
      17/25        17G     0.9337     0.6433      1.086        591        640:   2%|▏         | 2/102 [01:03<00:17,  5.74it/s]
      17/25        17G     0.9337     0.6433      1.086        591        640:   3%|▎         | 3/102 [01:03<48:06, 29.16s/it]
      17/25        17G      0.937     0.6381       1.08        691        640:   3%|▎         | 3/102 [01:44<48:06, 29.16s/it]
      17/25        17G      0.937     0.6381       1.08        691        640:   4%|▍         | 4/102 [01:44<55:06, 33.74s/it]
      17/25        17G     0.9327     0.6409      1.077        629        640:   4%|▍         | 4/102 [02:24<55:06, 33.74s/it]
      17/25        17G     0.9327     0.6409      1.077        629        640:   5%|▍         | 5/102 [02:24<58:11, 36.00s/it]
      17/25        17G     0.9441     0.6407      1.078        578        640:   5%|▍         | 5/102 [02:57<58:11, 36.00s/it]
      17/25        17G     0.9441     0.6407      1.078        578        640:   6%|▌         | 6/102 [02:57<55:52, 34.92s/it]
      17/25        17G     0.9437     0.6392      1.077        588        640:   6%|▌         | 6/102 [03:17<55:52, 34.92s/it]
      17/25        17G     0.9437     0.6392      1.077        588        640:   7%|▋         | 7/102 [03:17<47:15, 29.85s/it]
      17/25        17G     0.9432     0.6341      1.076        594        640:   7%|▋         | 7/102 [03:45<47:15, 29.85s/it]
      17/25        17G     0.9432     0.6341      1.076        594        640:   8%|▊         | 8/102 [03:45<45:55, 29.32s/it]
      17/25        17G     0.9449     0.6327      1.081        570        640:   8%|▊         | 8/102 [04:06<45:55, 29.32s/it]
      17/25        17G     0.9449     0.6327      1.081        570        640:   9%|▉         | 9/102 [04:06<41:43, 26.92s/it]
      17/25        17G     0.9463     0.6341      1.079        630        640:   9%|▉         | 9/102 [04:35<41:43, 26.92s/it]
      17/25        17G     0.9463     0.6341      1.079        630        640:  10%|▉         | 10/102 [04:35<42:02, 27.42s/it]
      17/25      18.1G     0.9581     0.6405      1.081        701        640:  10%|▉         | 10/102 [05:02<42:02, 27.42s/it]
      17/25      18.1G     0.9581     0.6405      1.081        701        640:  11%|█         | 11/102 [05:02<41:36, 27.44s/it]
      17/25      18.1G      0.954     0.6366       1.08        613        640:  11%|█         | 11/102 [05:24<41:36, 27.44s/it]
      17/25      18.1G      0.954     0.6366       1.08        613        640:  12%|█▏        | 12/102 [05:24<38:41, 25.79s/it]
      17/25      18.1G     0.9544     0.6358      1.078        616        640:  12%|█▏        | 12/102 [05:52<38:41, 25.79s/it]
      17/25      18.1G     0.9544     0.6358      1.078        616        640:  13%|█▎        | 13/102 [05:52<38:55, 26.24s/it]
      17/25      18.1G     0.9507     0.6341      1.075        582        640:  13%|█▎        | 13/102 [06:16<38:55, 26.24s/it]
      17/25      18.1G     0.9507     0.6341      1.075        582        640:  14%|█▎        | 14/102 [06:16<37:51, 25.81s/it]
      17/25      18.1G       0.95     0.6314      1.076        556        640:  14%|█▎        | 14/102 [06:41<37:51, 25.81s/it]
      17/25      18.1G       0.95     0.6314      1.076        556        640:  15%|█▍        | 15/102 [06:41<36:59, 25.51s/it]
      17/25      18.1G     0.9519     0.6356      1.077        579        640:  15%|█▍        | 15/102 [07:06<36:59, 25.51s/it]
      17/25      18.1G     0.9519     0.6356      1.077        579        640:  16%|█▌        | 16/102 [07:06<36:12, 25.27s/it]
      17/25      18.1G     0.9523     0.6342      1.076        564        640:  16%|█▌        | 16/102 [07:29<36:12, 25.27s/it]
      17/25      18.1G     0.9523     0.6342      1.076        564        640:  17%|█▋        | 17/102 [07:29<34:54, 24.64s/it]
      17/25      18.1G     0.9511     0.6355      1.078        473        640:  17%|█▋        | 17/102 [07:54<34:54, 24.64s/it]
      17/25      18.1G     0.9511     0.6355      1.078        473        640:  18%|█▊        | 18/102 [07:54<34:44, 24.81s/it]
      17/25      18.1G     0.9533     0.6377      1.079        716        640:  18%|█▊        | 18/102 [08:15<34:44, 24.81s/it]
      17/25      18.1G     0.9533     0.6377      1.079        716        640:  19%|█▊        | 19/102 [08:15<32:26, 23.45s/it]
      17/25      18.1G     0.9495     0.6366      1.075        598        640:  19%|█▊        | 19/102 [08:41<32:26, 23.45s/it]
      17/25      18.1G     0.9495     0.6366      1.075        598        640:  20%|█▉        | 20/102 [08:41<33:21, 24.41s/it]
      17/25      18.1G     0.9476     0.6344      1.075        508        640:  20%|█▉        | 20/102 [09:00<33:21, 24.41s/it]
      17/25      18.1G     0.9476     0.6344      1.075        508        640:  21%|██        | 21/102 [09:00<30:45, 22.79s/it]
      17/25      18.1G     0.9465     0.6331      1.077        443        640:  21%|██        | 21/102 [09:24<30:45, 22.79s/it]
      17/25      18.1G     0.9465     0.6331      1.077        443        640:  22%|██▏       | 22/102 [09:24<30:33, 22.92s/it]
      17/25      18.1G      0.944     0.6315      1.076        608        640:  22%|██▏       | 22/102 [09:47<30:33, 22.92s/it]
      17/25      18.1G      0.944     0.6315      1.076        608        640:  23%|██▎       | 23/102 [09:47<30:13, 22.95s/it]
      17/25      18.1G     0.9413     0.6306      1.076        605        640:  23%|██▎       | 23/102 [10:13<30:13, 22.95s/it]
      17/25      18.1G     0.9413     0.6306      1.076        605        640:  24%|██▎       | 24/102 [10:13<31:16, 24.06s/it]
      17/25      18.1G     0.9415     0.6292      1.075        581        640:  24%|██▎       | 24/102 [10:31<31:16, 24.06s/it]
      17/25      18.1G     0.9415     0.6292      1.075        581        640:  25%|██▍       | 25/102 [10:31<28:38, 22.32s/it]
      17/25      18.1G     0.9418     0.6302      1.074        657        640:  25%|██▍       | 25/102 [10:57<28:38, 22.32s/it]
      17/25      18.1G     0.9418     0.6302      1.074        657        640:  25%|██▌       | 26/102 [10:57<29:39, 23.42s/it]
      17/25      18.1G     0.9409     0.6298      1.074        666        640:  25%|██▌       | 26/102 [11:25<29:39, 23.42s/it]
      17/25      18.1G     0.9409     0.6298      1.074        666        640:  26%|██▋       | 27/102 [11:25<30:58, 24.77s/it]
      17/25      18.1G     0.9418     0.6299      1.073        675        640:  26%|██▋       | 27/102 [11:50<30:58, 24.77s/it]
      17/25      18.1G     0.9418     0.6299      1.073        675        640:  27%|██▋       | 28/102 [11:50<30:19, 24.59s/it]
      17/25      18.1G     0.9411     0.6295      1.073        613        640:  27%|██▋       | 28/102 [12:19<30:19, 24.59s/it]
      17/25      18.1G     0.9411     0.6295      1.073        613        640:  28%|██▊       | 29/102 [12:19<31:43, 26.08s/it]
      17/25      18.1G     0.9388     0.6305      1.073        622        640:  28%|██▊       | 29/102 [12:44<31:43, 26.08s/it]
      17/25      18.1G     0.9388     0.6305      1.073        622        640:  29%|██▉       | 30/102 [12:44<30:48, 25.67s/it]
      17/25      18.1G     0.9407     0.6312      1.074        561        640:  29%|██▉       | 30/102 [13:09<30:48, 25.67s/it]
      17/25      18.1G     0.9407     0.6312      1.074        561        640:  30%|███       | 31/102 [13:09<30:21, 25.66s/it]
      17/25      18.1G     0.9412     0.6315      1.075        451        640:  30%|███       | 31/102 [13:31<30:21, 25.66s/it]
      17/25      18.1G     0.9412     0.6315      1.075        451        640:  31%|███▏      | 32/102 [13:31<28:23, 24.33s/it]
      17/25      18.1G     0.9407     0.6297      1.075        543        640:  31%|███▏      | 32/102 [13:58<28:23, 24.33s/it]
      17/25      18.1G     0.9407     0.6297      1.075        543        640:  32%|███▏      | 33/102 [13:58<28:58, 25.19s/it]
      17/25      18.1G     0.9404     0.6282      1.075        602        640:  32%|███▏      | 33/102 [14:24<28:58, 25.19s/it]
      17/25      18.1G     0.9404     0.6282      1.075        602        640:  33%|███▎      | 34/102 [14:24<28:49, 25.43s/it]
      17/25      18.1G     0.9399     0.6275      1.075        613        640:  33%|███▎      | 34/102 [14:47<28:49, 25.43s/it]
      17/25      18.1G     0.9399     0.6275      1.075        613        640:  34%|███▍      | 35/102 [14:47<27:28, 24.61s/it]
      17/25      18.1G     0.9405     0.6286      1.076        594        640:  34%|███▍      | 35/102 [15:16<27:28, 24.61s/it]
      17/25      18.1G     0.9405     0.6286      1.076        594        640:  35%|███▌      | 36/102 [15:16<28:45, 26.15s/it]
      17/25      18.1G     0.9425     0.6298      1.076        557        640:  35%|███▌      | 36/102 [15:39<28:45, 26.15s/it]
      17/25      18.1G     0.9425     0.6298      1.076        557        640:  36%|███▋      | 37/102 [15:39<27:07, 25.03s/it]
      17/25      18.1G     0.9421     0.6291      1.076        512        640:  36%|███▋      | 37/102 [16:04<27:07, 25.03s/it]
      17/25      18.1G     0.9421     0.6291      1.076        512        640:  37%|███▋      | 38/102 [16:04<26:48, 25.13s/it]
      17/25      18.1G     0.9426     0.6299      1.077        552        640:  37%|███▋      | 38/102 [16:25<26:48, 25.13s/it]
      17/25      18.1G     0.9426     0.6299      1.077        552        640:  38%|███▊      | 39/102 [16:25<25:10, 23.97s/it]
      17/25      18.1G     0.9423     0.6297      1.077        599        640:  38%|███▊      | 39/102 [16:53<25:10, 23.97s/it]
      17/25      18.1G     0.9423     0.6297      1.077        599        640:  39%|███▉      | 40/102 [16:53<25:57, 25.12s/it]
      17/25      18.1G      0.942     0.6288      1.077        518        640:  39%|███▉      | 40/102 [17:14<25:57, 25.12s/it]
      17/25      18.1G      0.942     0.6288      1.077        518        640:  40%|████      | 41/102 [17:14<24:17, 23.90s/it]
      17/25      18.1G     0.9421     0.6294      1.077        622        640:  40%|████      | 41/102 [17:40<24:17, 23.90s/it]
      17/25      18.1G     0.9421     0.6294      1.077        622        640:  41%|████      | 42/102 [17:40<24:22, 24.38s/it]
      17/25      18.1G     0.9427     0.6312      1.077        570        640:  41%|████      | 42/102 [18:02<24:22, 24.38s/it]
      17/25      18.1G     0.9427     0.6312      1.077        570        640:  42%|████▏     | 43/102 [18:02<23:30, 23.91s/it]
      17/25      18.1G     0.9425     0.6311      1.076        619        640:  42%|████▏     | 43/102 [18:24<23:30, 23.91s/it]
      17/25      18.1G     0.9425     0.6311      1.076        619        640:  43%|████▎     | 44/102 [18:24<22:16, 23.05s/it]
      17/25      18.1G      0.942     0.6315      1.076        653        640:  43%|████▎     | 44/102 [18:46<22:16, 23.05s/it]
      17/25      18.1G      0.942     0.6315      1.076        653        640:  44%|████▍     | 45/102 [18:46<21:49, 22.97s/it]
      17/25      18.1G      0.941     0.6304      1.075        534        640:  44%|████▍     | 45/102 [19:11<21:49, 22.97s/it]
      17/25      18.1G      0.941     0.6304      1.075        534        640:  45%|████▌     | 46/102 [19:11<22:02, 23.62s/it]
      17/25      18.1G     0.9403       0.63      1.075        589        640:  45%|████▌     | 46/102 [19:33<22:02, 23.62s/it]
      17/25      18.1G     0.9403       0.63      1.075        589        640:  46%|████▌     | 47/102 [19:33<21:07, 23.04s/it]
      17/25      18.1G     0.9409     0.6305      1.074        634        640:  46%|████▌     | 47/102 [19:57<21:07, 23.04s/it]
      17/25      18.1G     0.9409     0.6305      1.074        634        640:  47%|████▋     | 48/102 [19:57<20:56, 23.27s/it]
      17/25      18.1G     0.9404     0.6305      1.074        577        640:  47%|████▋     | 48/102 [20:16<20:56, 23.27s/it]
      17/25      18.1G     0.9404     0.6305      1.074        577        640:  48%|████▊     | 49/102 [20:16<19:31, 22.10s/it]
      17/25      18.1G     0.9414     0.6317      1.076        601        640:  48%|████▊     | 49/102 [20:43<19:31, 22.10s/it]
      17/25      18.1G     0.9414     0.6317      1.076        601        640:  49%|████▉     | 50/102 [20:43<20:19, 23.46s/it]
      17/25      18.1G     0.9421     0.6333      1.076        597        640:  49%|████▉     | 50/102 [21:05<20:19, 23.46s/it]
      17/25      18.1G     0.9421     0.6333      1.076        597        640:  50%|█████     | 51/102 [21:05<19:31, 22.98s/it]
      17/25      18.1G     0.9421     0.6337      1.076        520        640:  50%|█████     | 51/102 [21:31<19:31, 22.98s/it]
      17/25      18.1G     0.9421     0.6337      1.076        520        640:  51%|█████     | 52/102 [21:31<20:01, 24.04s/it]
      17/25      18.1G      0.942     0.6346      1.077        490        640:  51%|█████     | 52/102 [21:57<20:01, 24.04s/it]
      17/25      18.1G      0.942     0.6346      1.077        490        640:  52%|█████▏    | 53/102 [21:57<20:00, 24.49s/it]
      17/25      18.1G     0.9419     0.6351      1.077        528        640:  52%|█████▏    | 53/102 [22:22<20:00, 24.49s/it]
      17/25      18.1G     0.9419     0.6351      1.077        528        640:  53%|█████▎    | 54/102 [22:22<19:41, 24.62s/it]
      17/25      18.1G     0.9426     0.6356      1.077        636        640:  53%|█████▎    | 54/102 [22:47<19:41, 24.62s/it]
      17/25      18.1G     0.9426     0.6356      1.077        636        640:  54%|█████▍    | 55/102 [22:47<19:26, 24.83s/it]
      17/25      18.1G     0.9426     0.6356      1.077        524        640:  54%|█████▍    | 55/102 [23:12<19:26, 24.83s/it]
      17/25      18.1G     0.9426     0.6356      1.077        524        640:  55%|█████▍    | 56/102 [23:12<19:08, 24.96s/it]
      17/25      18.1G     0.9431      0.636      1.078        546        640:  55%|█████▍    | 56/102 [23:35<19:08, 24.96s/it]
      17/25      18.1G     0.9431      0.636      1.078        546        640:  56%|█████▌    | 57/102 [23:35<18:16, 24.36s/it]
      17/25      18.1G     0.9433      0.636      1.078        671        640:  56%|█████▌    | 57/102 [24:03<18:16, 24.36s/it]
      17/25      18.1G     0.9433      0.636      1.078        671        640:  57%|█████▋    | 58/102 [24:03<18:36, 25.38s/it]
      17/25      18.1G     0.9438     0.6367      1.078        706        640:  57%|█████▋    | 58/102 [24:24<18:36, 25.38s/it]
      17/25      18.1G     0.9438     0.6367      1.078        706        640:  58%|█████▊    | 59/102 [24:24<17:15, 24.07s/it]
      17/25      18.1G     0.9439     0.6362      1.078        592        640:  58%|█████▊    | 59/102 [24:53<17:15, 24.07s/it]
      17/25      18.1G     0.9439     0.6362      1.078        592        640:  59%|█████▉    | 60/102 [24:53<17:48, 25.43s/it]
      17/25      18.1G     0.9432     0.6364      1.077        576        640:  59%|█████▉    | 60/102 [25:12<17:48, 25.43s/it]
      17/25      18.1G     0.9432     0.6364      1.077        576        640:  60%|█████▉    | 61/102 [25:12<16:07, 23.60s/it]
      17/25      18.1G     0.9432      0.636      1.077        559        640:  60%|█████▉    | 61/102 [25:39<16:07, 23.60s/it]
      17/25      18.1G     0.9432      0.636      1.077        559        640:  61%|██████    | 62/102 [25:39<16:22, 24.57s/it]
      17/25      18.1G     0.9433     0.6361      1.076        639        640:  61%|██████    | 62/102 [26:01<16:22, 24.57s/it]
      17/25      18.1G     0.9433     0.6361      1.076        639        640:  62%|██████▏   | 63/102 [26:01<15:26, 23.76s/it]
      17/25      18.1G     0.9433     0.6364      1.077        575        640:  62%|██████▏   | 63/102 [26:29<15:26, 23.76s/it]
      17/25      18.1G     0.9433     0.6364      1.077        575        640:  63%|██████▎   | 64/102 [26:29<15:54, 25.12s/it]
      17/25      18.1G     0.9423     0.6355      1.077        491        640:  63%|██████▎   | 64/102 [26:55<15:54, 25.12s/it]
      17/25      18.1G     0.9423     0.6355      1.077        491        640:  64%|██████▎   | 65/102 [26:55<15:42, 25.47s/it]
      17/25      18.1G     0.9415      0.635      1.076        473        640:  64%|██████▎   | 65/102 [27:18<15:42, 25.47s/it]
      17/25      18.1G     0.9415      0.635      1.076        473        640:  65%|██████▍   | 66/102 [27:18<14:44, 24.57s/it]
      17/25      18.1G     0.9418     0.6345      1.076        607        640:  65%|██████▍   | 66/102 [27:45<14:44, 24.57s/it]
      17/25      18.1G     0.9418     0.6345      1.076        607        640:  66%|██████▌   | 67/102 [27:45<14:52, 25.49s/it]
      17/25      18.1G     0.9417     0.6344      1.076        598        640:  66%|██████▌   | 67/102 [28:07<14:52, 25.49s/it]
      17/25      18.1G     0.9417     0.6344      1.076        598        640:  67%|██████▋   | 68/102 [28:07<13:47, 24.34s/it]
      17/25      18.1G     0.9419     0.6348      1.075        583        640:  67%|██████▋   | 68/102 [28:36<13:47, 24.34s/it]
      17/25      18.1G     0.9419     0.6348      1.075        583        640:  68%|██████▊   | 69/102 [28:36<14:06, 25.65s/it]
      17/25      18.1G     0.9412     0.6342      1.075        583        640:  68%|██████▊   | 69/102 [28:57<14:06, 25.65s/it]
      17/25      18.1G     0.9412     0.6342      1.075        583        640:  69%|██████▊   | 70/102 [28:57<12:57, 24.31s/it]
      17/25      18.1G      0.941      0.634      1.075        575        640:  69%|██████▊   | 70/102 [29:22<12:57, 24.31s/it]
      17/25      18.1G      0.941      0.634      1.075        575        640:  70%|██████▉   | 71/102 [29:22<12:42, 24.59s/it]
      17/25      18.1G     0.9409     0.6339      1.075        648        640:  70%|██████▉   | 71/102 [29:47<12:42, 24.59s/it]
      17/25      18.1G     0.9409     0.6339      1.075        648        640:  71%|███████   | 72/102 [29:47<12:17, 24.57s/it]
      17/25      18.1G     0.9414     0.6341      1.075        612        640:  71%|███████   | 72/102 [30:07<12:17, 24.57s/it]
      17/25      18.1G     0.9414     0.6341      1.075        612        640:  72%|███████▏  | 73/102 [30:07<11:18, 23.41s/it]
      17/25      18.1G     0.9428     0.6353      1.075        596        640:  72%|███████▏  | 73/102 [30:31<11:18, 23.41s/it]
      17/25      18.1G     0.9428     0.6353      1.075        596        640:  73%|███████▎  | 74/102 [30:31<10:59, 23.54s/it]
      17/25      18.1G     0.9429     0.6351      1.075        620        640:  73%|███████▎  | 74/102 [30:52<10:59, 23.54s/it]
      17/25      18.1G     0.9429     0.6351      1.075        620        640:  74%|███████▎  | 75/102 [30:52<10:15, 22.80s/it]
      17/25      18.1G     0.9423     0.6355      1.075        471        640:  74%|███████▎  | 75/102 [31:16<10:15, 22.80s/it]
      17/25      18.1G     0.9423     0.6355      1.075        471        640:  75%|███████▍  | 76/102 [31:16<09:56, 22.93s/it]
      17/25      18.1G     0.9431     0.6358      1.075        558        640:  75%|███████▍  | 76/102 [31:40<09:56, 22.93s/it]
      17/25      18.1G     0.9431     0.6358      1.075        558        640:  75%|███████▌  | 77/102 [31:40<09:45, 23.41s/it]
      17/25      18.1G     0.9432     0.6358      1.075        566        640:  75%|███████▌  | 77/102 [32:00<09:45, 23.41s/it]
      17/25      18.1G     0.9432     0.6358      1.075        566        640:  76%|███████▋  | 78/102 [32:00<08:59, 22.48s/it]
      17/25      18.1G     0.9429     0.6356      1.076        515        640:  76%|███████▋  | 78/102 [32:26<08:59, 22.48s/it]
      17/25      18.1G     0.9429     0.6356      1.076        515        640:  77%|███████▋  | 79/102 [32:26<09:00, 23.48s/it]
      17/25      18.1G     0.9428     0.6357      1.076        530        640:  77%|███████▋  | 79/102 [32:46<09:00, 23.48s/it]
      17/25      18.1G     0.9428     0.6357      1.076        530        640:  78%|███████▊  | 80/102 [32:46<08:13, 22.43s/it]
      17/25      18.1G     0.9425     0.6355      1.076        706        640:  78%|███████▊  | 80/102 [33:13<08:13, 22.43s/it]
      17/25      18.1G     0.9425     0.6355      1.076        706        640:  79%|███████▉  | 81/102 [33:13<08:20, 23.82s/it]
      17/25      18.1G     0.9425     0.6355      1.076        577        640:  79%|███████▉  | 81/102 [33:33<08:20, 23.82s/it]
      17/25      18.1G     0.9425     0.6355      1.076        577        640:  80%|████████  | 82/102 [33:33<07:33, 22.69s/it]
      17/25      18.1G     0.9412     0.6344      1.075        444        640:  80%|████████  | 82/102 [34:00<07:33, 22.69s/it]
      17/25      18.1G     0.9412     0.6344      1.075        444        640:  81%|████████▏ | 83/102 [34:00<07:31, 23.79s/it]
      17/25      18.1G     0.9413     0.6345      1.075        659        640:  81%|████████▏ | 83/102 [34:21<07:31, 23.79s/it]
      17/25      18.1G     0.9413     0.6345      1.075        659        640:  82%|████████▏ | 84/102 [34:21<06:54, 23.04s/it]
      17/25      18.1G     0.9412     0.6345      1.075        619        640:  82%|████████▏ | 84/102 [34:45<06:54, 23.04s/it]
      17/25      18.1G     0.9412     0.6345      1.075        619        640:  83%|████████▎ | 85/102 [34:45<06:37, 23.39s/it]
      17/25      18.1G     0.9406     0.6341      1.075        508        640:  83%|████████▎ | 85/102 [35:06<06:37, 23.39s/it]
      17/25      18.1G     0.9406     0.6341      1.075        508        640:  84%|████████▍ | 86/102 [35:06<06:02, 22.68s/it]
      17/25      18.1G       0.94      0.633      1.075        569        640:  84%|████████▍ | 86/102 [35:36<06:02, 22.68s/it]
      17/25      18.1G       0.94      0.633      1.075        569        640:  85%|████████▌ | 87/102 [35:36<06:11, 24.76s/it]
      17/25      18.1G     0.9402     0.6331      1.075        625        640:  85%|████████▌ | 87/102 [35:56<06:11, 24.76s/it]
      17/25      18.1G     0.9402     0.6331      1.075        625        640:  86%|████████▋ | 88/102 [35:56<05:26, 23.31s/it]
      17/25      18.1G     0.9396     0.6329      1.075        532        640:  86%|████████▋ | 88/102 [36:20<05:26, 23.31s/it]
      17/25      18.1G     0.9396     0.6329      1.075        532        640:  87%|████████▋ | 89/102 [36:20<05:07, 23.69s/it]
      17/25      18.1G     0.9384     0.6325      1.075        450        640:  87%|████████▋ | 89/102 [36:43<05:07, 23.69s/it]
      17/25      18.1G     0.9384     0.6325      1.075        450        640:  88%|████████▊ | 90/102 [36:43<04:39, 23.28s/it]
      17/25      18.1G     0.9382     0.6318      1.075        663        640:  88%|████████▊ | 90/102 [37:06<04:39, 23.28s/it]
      17/25      18.1G     0.9382     0.6318      1.075        663        640:  89%|████████▉ | 91/102 [37:06<04:15, 23.24s/it]
      17/25      18.1G     0.9376      0.632      1.075        578        640:  89%|████████▉ | 91/102 [37:30<04:15, 23.24s/it]
      17/25      18.1G     0.9376      0.632      1.075        578        640:  90%|█████████ | 92/102 [37:30<03:56, 23.62s/it]
      17/25      18.1G     0.9386     0.6325      1.075        774        640:  90%|█████████ | 92/102 [37:51<03:56, 23.62s/it]
      17/25      18.1G     0.9386     0.6325      1.075        774        640:  91%|█████████ | 93/102 [37:51<03:25, 22.81s/it]
      17/25      18.1G      0.939      0.633      1.075        592        640:  91%|█████████ | 93/102 [38:18<03:25, 22.81s/it]
      17/25      18.1G      0.939      0.633      1.075        592        640:  92%|█████████▏| 94/102 [38:18<03:12, 24.09s/it]
      17/25      18.1G     0.9394     0.6337      1.076        598        640:  92%|█████████▏| 94/102 [38:39<03:12, 24.09s/it]
      17/25      18.1G     0.9394     0.6337      1.076        598        640:  93%|█████████▎| 95/102 [38:39<02:42, 23.22s/it]
      17/25      18.1G     0.9383      0.633      1.075        546        640:  93%|█████████▎| 95/102 [39:07<02:42, 23.22s/it]
      17/25      18.1G     0.9383      0.633      1.075        546        640:  94%|█████████▍| 96/102 [39:07<02:26, 24.42s/it]
      17/25      18.1G     0.9385     0.6333      1.075        498        640:  94%|█████████▍| 96/102 [39:28<02:26, 24.42s/it]
      17/25      18.1G     0.9385     0.6333      1.075        498        640:  95%|█████████▌| 97/102 [39:28<01:57, 23.42s/it]
      17/25      18.1G     0.9394      0.634      1.075        689        640:  95%|█████████▌| 97/102 [39:52<01:57, 23.42s/it]
      17/25      18.1G     0.9394      0.634      1.075        689        640:  96%|█████████▌| 98/102 [39:52<01:34, 23.69s/it]
      17/25      18.1G     0.9397     0.6344      1.075        545        640:  96%|█████████▌| 98/102 [40:16<01:34, 23.69s/it]
      17/25      18.1G     0.9397     0.6344      1.075        545        640:  97%|█████████▋| 99/102 [40:16<01:11, 23.68s/it]
      17/25      18.1G     0.9406     0.6345      1.076        519        640:  97%|█████████▋| 99/102 [40:39<01:11, 23.68s/it]
      17/25      18.1G     0.9406     0.6345      1.076        519        640:  98%|█████████▊| 100/102 [40:39<00:47, 23.54s/it]
      17/25      18.1G     0.9411     0.6353      1.076        529        640:  98%|█████████▊| 100/102 [41:01<00:47, 23.54s/it]
      17/25      18.1G     0.9411     0.6353      1.076        529        640:  99%|█████████▉| 101/102 [41:01<00:23, 23.05s/it]
      17/25      18.1G     0.9412     0.6348      1.076        198        640:  99%|█████████▉| 101/102 [41:05<00:23, 23.05s/it]
      17/25      18.1G     0.9412     0.6348      1.076        198        640: 100%|██████████| 102/102 [41:05<00:00, 17.44s/it]
      17/25      18.1G     0.9412     0.6348      1.076        198        640: 100%|██████████| 102/102 [41:05<00:00, 24.17s/it]

                 Class     Images  Instances      Box(P          R      mAP50  mAP50-95):   0%|          | 0/13 [00:00<?, ?it/s]
                 Class     Images  Instances      Box(P          R      mAP50  mAP50-95):   8%|▊         | 1/13 [00:00<00:03,  3.06it/s]
                 Class     Images  Instances      Box(P          R      mAP50  mAP50-95):  15%|█▌        | 2/13 [00:00<00:03,  2.94it/s]
                 Class     Images  Instances      Box(P          R      mAP50  mAP50-95):  23%|██▎       | 3/13 [00:00<00:03,  3.14it/s]
                 Class     Images  Instances      Box(P          R      mAP50  mAP50-95):  31%|███       | 4/13 [00:01<00:02,  3.21it/s]
                 Class     Images  Instances      Box(P          R      mAP50  mAP50-95):  38%|███▊      | 5/13 [02:05<05:58, 44.84s/it]
                 Class     Images  Instances      Box(P          R      mAP50  mAP50-95):  46%|████▌     | 6/13 [02:05<03:27, 29.70s/it]
                 Class     Images  Instances      Box(P          R      mAP50  mAP50-95):  54%|█████▍    | 7/13 [03:23<04:34, 45.67s/it]
                 Class     Images  Instances      Box(P          R      mAP50  mAP50-95):  62%|██████▏   | 8/13 [03:24<02:36, 31.23s/it]
                 Class     Images  Instances      Box(P          R      mAP50  mAP50-95):  69%|██████▉   | 9/13 [04:48<03:10, 47.66s/it]
                 Class     Images  Instances      Box(P          R      mAP50  mAP50-95):  77%|███████▋  | 10/13 [04:48<01:39, 33.04s/it]
                 Class     Images  Instances      Box(P          R      mAP50  mAP50-95):  85%|████████▍ | 11/13 [06:11<01:36, 48.44s/it]
                 Class     Images  Instances      Box(P          R      mAP50  mAP50-95):  92%|█████████▏| 12/13 [06:11<00:33, 33.79s/it]
                 Class     Images  Instances      Box(P          R      mAP50  mAP50-95): 100%|██████████| 13/13 [06:40<00:00, 32.33s/it]
                 Class     Images  Instances      Box(P          R      mAP50  mAP50-95): 100%|██████████| 13/13 [06:40<00:00, 30.84s/it]
                   all       1620      15401      0.677      0.505      0.546      0.338

      Epoch    GPU_mem   box_loss   cls_loss   dfl_loss  Instances       Size

  0%|          | 0/102 [00:00<?, ?it/s]
      18/25      16.3G     0.9061     0.6099      1.052        514        640:   0%|          | 0/102 [00:00<?, ?it/s]
      18/25      16.3G     0.9061     0.6099      1.052        514        640:   1%|          | 1/102 [00:00<00:18,  5.54it/s]
      18/25      16.3G     0.8912     0.6042      1.044        501        640:   1%|          | 1/102 [00:00<00:18,  5.54it/s]
      18/25      16.3G     0.8912     0.6042      1.044        501        640:   2%|▏         | 2/102 [00:00<00:21,  4.69it/s]
      18/25      16.3G     0.8802     0.5884      1.038        575        640:   2%|▏         | 2/102 [00:54<00:21,  4.69it/s]
      18/25      16.3G     0.8802     0.5884      1.038        575        640:   3%|▎         | 3/102 [00:54<40:35, 24.60s/it]
      18/25      16.3G     0.8965     0.6034      1.052        577        640:   3%|▎         | 3/102 [01:33<40:35, 24.60s/it]
      18/25      16.3G     0.8965     0.6034      1.052        577        640:   4%|▍         | 4/102 [01:33<49:54, 30.56s/it]
      18/25      16.9G     0.9014     0.6207      1.056        616        640:   4%|▍         | 4/102 [02:09<49:54, 30.56s/it]
      18/25      16.9G     0.9014     0.6207      1.056        616        640:   5%|▍         | 5/102 [02:09<52:33, 32.51s/it]
      18/25      16.9G     0.9048     0.6166      1.051        662        640:   5%|▍         | 5/102 [02:36<52:33, 32.51s/it]
      18/25      16.9G     0.9048     0.6166      1.051        662        640:   6%|▌         | 6/102 [02:36<49:03, 30.66s/it]
      18/25      16.9G      0.915     0.6241      1.057        555        640:   6%|▌         | 6/102 [02:56<49:03, 30.66s/it]
      18/25      16.9G      0.915     0.6241      1.057        555        640:   7%|▋         | 7/102 [02:56<42:52, 27.08s/it]
      18/25      17.9G     0.9174     0.6182      1.054        679        640:   7%|▋         | 7/102 [03:16<42:52, 27.08s/it]
      18/25      17.9G     0.9174     0.6182      1.054        679        640:   8%|▊         | 8/102 [03:16<38:44, 24.73s/it]
      18/25      17.9G     0.9171     0.6184      1.055        481        640:   8%|▊         | 8/102 [03:37<38:44, 24.73s/it]
      18/25      17.9G     0.9171     0.6184      1.055        481        640:   9%|▉         | 9/102 [03:37<36:34, 23.60s/it]
      18/25      17.9G     0.9141     0.6108      1.054        532        640:   9%|▉         | 9/102 [03:57<36:34, 23.60s/it]
      18/25      17.9G     0.9141     0.6108      1.054        532        640:  10%|▉         | 10/102 [03:57<34:45, 22.67s/it]
      18/25      17.9G     0.9158     0.6126      1.056        604        640:  10%|▉         | 10/102 [04:19<34:45, 22.67s/it]
      18/25      17.9G     0.9158     0.6126      1.056        604        640:  11%|█         | 11/102 [04:19<33:59, 22.42s/it]
      18/25      17.9G     0.9135     0.6114      1.054        514        640:  11%|█         | 11/102 [04:43<33:59, 22.42s/it]
      18/25      17.9G     0.9135     0.6114      1.054        514        640:  12%|█▏        | 12/102 [04:43<34:14, 22.82s/it]
      18/25      17.9G     0.9112     0.6114      1.054        597        640:  12%|█▏        | 12/102 [05:06<34:14, 22.82s/it]
      18/25      17.9G     0.9112     0.6114      1.054        597        640:  13%|█▎        | 13/102 [05:06<33:58, 22.91s/it]
      18/25      17.9G     0.9134     0.6127      1.056        603        640:  13%|█▎        | 13/102 [05:27<33:58, 22.91s/it]
      18/25      17.9G     0.9134     0.6127      1.056        603        640:  14%|█▎        | 14/102 [05:27<32:50, 22.39s/it]
      18/25      17.9G     0.9168     0.6145      1.058        639        640:  14%|█▎        | 14/102 [05:51<32:50, 22.39s/it]
      18/25      17.9G     0.9168     0.6145      1.058        639        640:  15%|█▍        | 15/102 [05:51<33:11, 22.89s/it]
      18/25      17.9G     0.9195     0.6134      1.056        665        640:  15%|█▍        | 15/102 [06:14<33:11, 22.89s/it]
      18/25      17.9G     0.9195     0.6134      1.056        665        640:  16%|█▌        | 16/102 [06:14<32:42, 22.82s/it]
      18/25      17.9G     0.9199     0.6123      1.057        664        640:  16%|█▌        | 16/102 [06:36<32:42, 22.82s/it]
      18/25      17.9G     0.9199     0.6123      1.057        664        640:  17%|█▋        | 17/102 [06:36<31:59, 22.58s/it]
      18/25      17.9G     0.9192      0.613      1.057        614        640:  17%|█▋        | 17/102 [06:57<31:59, 22.58s/it]
      18/25      17.9G     0.9192      0.613      1.057        614        640:  18%|█▊        | 18/102 [06:57<30:52, 22.05s/it]
      18/25      17.9G     0.9212     0.6127      1.059        531        640:  18%|█▊        | 18/102 [07:18<30:52, 22.05s/it]
      18/25      17.9G     0.9212     0.6127      1.059        531        640:  19%|█▊        | 19/102 [07:18<30:02, 21.72s/it]
      18/25      17.9G     0.9246     0.6165       1.06        549        640:  19%|█▊        | 19/102 [07:41<30:02, 21.72s/it]
      18/25      17.9G     0.9246     0.6165       1.06        549        640:  20%|█▉        | 20/102 [07:41<30:25, 22.26s/it]
      18/25      17.9G     0.9226     0.6151       1.06        535        640:  20%|█▉        | 20/102 [08:04<30:25, 22.26s/it]
      18/25      17.9G     0.9226     0.6151       1.06        535        640:  21%|██        | 21/102 [08:04<30:07, 22.32s/it]
      18/25      17.9G     0.9214     0.6129       1.06        589        640:  21%|██        | 21/102 [08:25<30:07, 22.32s/it]
      18/25      17.9G     0.9214     0.6129       1.06        589        640:  22%|██▏       | 22/102 [08:25<29:14, 21.93s/it]
      18/25      17.9G     0.9245     0.6146      1.061        580        640:  22%|██▏       | 22/102 [08:44<29:14, 21.93s/it]
      18/25      17.9G     0.9245     0.6146      1.061        580        640:  23%|██▎       | 23/102 [08:44<27:40, 21.02s/it]
      18/25      17.9G     0.9268     0.6133       1.06        715        640:  23%|██▎       | 23/102 [09:05<27:40, 21.02s/it]
      18/25      17.9G     0.9268     0.6133       1.06        715        640:  24%|██▎       | 24/102 [09:05<27:29, 21.15s/it]
      18/25      17.9G     0.9278     0.6135      1.059        660        640:  24%|██▎       | 24/102 [09:27<27:29, 21.15s/it]
      18/25      17.9G     0.9278     0.6135      1.059        660        640:  25%|██▍       | 25/102 [09:27<27:27, 21.40s/it]
      18/25      17.9G     0.9256     0.6125      1.057        541        640:  25%|██▍       | 25/102 [09:49<27:27, 21.40s/it]
      18/25      17.9G     0.9256     0.6125      1.057        541        640:  25%|██▌       | 26/102 [09:49<27:18, 21.57s/it]
      18/25      17.9G     0.9259     0.6142      1.059        523        640:  25%|██▌       | 26/102 [10:11<27:18, 21.57s/it]
      18/25      17.9G     0.9259     0.6142      1.059        523        640:  26%|██▋       | 27/102 [10:11<26:55, 21.54s/it]
      18/25      17.9G     0.9247     0.6126      1.058        631        640:  26%|██▋       | 27/102 [10:33<26:55, 21.54s/it]
      18/25      17.9G     0.9247     0.6126      1.058        631        640:  27%|██▋       | 28/102 [10:33<26:45, 21.70s/it]
      18/25      17.9G     0.9247     0.6133      1.057        687        640:  27%|██▋       | 28/102 [10:54<26:45, 21.70s/it]
      18/25      17.9G     0.9247     0.6133      1.057        687        640:  28%|██▊       | 29/102 [10:54<26:23, 21.69s/it]
      18/25      17.9G     0.9264     0.6136      1.057        572        640:  28%|██▊       | 29/102 [11:17<26:23, 21.69s/it]
      18/25      17.9G     0.9264     0.6136      1.057        572        640:  29%|██▉       | 30/102 [11:17<26:32, 22.12s/it]
      18/25      17.9G     0.9251      0.612      1.057        563        640:  29%|██▉       | 30/102 [11:39<26:32, 22.12s/it]
      18/25      17.9G     0.9251      0.612      1.057        563        640:  30%|███       | 31/102 [11:39<26:02, 22.01s/it]
      18/25      17.9G     0.9247     0.6124      1.057        571        640:  30%|███       | 31/102 [12:00<26:02, 22.01s/it]
      18/25      17.9G     0.9247     0.6124      1.057        571        640:  31%|███▏      | 32/102 [12:00<25:19, 21.71s/it]
      18/25      17.9G     0.9235     0.6115      1.057        506        640:  31%|███▏      | 32/102 [12:21<25:19, 21.71s/it]
      18/25      17.9G     0.9235     0.6115      1.057        506        640:  32%|███▏      | 33/102 [12:21<24:30, 21.31s/it]
      18/25      17.9G     0.9234     0.6111      1.058        541        640:  32%|███▏      | 33/102 [12:42<24:30, 21.31s/it]
      18/25      17.9G     0.9234     0.6111      1.058        541        640:  33%|███▎      | 34/102 [12:42<24:07, 21.29s/it]
      18/25      17.9G     0.9236      0.611      1.059        540        640:  33%|███▎      | 34/102 [13:04<24:07, 21.29s/it]
      18/25      17.9G     0.9236      0.611      1.059        540        640:  34%|███▍      | 35/102 [13:04<24:00, 21.49s/it]
      18/25      17.9G     0.9235     0.6112       1.06        574        640:  34%|███▍      | 35/102 [13:27<24:00, 21.49s/it]
      18/25      17.9G     0.9235     0.6112       1.06        574        640:  35%|███▌      | 36/102 [13:27<24:16, 22.07s/it]
      18/25      17.9G      0.922     0.6101      1.059        605        640:  35%|███▌      | 36/102 [13:49<24:16, 22.07s/it]
      18/25      17.9G      0.922     0.6101      1.059        605        640:  36%|███▋      | 37/102 [13:49<23:46, 21.94s/it]
      18/25      17.9G     0.9227     0.6109      1.059        647        640:  36%|███▋      | 37/102 [14:10<23:46, 21.94s/it]
      18/25      17.9G     0.9227     0.6109      1.059        647        640:  37%|███▋      | 38/102 [14:10<23:17, 21.84s/it]
      18/25      17.9G     0.9237     0.6108      1.058        652        640:  37%|███▋      | 38/102 [14:32<23:17, 21.84s/it]
      18/25      17.9G     0.9237     0.6108      1.058        652        640:  38%|███▊      | 39/102 [14:32<22:58, 21.89s/it]
      18/25      17.9G     0.9242     0.6106      1.058        647        640:  38%|███▊      | 39/102 [14:54<22:58, 21.89s/it]
      18/25      17.9G     0.9242     0.6106      1.058        647        640:  39%|███▉      | 40/102 [14:54<22:38, 21.91s/it]
      18/25      17.9G     0.9231     0.6104      1.058        640        640:  39%|███▉      | 40/102 [15:18<22:38, 21.91s/it]
      18/25      17.9G     0.9231     0.6104      1.058        640        640:  40%|████      | 41/102 [15:18<22:54, 22.54s/it]
      18/25      17.9G     0.9227     0.6101      1.057        583        640:  40%|████      | 41/102 [15:40<22:54, 22.54s/it]
      18/25      17.9G     0.9227     0.6101      1.057        583        640:  41%|████      | 42/102 [15:40<22:16, 22.27s/it]
      18/25      17.9G     0.9235     0.6104      1.058        555        640:  41%|████      | 42/102 [16:02<22:16, 22.27s/it]
      18/25      17.9G     0.9235     0.6104      1.058        555        640:  42%|████▏     | 43/102 [16:02<21:48, 22.18s/it]
      18/25      17.9G     0.9225     0.6099      1.058        667        640:  42%|████▏     | 43/102 [16:24<21:48, 22.18s/it]
      18/25      17.9G     0.9225     0.6099      1.058        667        640:  43%|████▎     | 44/102 [16:24<21:29, 22.24s/it]
      18/25      17.9G     0.9229     0.6103      1.058        593        640:  43%|████▎     | 44/102 [16:47<21:29, 22.24s/it]
      18/25      17.9G     0.9229     0.6103      1.058        593        640:  44%|████▍     | 45/102 [16:47<21:18, 22.43s/it]
      18/25      17.9G     0.9233     0.6116      1.058        557        640:  44%|████▍     | 45/102 [17:10<21:18, 22.43s/it]
      18/25      17.9G     0.9233     0.6116      1.058        557        640:  45%|████▌     | 46/102 [17:10<21:03, 22.56s/it]
      18/25      17.9G     0.9237     0.6122      1.058        556        640:  45%|████▌     | 46/102 [17:30<21:03, 22.56s/it]
      18/25      17.9G     0.9237     0.6122      1.058        556        640:  46%|████▌     | 47/102 [17:30<19:53, 21.70s/it]
      18/25      17.9G     0.9239      0.613      1.058        627        640:  46%|████▌     | 47/102 [17:52<19:53, 21.70s/it]
      18/25      17.9G     0.9239      0.613      1.058        627        640:  47%|████▋     | 48/102 [17:52<19:46, 21.97s/it]
      18/25      17.9G     0.9233     0.6127      1.058        586        640:  47%|████▋     | 48/102 [18:12<19:46, 21.97s/it]
      18/25      17.9G     0.9233     0.6127      1.058        586        640:  48%|████▊     | 49/102 [18:12<18:49, 21.31s/it]
      18/25      17.9G     0.9236     0.6132      1.057        686        640:  48%|████▊     | 49/102 [18:31<18:49, 21.31s/it]
      18/25      17.9G     0.9236     0.6132      1.057        686        640:  49%|████▉     | 50/102 [18:31<17:52, 20.63s/it]
      18/25      17.9G     0.9234     0.6135      1.058        532        640:  49%|████▉     | 50/102 [18:53<17:52, 20.63s/it]
      18/25      17.9G     0.9234     0.6135      1.058        532        640:  50%|█████     | 51/102 [18:53<17:45, 20.90s/it]
      18/25      17.9G      0.924     0.6138      1.059        574        640:  50%|█████     | 51/102 [19:13<17:45, 20.90s/it]
      18/25      17.9G      0.924     0.6138      1.059        574        640:  51%|█████     | 52/102 [19:13<17:21, 20.83s/it]
      18/25      17.9G     0.9247     0.6137      1.059        694        640:  51%|█████     | 52/102 [19:33<17:21, 20.83s/it]
      18/25      17.9G     0.9247     0.6137      1.059        694        640:  52%|█████▏    | 53/102 [19:33<16:49, 20.60s/it]
      18/25      17.9G     0.9239     0.6125      1.058        515        640:  52%|█████▏    | 53/102 [19:55<16:49, 20.60s/it]
      18/25      17.9G     0.9239     0.6125      1.058        515        640:  53%|█████▎    | 54/102 [19:55<16:42, 20.89s/it]
      18/25      17.9G     0.9233     0.6122      1.058        544        640:  53%|█████▎    | 54/102 [20:18<16:42, 20.89s/it]
      18/25      17.9G     0.9233     0.6122      1.058        544        640:  54%|█████▍    | 55/102 [20:18<16:46, 21.41s/it]
      18/25      17.9G     0.9232     0.6126      1.058        584        640:  54%|█████▍    | 55/102 [20:40<16:46, 21.41s/it]
      18/25      17.9G     0.9232     0.6126      1.058        584        640:  55%|█████▍    | 56/102 [20:40<16:40, 21.76s/it]
      18/25      17.9G     0.9247     0.6132      1.059        687        640:  55%|█████▍    | 56/102 [21:03<16:40, 21.76s/it]
      18/25      17.9G     0.9247     0.6132      1.059        687        640:  56%|█████▌    | 57/102 [21:03<16:33, 22.07s/it]
      18/25      17.9G     0.9255     0.6147      1.059        522        640:  56%|█████▌    | 57/102 [21:25<16:33, 22.07s/it]
      18/25      17.9G     0.9255     0.6147      1.059        522        640:  57%|█████▋    | 58/102 [21:25<16:10, 22.05s/it]
      18/25      17.9G     0.9249     0.6146      1.059        582        640:  57%|█████▋    | 58/102 [21:47<16:10, 22.05s/it]
      18/25      17.9G     0.9249     0.6146      1.059        582        640:  58%|█████▊    | 59/102 [21:47<15:47, 22.04s/it]
      18/25      17.9G     0.9245      0.614      1.058        592        640:  58%|█████▊    | 59/102 [22:09<15:47, 22.04s/it]
      18/25      17.9G     0.9245      0.614      1.058        592        640:  59%|█████▉    | 60/102 [22:09<15:25, 22.04s/it]
      18/25      17.9G     0.9245     0.6139      1.059        562        640:  59%|█████▉    | 60/102 [22:31<15:25, 22.04s/it]
      18/25      17.9G     0.9245     0.6139      1.059        562        640:  60%|█████▉    | 61/102 [22:31<15:02, 22.02s/it]
      18/25      17.9G     0.9245     0.6141      1.059        579        640:  60%|█████▉    | 61/102 [22:53<15:02, 22.02s/it]
      18/25      17.9G     0.9245     0.6141      1.059        579        640:  61%|██████    | 62/102 [22:53<14:42, 22.07s/it]
      18/25      17.9G     0.9253     0.6145      1.059        556        640:  61%|██████    | 62/102 [23:15<14:42, 22.07s/it]
      18/25      17.9G     0.9253     0.6145      1.059        556        640:  62%|██████▏   | 63/102 [23:15<14:22, 22.12s/it]
      18/25      17.9G     0.9251     0.6145      1.059        510        640:  62%|██████▏   | 63/102 [23:38<14:22, 22.12s/it]
      18/25      17.9G     0.9251     0.6145      1.059        510        640:  63%|██████▎   | 64/102 [23:38<14:09, 22.35s/it]
      18/25      17.9G     0.9249     0.6142      1.059        488        640:  63%|██████▎   | 64/102 [24:00<14:09, 22.35s/it]
      18/25      17.9G     0.9249     0.6142      1.059        488        640:  64%|██████▎   | 65/102 [24:00<13:41, 22.21s/it]
      18/25      17.9G      0.924     0.6137      1.059        534        640:  64%|██████▎   | 65/102 [24:22<13:41, 22.21s/it]
      18/25      17.9G      0.924     0.6137      1.059        534        640:  65%|██████▍   | 66/102 [24:22<13:19, 22.20s/it]
      18/25      17.9G     0.9247      0.614       1.06        604        640:  65%|██████▍   | 66/102 [24:44<13:19, 22.20s/it]
      18/25      17.9G     0.9247      0.614       1.06        604        640:  66%|██████▌   | 67/102 [24:44<12:55, 22.14s/it]
      18/25      17.9G     0.9247     0.6139      1.061        589        640:  66%|██████▌   | 67/102 [25:06<12:55, 22.14s/it]
      18/25      17.9G     0.9247     0.6139      1.061        589        640:  67%|██████▋   | 68/102 [25:06<12:29, 22.06s/it]
      18/25      17.9G     0.9251      0.614      1.061        548        640:  67%|██████▋   | 68/102 [25:27<12:29, 22.06s/it]
      18/25      17.9G     0.9251      0.614      1.061        548        640:  68%|██████▊   | 69/102 [25:27<11:58, 21.79s/it]
      18/25      17.9G     0.9244     0.6134      1.061        616        640:  68%|██████▊   | 69/102 [25:49<11:58, 21.79s/it]
      18/25      17.9G     0.9244     0.6134      1.061        616        640:  69%|██████▊   | 70/102 [25:49<11:38, 21.84s/it]
      18/25      17.9G      0.925     0.6141      1.061        601        640:  69%|██████▊   | 70/102 [26:13<11:38, 21.84s/it]
      18/25      17.9G      0.925     0.6141      1.061        601        640:  70%|██████▉   | 71/102 [26:13<11:36, 22.46s/it]
      18/25      17.9G     0.9253     0.6144      1.062        553        640:  70%|██████▉   | 71/102 [26:35<11:36, 22.46s/it]
      18/25      17.9G     0.9253     0.6144      1.062        553        640:  71%|███████   | 72/102 [26:35<11:04, 22.15s/it]
      18/25      17.9G     0.9246     0.6139      1.062        640        640:  71%|███████   | 72/102 [26:58<11:04, 22.15s/it]
      18/25      17.9G     0.9246     0.6139      1.062        640        640:  72%|███████▏  | 73/102 [26:58<10:48, 22.37s/it]
      18/25      17.9G     0.9247      0.614      1.062        611        640:  72%|███████▏  | 73/102 [27:20<10:48, 22.37s/it]
      18/25      17.9G     0.9247      0.614      1.062        611        640:  73%|███████▎  | 74/102 [27:20<10:25, 22.32s/it]
      18/25      17.9G     0.9266     0.6152      1.062        763        640:  73%|███████▎  | 74/102 [27:41<10:25, 22.32s/it]
      18/25      17.9G     0.9266     0.6152      1.062        763        640:  74%|███████▎  | 75/102 [27:41<09:52, 21.96s/it]
      18/25      17.9G     0.9267     0.6155      1.062        588        640:  74%|███████▎  | 75/102 [28:01<09:52, 21.96s/it]
      18/25      17.9G     0.9267     0.6155      1.062        588        640:  75%|███████▍  | 76/102 [28:01<09:14, 21.34s/it]
      18/25      17.9G     0.9259     0.6148      1.062        579        640:  75%|███████▍  | 76/102 [28:22<09:14, 21.34s/it]
      18/25      17.9G     0.9259     0.6148      1.062        579        640:  75%|███████▌  | 77/102 [28:22<08:54, 21.37s/it]
      18/25      17.9G      0.926     0.6152      1.062        557        640:  75%|███████▌  | 77/102 [28:44<08:54, 21.37s/it]
      18/25      17.9G      0.926     0.6152      1.062        557        640:  76%|███████▋  | 78/102 [28:44<08:38, 21.59s/it]
      18/25      17.9G     0.9263      0.616      1.062        562        640:  76%|███████▋  | 78/102 [29:07<08:38, 21.59s/it]
      18/25      17.9G     0.9263      0.616      1.062        562        640:  77%|███████▋  | 79/102 [29:07<08:22, 21.85s/it]
      18/25      17.9G     0.9258     0.6159      1.062        511        640:  77%|███████▋  | 79/102 [29:29<08:22, 21.85s/it]
      18/25      17.9G     0.9258     0.6159      1.062        511        640:  78%|███████▊  | 80/102 [29:29<08:03, 21.96s/it]
      18/25      17.9G     0.9251     0.6153      1.062        516        640:  78%|███████▊  | 80/102 [29:50<08:03, 21.96s/it]
      18/25      17.9G     0.9251     0.6153      1.062        516        640:  79%|███████▉  | 81/102 [29:50<07:36, 21.72s/it]
      18/25      17.9G     0.9244     0.6146      1.062        614        640:  79%|███████▉  | 81/102 [30:11<07:36, 21.72s/it]
      18/25      17.9G     0.9244     0.6146      1.062        614        640:  80%|████████  | 82/102 [30:11<07:06, 21.32s/it]
      18/25      17.9G     0.9246      0.615      1.063        667        640:  80%|████████  | 82/102 [30:33<07:06, 21.32s/it]
      18/25      17.9G     0.9246      0.615      1.063        667        640:  81%|████████▏ | 83/102 [30:33<06:50, 21.58s/it]
      18/25      17.9G     0.9242     0.6147      1.063        579        640:  81%|████████▏ | 83/102 [30:54<06:50, 21.58s/it]
      18/25      17.9G     0.9242     0.6147      1.063        579        640:  82%|████████▏ | 84/102 [30:54<06:28, 21.60s/it]
      18/25      17.9G     0.9244     0.6144      1.063        564        640:  82%|████████▏ | 84/102 [31:18<06:28, 21.60s/it]
      18/25      17.9G     0.9244     0.6144      1.063        564        640:  83%|████████▎ | 85/102 [31:18<06:15, 22.11s/it]
      18/25      17.9G      0.925     0.6147      1.063        650        640:  83%|████████▎ | 85/102 [31:41<06:15, 22.11s/it]
      18/25      17.9G      0.925     0.6147      1.063        650        640:  84%|████████▍ | 86/102 [31:41<05:59, 22.47s/it]
      18/25      17.9G     0.9249     0.6142      1.063        537        640:  84%|████████▍ | 86/102 [32:03<05:59, 22.47s/it]
      18/25      17.9G     0.9249     0.6142      1.063        537        640:  85%|████████▌ | 87/102 [32:03<05:36, 22.43s/it]
      18/25      17.9G      0.925     0.6138      1.063        593        640:  85%|████████▌ | 87/102 [32:25<05:36, 22.43s/it]
      18/25      17.9G      0.925     0.6138      1.063        593        640:  86%|████████▋ | 88/102 [32:25<05:12, 22.34s/it]
      18/25      17.9G     0.9251     0.6135      1.064        561        640:  86%|████████▋ | 88/102 [32:48<05:12, 22.34s/it]
      18/25      17.9G     0.9251     0.6135      1.064        561        640:  87%|████████▋ | 89/102 [32:48<04:49, 22.31s/it]
      18/25      17.9G     0.9253     0.6135      1.064        565        640:  87%|████████▋ | 89/102 [33:11<04:49, 22.31s/it]
      18/25      17.9G     0.9253     0.6135      1.064        565        640:  88%|████████▊ | 90/102 [33:11<04:29, 22.48s/it]
      18/25      17.9G     0.9252     0.6133      1.064        571        640:  88%|████████▊ | 90/102 [33:32<04:29, 22.48s/it]
      18/25      17.9G     0.9252     0.6133      1.064        571        640:  89%|████████▉ | 91/102 [33:32<04:04, 22.24s/it]
      18/25      17.9G     0.9249     0.6129      1.064        574        640:  89%|████████▉ | 91/102 [33:53<04:04, 22.24s/it]
      18/25      17.9G     0.9249     0.6129      1.064        574        640:  90%|█████████ | 92/102 [33:53<03:37, 21.78s/it]
      18/25      17.9G     0.9248     0.6126      1.064        557        640:  90%|█████████ | 92/102 [34:17<03:37, 21.78s/it]
      18/25      17.9G     0.9248     0.6126      1.064        557        640:  91%|█████████ | 93/102 [34:17<03:21, 22.44s/it]
      18/25      17.9G     0.9247     0.6124      1.064        592        640:  91%|█████████ | 93/102 [34:39<03:21, 22.44s/it]
      18/25      17.9G     0.9247     0.6124      1.064        592        640:  92%|█████████▏| 94/102 [34:39<02:59, 22.42s/it]
      18/25      17.9G     0.9247     0.6126      1.064        554        640:  92%|█████████▏| 94/102 [35:01<02:59, 22.42s/it]
      18/25      17.9G     0.9247     0.6126      1.064        554        640:  93%|█████████▎| 95/102 [35:01<02:36, 22.29s/it]
      18/25      17.9G     0.9246     0.6127      1.064        486        640:  93%|█████████▎| 95/102 [35:24<02:36, 22.29s/it]
      18/25      17.9G     0.9246     0.6127      1.064        486        640:  94%|█████████▍| 96/102 [35:24<02:14, 22.42s/it]
      18/25      17.9G     0.9244     0.6126      1.065        581        640:  94%|█████████▍| 96/102 [35:47<02:14, 22.42s/it]
      18/25      17.9G     0.9244     0.6126      1.065        581        640:  95%|█████████▌| 97/102 [35:47<01:52, 22.57s/it]
      18/25      17.9G     0.9258     0.6137      1.065        635        640:  95%|█████████▌| 97/102 [36:09<01:52, 22.57s/it]
      18/25      17.9G     0.9258     0.6137      1.065        635        640:  96%|█████████▌| 98/102 [36:09<01:29, 22.46s/it]
      18/25      17.9G     0.9251     0.6135      1.065        495        640:  96%|█████████▌| 98/102 [36:32<01:29, 22.46s/it]
      18/25      17.9G     0.9251     0.6135      1.065        495        640:  97%|█████████▋| 99/102 [36:32<01:07, 22.53s/it]
      18/25      17.9G     0.9247     0.6132      1.065        553        640:  97%|█████████▋| 99/102 [36:54<01:07, 22.53s/it]
      18/25      17.9G     0.9247     0.6132      1.065        553        640:  98%|█████████▊| 100/102 [36:54<00:44, 22.37s/it]
      18/25      17.9G     0.9246      0.613      1.065        537        640:  98%|█████████▊| 100/102 [37:16<00:44, 22.37s/it]
      18/25      17.9G     0.9246      0.613      1.065        537        640:  99%|█████████▉| 101/102 [37:16<00:22, 22.33s/it]
      18/25      17.9G     0.9256     0.6133      1.066        119        640:  99%|█████████▉| 101/102 [37:22<00:22, 22.33s/it]
      18/25      17.9G     0.9256     0.6133      1.066        119        640: 100%|██████████| 102/102 [37:22<00:00, 17.38s/it]
      18/25      17.9G     0.9256     0.6133      1.066        119        640: 100%|██████████| 102/102 [37:22<00:00, 21.98s/it]

                 Class     Images  Instances      Box(P          R      mAP50  mAP50-95):   0%|          | 0/13 [00:00<?, ?it/s]
                 Class     Images  Instances      Box(P          R      mAP50  mAP50-95):   8%|▊         | 1/13 [00:00<00:03,  3.08it/s]
                 Class     Images  Instances      Box(P          R      mAP50  mAP50-95):  15%|█▌        | 2/13 [00:00<00:03,  3.12it/s]
                 Class     Images  Instances      Box(P          R      mAP50  mAP50-95):  23%|██▎       | 3/13 [00:00<00:03,  3.28it/s]
                 Class     Images  Instances      Box(P          R      mAP50  mAP50-95):  31%|███       | 4/13 [00:01<00:02,  3.30it/s]
                 Class     Images  Instances      Box(P          R      mAP50  mAP50-95):  38%|███▊      | 5/13 [02:09<06:11, 46.45s/it]
                 Class     Images  Instances      Box(P          R      mAP50  mAP50-95):  46%|████▌     | 6/13 [02:09<03:35, 30.76s/it]
                 Class     Images  Instances      Box(P          R      mAP50  mAP50-95):  54%|█████▍    | 7/13 [03:29<04:41, 46.89s/it]
                 Class     Images  Instances      Box(P          R      mAP50  mAP50-95):  62%|██████▏   | 8/13 [03:30<02:40, 32.07s/it]
                 Class     Images  Instances      Box(P          R      mAP50  mAP50-95):  69%|██████▉   | 9/13 [04:58<03:18, 49.63s/it]
                 Class     Images  Instances      Box(P          R      mAP50  mAP50-95):  77%|███████▋  | 10/13 [04:58<01:43, 34.39s/it]
                 Class     Images  Instances      Box(P          R      mAP50  mAP50-95):  85%|████████▍ | 11/13 [06:26<01:41, 50.59s/it]
                 Class     Images  Instances      Box(P          R      mAP50  mAP50-95):  92%|█████████▏| 12/13 [06:26<00:35, 35.29s/it]
                 Class     Images  Instances      Box(P          R      mAP50  mAP50-95): 100%|██████████| 13/13 [06:57<00:00, 33.92s/it]
                 Class     Images  Instances      Box(P          R      mAP50  mAP50-95): 100%|██████████| 13/13 [06:57<00:00, 32.09s/it]
                   all       1620      15401      0.723      0.504      0.556      0.347

      Epoch    GPU_mem   box_loss   cls_loss   dfl_loss  Instances       Size

  0%|          | 0/102 [00:00<?, ?it/s]
      19/25      16.5G     0.8921     0.6134      1.044        632        640:   0%|          | 0/102 [00:00<?, ?it/s]
      19/25      16.5G     0.8921     0.6134      1.044        632        640:   1%|          | 1/102 [00:00<00:18,  5.37it/s]
      19/25      16.5G     0.8612     0.5892      1.044        470        640:   1%|          | 1/102 [00:00<00:18,  5.37it/s]
      19/25      16.5G     0.8612     0.5892      1.044        470        640:   2%|▏         | 2/102 [00:00<00:18,  5.45it/s]
      19/25      16.5G     0.8577     0.5872      1.053        552        640:   2%|▏         | 2/102 [00:58<00:18,  5.45it/s]
      19/25      16.5G     0.8577     0.5872      1.053        552        640:   3%|▎         | 3/102 [00:58<43:50, 26.57s/it]
      19/25      16.5G     0.8634     0.5786      1.053        579        640:   3%|▎         | 3/102 [01:34<43:50, 26.57s/it]
      19/25      16.5G     0.8634     0.5786      1.053        579        640:   4%|▍         | 4/102 [01:34<49:34, 30.35s/it]
      19/25      16.5G     0.8713     0.5823      1.058        590        640:   4%|▍         | 4/102 [02:11<49:34, 30.35s/it]
      19/25      16.5G     0.8713     0.5823      1.058        590        640:   5%|▍         | 5/102 [02:11<53:06, 32.85s/it]
      19/25      16.5G     0.8759     0.5791      1.057        597        640:   5%|▍         | 5/102 [02:38<53:06, 32.85s/it]
      19/25      16.5G     0.8759     0.5791      1.057        597        640:   6%|▌         | 6/102 [02:38<49:06, 30.69s/it]
      19/25      16.5G     0.8816     0.5787      1.052        623        640:   6%|▌         | 6/102 [02:59<49:06, 30.69s/it]
      19/25      16.5G     0.8816     0.5787      1.052        623        640:   7%|▋         | 7/102 [02:59<43:33, 27.51s/it]
      19/25      16.5G     0.8873     0.5834      1.053        559        640:   7%|▋         | 7/102 [03:19<43:33, 27.51s/it]
      19/25      16.5G     0.8873     0.5834      1.053        559        640:   8%|▊         | 8/102 [03:19<39:32, 25.24s/it]
      19/25      16.5G     0.8842     0.5776      1.053        509        640:   8%|▊         | 8/102 [03:40<39:32, 25.24s/it]
      19/25      16.5G     0.8842     0.5776      1.053        509        640:   9%|▉         | 9/102 [03:40<37:08, 23.96s/it]
      19/25      17.1G     0.8899     0.5783      1.053        739        640:   9%|▉         | 9/102 [04:02<37:08, 23.96s/it]
      19/25      17.1G     0.8899     0.5783      1.053        739        640:  10%|▉         | 10/102 [04:02<35:29, 23.15s/it]
      19/25      17.1G     0.8882      0.579      1.051        494        640:  10%|▉         | 10/102 [04:21<35:29, 23.15s/it]
      19/25      17.1G     0.8882      0.579      1.051        494        640:  11%|█         | 11/102 [04:21<33:28, 22.07s/it]
      19/25      17.1G     0.8875     0.5811      1.052        489        640:  11%|█         | 11/102 [04:41<33:28, 22.07s/it]
      19/25      17.1G     0.8875     0.5811      1.052        489        640:  12%|█▏        | 12/102 [04:41<32:05, 21.40s/it]
      19/25      17.1G     0.8875     0.5823      1.052        599        640:  12%|█▏        | 12/102 [05:03<32:05, 21.40s/it]
      19/25      17.1G     0.8875     0.5823      1.052        599        640:  13%|█▎        | 13/102 [05:03<32:03, 21.61s/it]
      19/25      17.1G     0.8885     0.5803      1.053        571        640:  13%|█▎        | 13/102 [05:24<32:03, 21.61s/it]
      19/25      17.1G     0.8885     0.5803      1.053        571        640:  14%|█▎        | 14/102 [05:24<31:26, 21.44s/it]
      19/25      17.1G     0.8893     0.5824      1.054        553        640:  14%|█▎        | 14/102 [05:46<31:26, 21.44s/it]
      19/25      17.1G     0.8893     0.5824      1.054        553        640:  15%|█▍        | 15/102 [05:46<31:05, 21.44s/it]
      19/25      17.1G     0.8839     0.5787      1.053        482        640:  15%|█▍        | 15/102 [06:07<31:05, 21.44s/it]
      19/25      17.1G     0.8839     0.5787      1.053        482        640:  16%|█▌        | 16/102 [06:07<30:37, 21.36s/it]
      19/25      17.1G     0.8837     0.5762      1.053        598        640:  16%|█▌        | 16/102 [06:30<30:37, 21.36s/it]
      19/25      17.1G     0.8837     0.5762      1.053        598        640:  17%|█▋        | 17/102 [06:30<30:54, 21.81s/it]
      19/25      17.1G     0.8844     0.5797      1.053        560        640:  17%|█▋        | 17/102 [06:50<30:54, 21.81s/it]
      19/25      17.1G     0.8844     0.5797      1.053        560        640:  18%|█▊        | 18/102 [06:50<29:50, 21.32s/it]
      19/25      17.1G     0.8856     0.5786      1.054        605        640:  18%|█▊        | 18/102 [07:15<29:50, 21.32s/it]
      19/25      17.1G     0.8856     0.5786      1.054        605        640:  19%|█▊        | 19/102 [07:15<30:53, 22.33s/it]
      19/25      17.1G     0.8867     0.5784      1.055        603        640:  19%|█▊        | 19/102 [07:37<30:53, 22.33s/it]
      19/25      17.1G     0.8867     0.5784      1.055        603        640:  20%|█▉        | 20/102 [07:37<30:37, 22.41s/it]
      19/25      17.1G     0.8875      0.579      1.056        518        640:  20%|█▉        | 20/102 [07:58<30:37, 22.41s/it]
      19/25      17.1G     0.8875      0.579      1.056        518        640:  21%|██        | 21/102 [07:58<29:41, 21.99s/it]
      19/25      17.1G     0.8911     0.5788      1.058        574        640:  21%|██        | 21/102 [08:21<29:41, 21.99s/it]
      19/25      17.1G     0.8911     0.5788      1.058        574        640:  22%|██▏       | 22/102 [08:21<29:50, 22.38s/it]
      19/25      17.1G     0.8939     0.5811      1.059        678        640:  22%|██▏       | 22/102 [08:44<29:50, 22.38s/it]
      19/25      17.1G     0.8939     0.5811      1.059        678        640:  23%|██▎       | 23/102 [08:44<29:30, 22.41s/it]
      19/25      17.1G     0.8926     0.5816      1.059        435        640:  23%|██▎       | 23/102 [09:05<29:30, 22.41s/it]
      19/25      17.1G     0.8926     0.5816      1.059        435        640:  24%|██▎       | 24/102 [09:05<28:39, 22.04s/it]
      19/25      17.1G     0.8974     0.5842       1.06        679        640:  24%|██▎       | 24/102 [09:28<28:39, 22.04s/it]
      19/25      17.1G     0.8974     0.5842       1.06        679        640:  25%|██▍       | 25/102 [09:28<28:28, 22.18s/it]
      19/25      17.1G     0.8971     0.5842      1.059        604        640:  25%|██▍       | 25/102 [09:50<28:28, 22.18s/it]
      19/25      17.1G     0.8971     0.5842      1.059        604        640:  25%|██▌       | 26/102 [09:50<28:20, 22.37s/it]
      19/25      17.1G     0.8977     0.5866      1.059        552        640:  25%|██▌       | 26/102 [10:14<28:20, 22.37s/it]
      19/25      17.1G     0.8977     0.5866      1.059        552        640:  26%|██▋       | 27/102 [10:14<28:22, 22.70s/it]
      19/25      17.1G     0.8956     0.5851      1.057        676        640:  26%|██▋       | 27/102 [10:35<28:22, 22.70s/it]
      19/25      17.1G     0.8956     0.5851      1.057        676        640:  27%|██▋       | 28/102 [10:35<27:23, 22.21s/it]
      19/25      17.1G     0.8951     0.5854      1.056        621        640:  27%|██▋       | 28/102 [10:58<27:23, 22.21s/it]
      19/25      17.1G     0.8951     0.5854      1.056        621        640:  28%|██▊       | 29/102 [10:58<27:11, 22.35s/it]
      19/25      17.1G     0.8941     0.5844      1.055        495        640:  28%|██▊       | 29/102 [11:20<27:11, 22.35s/it]
      19/25      17.1G     0.8941     0.5844      1.055        495        640:  29%|██▉       | 30/102 [11:20<26:42, 22.25s/it]
      19/25      17.1G     0.8943     0.5853      1.056        628        640:  29%|██▉       | 30/102 [11:40<26:42, 22.25s/it]
      19/25      17.1G     0.8943     0.5853      1.056        628        640:  30%|███       | 31/102 [11:40<25:48, 21.81s/it]
      19/25      17.1G     0.8942     0.5843      1.054        519        640:  30%|███       | 31/102 [12:02<25:48, 21.81s/it]
      19/25      17.1G     0.8942     0.5843      1.054        519        640:  31%|███▏      | 32/102 [12:02<25:17, 21.68s/it]
      19/25      17.1G     0.8992     0.5888      1.056        567        640:  31%|███▏      | 32/102 [12:24<25:17, 21.68s/it]
      19/25      17.1G     0.8992     0.5888      1.056        567        640:  32%|███▏      | 33/102 [12:24<25:02, 21.78s/it]
      19/25      17.1G     0.9003     0.5892      1.055        620        640:  32%|███▏      | 33/102 [12:47<25:02, 21.78s/it]
      19/25      17.1G     0.9003     0.5892      1.055        620        640:  33%|███▎      | 34/102 [12:47<25:02, 22.10s/it]
      19/25      17.1G     0.8997     0.5879      1.055        555        640:  33%|███▎      | 34/102 [13:09<25:02, 22.10s/it]
      19/25      17.1G     0.8997     0.5879      1.055        555        640:  34%|███▍      | 35/102 [13:09<24:38, 22.06s/it]
      19/25      17.1G     0.8972     0.5862      1.055        507        640:  34%|███▍      | 35/102 [13:32<24:38, 22.06s/it]
      19/25      17.1G     0.8972     0.5862      1.055        507        640:  35%|███▌      | 36/102 [13:32<24:41, 22.44s/it]
      19/25      17.1G      0.899      0.588      1.055        635        640:  35%|███▌      | 36/102 [13:54<24:41, 22.44s/it]
      19/25      17.1G      0.899      0.588      1.055        635        640:  36%|███▋      | 37/102 [13:54<24:16, 22.41s/it]
      19/25      17.1G     0.8979     0.5867      1.055        583        640:  36%|███▋      | 37/102 [14:17<24:16, 22.41s/it]
      19/25      17.1G     0.8979     0.5867      1.055        583        640:  37%|███▋      | 38/102 [14:17<23:53, 22.40s/it]
      19/25      17.1G     0.8979     0.5869      1.054        547        640:  37%|███▋      | 38/102 [14:39<23:53, 22.40s/it]
      19/25      17.1G     0.8979     0.5869      1.054        547        640:  38%|███▊      | 39/102 [14:39<23:38, 22.51s/it]
      19/25      17.1G     0.8983     0.5866      1.054        601        640:  38%|███▊      | 39/102 [15:02<23:38, 22.51s/it]
      19/25      17.1G     0.8983     0.5866      1.054        601        640:  39%|███▉      | 40/102 [15:02<23:12, 22.47s/it]
      19/25      17.1G     0.8985     0.5856      1.053        666        640:  39%|███▉      | 40/102 [15:25<23:12, 22.47s/it]
      19/25      17.1G     0.8985     0.5856      1.053        666        640:  40%|████      | 41/102 [15:25<22:57, 22.58s/it]
      19/25      18.3G      0.901     0.5868      1.054        790        640:  40%|████      | 41/102 [15:48<22:57, 22.58s/it]
      19/25      18.3G      0.901     0.5868      1.054        790        640:  41%|████      | 42/102 [15:48<22:43, 22.72s/it]
      19/25      18.3G     0.9024     0.5873      1.053        557        640:  41%|████      | 42/102 [16:10<22:43, 22.72s/it]
      19/25      18.3G     0.9024     0.5873      1.053        557        640:  42%|████▏     | 43/102 [16:10<22:05, 22.46s/it]
      19/25      18.3G     0.9019     0.5874      1.053        597        640:  42%|████▏     | 43/102 [16:32<22:05, 22.46s/it]
      19/25      18.3G     0.9019     0.5874      1.053        597        640:  43%|████▎     | 44/102 [16:32<21:49, 22.57s/it]
      19/25      18.3G     0.9047     0.5882      1.054        732        640:  43%|████▎     | 44/102 [16:55<21:49, 22.57s/it]
      19/25      18.3G     0.9047     0.5882      1.054        732        640:  44%|████▍     | 45/102 [16:55<21:22, 22.50s/it]
      19/25      18.3G     0.9042     0.5879      1.054        640        640:  44%|████▍     | 45/102 [17:18<21:22, 22.50s/it]
      19/25      18.3G     0.9042     0.5879      1.054        640        640:  45%|████▌     | 46/102 [17:18<21:16, 22.79s/it]
      19/25      18.3G     0.9033     0.5878      1.054        515        640:  45%|████▌     | 46/102 [17:40<21:16, 22.79s/it]
      19/25      18.3G     0.9033     0.5878      1.054        515        640:  46%|████▌     | 47/102 [17:40<20:38, 22.52s/it]
      19/25      18.3G     0.9042     0.5881      1.054        499        640:  46%|████▌     | 47/102 [18:03<20:38, 22.52s/it]
      19/25      18.3G     0.9042     0.5881      1.054        499        640:  47%|████▋     | 48/102 [18:03<20:26, 22.71s/it]
      19/25      18.3G     0.9046     0.5885      1.054        573        640:  47%|████▋     | 48/102 [18:26<20:26, 22.71s/it]
      19/25      18.3G     0.9046     0.5885      1.054        573        640:  48%|████▊     | 49/102 [18:26<20:09, 22.81s/it]
      19/25      18.3G     0.9042     0.5891      1.054        556        640:  48%|████▊     | 49/102 [18:49<20:09, 22.81s/it]
      19/25      18.3G     0.9042     0.5891      1.054        556        640:  49%|████▉     | 50/102 [18:49<19:46, 22.82s/it]
      19/25      18.3G     0.9044     0.5889      1.054        520        640:  49%|████▉     | 50/102 [19:14<19:46, 22.82s/it]
      19/25      18.3G     0.9044     0.5889      1.054        520        640:  50%|█████     | 51/102 [19:14<19:49, 23.33s/it]
      19/25      18.3G      0.905     0.5895      1.054        680        640:  50%|█████     | 51/102 [19:35<19:49, 23.33s/it]
      19/25      18.3G      0.905     0.5895      1.054        680        640:  51%|█████     | 52/102 [19:35<18:51, 22.63s/it]
      19/25      18.3G     0.9044     0.5899      1.053        574        640:  51%|█████     | 52/102 [19:58<18:51, 22.63s/it]
      19/25      18.3G     0.9044     0.5899      1.053        574        640:  52%|█████▏    | 53/102 [19:58<18:36, 22.79s/it]
      19/25      18.3G     0.9038     0.5889      1.053        595        640:  52%|█████▏    | 53/102 [20:19<18:36, 22.79s/it]
      19/25      18.3G     0.9038     0.5889      1.053        595        640:  53%|█████▎    | 54/102 [20:19<17:51, 22.33s/it]
      19/25      18.3G     0.9033      0.589      1.053        489        640:  53%|█████▎    | 54/102 [20:41<17:51, 22.33s/it]
      19/25      18.3G     0.9033      0.589      1.053        489        640:  54%|█████▍    | 55/102 [20:41<17:23, 22.19s/it]
      19/25      18.3G     0.9036     0.5894      1.053        532        640:  54%|█████▍    | 55/102 [21:05<17:23, 22.19s/it]
      19/25      18.3G     0.9036     0.5894      1.053        532        640:  55%|█████▍    | 56/102 [21:05<17:26, 22.74s/it]
      19/25      18.3G     0.9041     0.5901      1.053        576        640:  55%|█████▍    | 56/102 [21:25<17:26, 22.74s/it]
      19/25      18.3G     0.9041     0.5901      1.053        576        640:  56%|█████▌    | 57/102 [21:25<16:32, 22.05s/it]
      19/25      18.3G     0.9044     0.5902      1.053        770        640:  56%|█████▌    | 57/102 [21:49<16:32, 22.05s/it]
      19/25      18.3G     0.9044     0.5902      1.053        770        640:  57%|█████▋    | 58/102 [21:49<16:31, 22.52s/it]
      19/25      18.3G     0.9047     0.5907      1.053        659        640:  57%|█████▋    | 58/102 [22:12<16:31, 22.52s/it]
      19/25      18.3G     0.9047     0.5907      1.053        659        640:  58%|█████▊    | 59/102 [22:12<16:12, 22.61s/it]
      19/25      18.3G     0.9042     0.5899      1.053        538        640:  58%|█████▊    | 59/102 [22:35<16:12, 22.61s/it]
      19/25      18.3G     0.9042     0.5899      1.053        538        640:  59%|█████▉    | 60/102 [22:35<15:57, 22.81s/it]
      19/25      18.3G      0.904     0.5897      1.052        557        640:  59%|█████▉    | 60/102 [22:57<15:57, 22.81s/it]
      19/25      18.3G      0.904     0.5897      1.052        557        640:  60%|█████▉    | 61/102 [22:57<15:29, 22.66s/it]
      19/25      18.3G     0.9037     0.5897      1.052        627        640:  60%|█████▉    | 61/102 [23:18<15:29, 22.66s/it]
      19/25      18.3G     0.9037     0.5897      1.052        627        640:  61%|██████    | 62/102 [23:18<14:44, 22.12s/it]
      19/25      18.3G     0.9033     0.5892      1.052        599        640:  61%|██████    | 62/102 [23:41<14:44, 22.12s/it]
      19/25      18.3G     0.9033     0.5892      1.052        599        640:  62%|██████▏   | 63/102 [23:41<14:25, 22.18s/it]
      19/25      18.3G     0.9043     0.5905      1.052        593        640:  62%|██████▏   | 63/102 [24:02<14:25, 22.18s/it]
      19/25      18.3G     0.9043     0.5905      1.052        593        640:  63%|██████▎   | 64/102 [24:02<13:58, 22.08s/it]
      19/25      18.3G      0.905     0.5911      1.053        625        640:  63%|██████▎   | 64/102 [24:26<13:58, 22.08s/it]
      19/25      18.3G      0.905     0.5911      1.053        625        640:  64%|██████▎   | 65/102 [24:26<13:53, 22.51s/it]
      19/25      18.3G     0.9053     0.5912      1.053        633        640:  64%|██████▎   | 65/102 [24:48<13:53, 22.51s/it]
      19/25      18.3G     0.9053     0.5912      1.053        633        640:  65%|██████▍   | 66/102 [24:48<13:30, 22.51s/it]
      19/25      18.3G     0.9055     0.5916      1.052        522        640:  65%|██████▍   | 66/102 [25:13<13:30, 22.51s/it]
      19/25      18.3G     0.9055     0.5916      1.052        522        640:  66%|██████▌   | 67/102 [25:13<13:24, 22.99s/it]
      19/25      18.3G     0.9058     0.5921      1.052        634        640:  66%|██████▌   | 67/102 [25:34<13:24, 22.99s/it]
      19/25      18.3G     0.9058     0.5921      1.052        634        640:  67%|██████▋   | 68/102 [25:34<12:43, 22.45s/it]
      19/25      18.3G     0.9061     0.5923      1.053        656        640:  67%|██████▋   | 68/102 [25:56<12:43, 22.45s/it]
      19/25      18.3G     0.9061     0.5923      1.053        656        640:  68%|██████▊   | 69/102 [25:56<12:18, 22.37s/it]
      19/25      18.3G      0.907     0.5928      1.053        671        640:  68%|██████▊   | 69/102 [26:17<12:18, 22.37s/it]
      19/25      18.3G      0.907     0.5928      1.053        671        640:  69%|██████▊   | 70/102 [26:17<11:44, 22.03s/it]
      19/25      18.3G     0.9076     0.5932      1.054        566        640:  69%|██████▊   | 70/102 [26:38<11:44, 22.03s/it]
      19/25      18.3G     0.9076     0.5932      1.054        566        640:  70%|██████▉   | 71/102 [26:38<11:14, 21.75s/it]
      19/25      18.3G     0.9085     0.5936      1.054        593        640:  70%|██████▉   | 71/102 [27:00<11:14, 21.75s/it]
      19/25      18.3G     0.9085     0.5936      1.054        593        640:  71%|███████   | 72/102 [27:00<10:53, 21.77s/it]
      19/25      18.3G     0.9083     0.5933      1.053        601        640:  71%|███████   | 72/102 [27:22<10:53, 21.77s/it]
      19/25      18.3G     0.9083     0.5933      1.053        601        640:  72%|███████▏  | 73/102 [27:22<10:30, 21.74s/it]
      19/25      18.3G     0.9088     0.5933      1.053        624        640:  72%|███████▏  | 73/102 [27:42<10:30, 21.74s/it]
      19/25      18.3G     0.9088     0.5933      1.053        624        640:  73%|███████▎  | 74/102 [27:42<09:57, 21.33s/it]
      19/25      18.3G     0.9092     0.5933      1.054        540        640:  73%|███████▎  | 74/102 [28:04<09:57, 21.33s/it]
      19/25      18.3G     0.9092     0.5933      1.054        540        640:  74%|███████▎  | 75/102 [28:04<09:38, 21.41s/it]
      19/25      18.3G     0.9094     0.5933      1.054        596        640:  74%|███████▎  | 75/102 [28:26<09:38, 21.41s/it]
      19/25      18.3G     0.9094     0.5933      1.054        596        640:  75%|███████▍  | 76/102 [28:26<09:19, 21.51s/it]
      19/25      18.3G     0.9094     0.5938      1.054        587        640:  75%|███████▍  | 76/102 [28:46<09:19, 21.51s/it]
      19/25      18.3G     0.9094     0.5938      1.054        587        640:  75%|███████▌  | 77/102 [28:46<08:48, 21.14s/it]
      19/25      18.3G      0.909     0.5939      1.054        503        640:  75%|███████▌  | 77/102 [29:08<08:48, 21.14s/it]
      19/25      18.3G      0.909     0.5939      1.054        503        640:  76%|███████▋  | 78/102 [29:08<08:33, 21.40s/it]
      19/25      18.3G     0.9089     0.5943      1.054        542        640:  76%|███████▋  | 78/102 [29:29<08:33, 21.40s/it]
      19/25      18.3G     0.9089     0.5943      1.054        542        640:  77%|███████▋  | 79/102 [29:29<08:12, 21.43s/it]
      19/25      18.3G     0.9089     0.5943      1.055        507        640:  77%|███████▋  | 79/102 [29:52<08:12, 21.43s/it]
      19/25      18.3G     0.9089     0.5943      1.055        507        640:  78%|███████▊  | 80/102 [29:52<07:57, 21.72s/it]
      19/25      18.3G     0.9094     0.5941      1.055        579        640:  78%|███████▊  | 80/102 [30:13<07:57, 21.72s/it]
      19/25      18.3G     0.9094     0.5941      1.055        579        640:  79%|███████▉  | 81/102 [30:13<07:35, 21.68s/it]
      19/25      18.3G     0.9096     0.5942      1.055        635        640:  79%|███████▉  | 81/102 [30:35<07:35, 21.68s/it]
      19/25      18.3G     0.9096     0.5942      1.055        635        640:  80%|████████  | 82/102 [30:35<07:13, 21.69s/it]
      19/25      18.3G     0.9089     0.5941      1.055        509        640:  80%|████████  | 82/102 [30:56<07:13, 21.69s/it]
      19/25      18.3G     0.9089     0.5941      1.055        509        640:  81%|████████▏ | 83/102 [30:56<06:49, 21.55s/it]
      19/25      18.3G     0.9091     0.5938      1.055        551        640:  81%|████████▏ | 83/102 [31:17<06:49, 21.55s/it]
      19/25      18.3G     0.9091     0.5938      1.055        551        640:  82%|████████▏ | 84/102 [31:17<06:24, 21.37s/it]
      19/25      18.3G     0.9092     0.5938      1.055        546        640:  82%|████████▏ | 84/102 [31:40<06:24, 21.37s/it]
      19/25      18.3G     0.9092     0.5938      1.055        546        640:  83%|████████▎ | 85/102 [31:40<06:08, 21.69s/it]
      19/25      18.3G     0.9089     0.5938      1.055        489        640:  83%|████████▎ | 85/102 [32:00<06:08, 21.69s/it]
      19/25      18.3G     0.9089     0.5938      1.055        489        640:  84%|████████▍ | 86/102 [32:00<05:42, 21.44s/it]
      19/25      18.3G     0.9097     0.5941      1.055        650        640:  84%|████████▍ | 86/102 [32:21<05:42, 21.44s/it]
      19/25      18.3G     0.9097     0.5941      1.055        650        640:  85%|████████▌ | 87/102 [32:21<05:18, 21.23s/it]
      19/25      18.3G     0.9098     0.5938      1.055        638        640:  85%|████████▌ | 87/102 [32:43<05:18, 21.23s/it]
      19/25      18.3G     0.9098     0.5938      1.055        638        640:  86%|████████▋ | 88/102 [32:43<04:59, 21.39s/it]
      19/25      18.3G     0.9105     0.5943      1.056        562        640:  86%|████████▋ | 88/102 [33:04<04:59, 21.39s/it]
      19/25      18.3G     0.9105     0.5943      1.056        562        640:  87%|████████▋ | 89/102 [33:04<04:35, 21.18s/it]
      19/25      18.3G     0.9102     0.5942      1.056        529        640:  87%|████████▋ | 89/102 [33:25<04:35, 21.18s/it]
      19/25      18.3G     0.9102     0.5942      1.056        529        640:  88%|████████▊ | 90/102 [33:25<04:13, 21.14s/it]
      19/25      18.3G     0.9095     0.5936      1.055        587        640:  88%|████████▊ | 90/102 [33:45<04:13, 21.14s/it]
      19/25      18.3G     0.9095     0.5936      1.055        587        640:  89%|████████▉ | 91/102 [33:45<03:48, 20.75s/it]
      19/25      18.3G     0.9098      0.594      1.055        677        640:  89%|████████▉ | 91/102 [34:05<03:48, 20.75s/it]
      19/25      18.3G     0.9098      0.594      1.055        677        640:  90%|█████████ | 92/102 [34:05<03:26, 20.67s/it]
      19/25      18.3G     0.9091     0.5938      1.055        578        640:  90%|█████████ | 92/102 [34:26<03:26, 20.67s/it]
      19/25      18.3G     0.9091     0.5938      1.055        578        640:  91%|█████████ | 93/102 [34:26<03:07, 20.83s/it]
      19/25      18.3G     0.9088      0.594      1.055        535        640:  91%|█████████ | 93/102 [34:48<03:07, 20.83s/it]
      19/25      18.3G     0.9088      0.594      1.055        535        640:  92%|█████████▏| 94/102 [34:48<02:47, 20.98s/it]
      19/25      18.3G     0.9092     0.5937      1.054        563        640:  92%|█████████▏| 94/102 [35:09<02:47, 20.98s/it]
      19/25      18.3G     0.9092     0.5937      1.054        563        640:  93%|█████████▎| 95/102 [35:09<02:26, 21.00s/it]
      19/25      18.3G     0.9093     0.5939      1.055        616        640:  93%|█████████▎| 95/102 [35:30<02:26, 21.00s/it]
      19/25      18.3G     0.9093     0.5939      1.055        616        640:  94%|█████████▍| 96/102 [35:30<02:05, 20.98s/it]
      19/25      18.3G     0.9089     0.5937      1.055        579        640:  94%|█████████▍| 96/102 [35:50<02:05, 20.98s/it]
      19/25      18.3G     0.9089     0.5937      1.055        579        640:  95%|█████████▌| 97/102 [35:50<01:43, 20.78s/it]
      19/25      18.3G     0.9101      0.594      1.055        635        640:  95%|█████████▌| 97/102 [36:12<01:43, 20.78s/it]
      19/25      18.3G     0.9101      0.594      1.055        635        640:  96%|█████████▌| 98/102 [36:12<01:24, 21.13s/it]
      19/25      18.3G     0.9101     0.5939      1.055        478        640:  96%|█████████▌| 98/102 [36:35<01:24, 21.13s/it]
      19/25      18.3G     0.9101     0.5939      1.055        478        640:  97%|█████████▋| 99/102 [36:35<01:05, 21.74s/it]
      19/25      18.3G       0.91     0.5939      1.055        562        640:  97%|█████████▋| 99/102 [36:56<01:05, 21.74s/it]
      19/25      18.3G       0.91     0.5939      1.055        562        640:  98%|█████████▊| 100/102 [36:56<00:43, 21.58s/it]
      19/25      18.3G     0.9103     0.5939      1.055        545        640:  98%|█████████▊| 100/102 [37:19<00:43, 21.58s/it]
      19/25      18.3G     0.9103     0.5939      1.055        545        640:  99%|█████████▉| 101/102 [37:19<00:21, 21.96s/it]
      19/25      18.3G     0.9106     0.5949      1.055        184        640:  99%|█████████▉| 101/102 [37:24<00:21, 21.96s/it]
      19/25      18.3G     0.9106     0.5949      1.055        184        640: 100%|██████████| 102/102 [37:24<00:00, 16.81s/it]
      19/25      18.3G     0.9106     0.5949      1.055        184        640: 100%|██████████| 102/102 [37:24<00:00, 22.00s/it]

                 Class     Images  Instances      Box(P          R      mAP50  mAP50-95):   0%|          | 0/13 [00:00<?, ?it/s]
                 Class     Images  Instances      Box(P          R      mAP50  mAP50-95):   8%|▊         | 1/13 [00:00<00:03,  3.19it/s]
                 Class     Images  Instances      Box(P          R      mAP50  mAP50-95):  15%|█▌        | 2/13 [00:00<00:03,  3.23it/s]
                 Class     Images  Instances      Box(P          R      mAP50  mAP50-95):  23%|██▎       | 3/13 [00:00<00:02,  3.35it/s]
                 Class     Images  Instances      Box(P          R      mAP50  mAP50-95):  31%|███       | 4/13 [00:01<00:02,  3.32it/s]
                 Class     Images  Instances      Box(P          R      mAP50  mAP50-95):  38%|███▊      | 5/13 [02:14<06:25, 48.23s/it]
                 Class     Images  Instances      Box(P          R      mAP50  mAP50-95):  46%|████▌     | 6/13 [02:14<03:43, 31.93s/it]
                 Class     Images  Instances      Box(P          R      mAP50  mAP50-95):  54%|█████▍    | 7/13 [03:37<04:50, 48.44s/it]
                 Class     Images  Instances      Box(P          R      mAP50  mAP50-95):  62%|██████▏   | 8/13 [03:37<02:45, 33.12s/it]
                 Class     Images  Instances      Box(P          R      mAP50  mAP50-95):  69%|██████▉   | 9/13 [05:07<03:23, 50.82s/it]
                 Class     Images  Instances      Box(P          R      mAP50  mAP50-95):  77%|███████▋  | 10/13 [05:07<01:45, 35.22s/it]
                 Class     Images  Instances      Box(P          R      mAP50  mAP50-95):  85%|████████▍ | 11/13 [06:36<01:43, 51.79s/it]
                 Class     Images  Instances      Box(P          R      mAP50  mAP50-95):  92%|█████████▏| 12/13 [06:37<00:36, 36.13s/it]
                 Class     Images  Instances      Box(P          R      mAP50  mAP50-95): 100%|██████████| 13/13 [07:08<00:00, 34.61s/it]
                 Class     Images  Instances      Box(P          R      mAP50  mAP50-95): 100%|██████████| 13/13 [07:08<00:00, 32.94s/it]
                   all       1620      15401      0.701      0.492      0.547      0.347

      Epoch    GPU_mem   box_loss   cls_loss   dfl_loss  Instances       Size

  0%|          | 0/102 [00:00<?, ?it/s]
      20/25      15.8G      0.897     0.5786          1        607        640:   0%|          | 0/102 [00:00<?, ?it/s]
      20/25      15.8G      0.897     0.5786          1        607        640:   1%|          | 1/102 [00:00<00:18,  5.54it/s]
      20/25      16.1G     0.8768      0.549      1.003        516        640:   1%|          | 1/102 [00:00<00:18,  5.54it/s]
      20/25      16.1G     0.8768      0.549      1.003        516        640:   2%|▏         | 2/102 [00:00<00:17,  5.81it/s]
      20/25      16.1G     0.8694     0.5452      1.014        562        640:   2%|▏         | 2/102 [00:56<00:17,  5.81it/s]
      20/25      16.1G     0.8694     0.5452      1.014        562        640:   3%|▎         | 3/102 [00:56<42:20, 25.66s/it]
      20/25      16.1G     0.8686     0.5522      1.021        555        640:   3%|▎         | 3/102 [01:34<42:20, 25.66s/it]
      20/25      16.1G     0.8686     0.5522      1.021        555        640:   4%|▍         | 4/102 [01:34<50:17, 30.79s/it]
      20/25      16.1G      0.876     0.5606      1.021        584        640:   4%|▍         | 4/102 [02:09<50:17, 30.79s/it]
      20/25      16.1G      0.876     0.5606      1.021        584        640:   5%|▍         | 5/102 [02:09<51:50, 32.06s/it]
      20/25      16.1G     0.8741     0.5653      1.025        558        640:   5%|▍         | 5/102 [02:40<51:50, 32.06s/it]
      20/25      16.1G     0.8741     0.5653      1.025        558        640:   6%|▌         | 6/102 [02:40<51:01, 31.89s/it]
      20/25      16.1G     0.8684     0.5649      1.029        455        640:   6%|▌         | 6/102 [03:01<51:01, 31.89s/it]
      20/25      16.1G     0.8684     0.5649      1.029        455        640:   7%|▋         | 7/102 [03:01<44:53, 28.35s/it]
      20/25      16.1G     0.8703     0.5675      1.027        604        640:   7%|▋         | 7/102 [03:25<44:53, 28.35s/it]
      20/25      16.1G     0.8703     0.5675      1.027        604        640:   8%|▊         | 8/102 [03:25<42:07, 26.89s/it]
      20/25      16.1G     0.8733     0.5654      1.028        528        640:   8%|▊         | 8/102 [03:52<42:07, 26.89s/it]
      20/25      16.1G     0.8733     0.5654      1.028        528        640:   9%|▉         | 9/102 [03:52<41:34, 26.83s/it]
      20/25      16.1G     0.8733      0.565      1.026        564        640:   9%|▉         | 9/102 [04:16<41:34, 26.83s/it]
      20/25      16.1G     0.8733      0.565      1.026        564        640:  10%|▉         | 10/102 [04:16<39:53, 26.02s/it]
      20/25      16.1G      0.883     0.5687      1.028        668        640:  10%|▉         | 10/102 [04:40<39:53, 26.02s/it]
      20/25      16.1G      0.883     0.5687      1.028        668        640:  11%|█         | 11/102 [04:40<38:35, 25.45s/it]
      20/25      16.1G     0.8871     0.5697       1.03        667        640:  11%|█         | 11/102 [05:03<38:35, 25.45s/it]
      20/25      16.1G     0.8871     0.5697       1.03        667        640:  12%|█▏        | 12/102 [05:03<36:52, 24.58s/it]
      20/25      16.1G     0.8952     0.5745      1.034        629        640:  12%|█▏        | 12/102 [05:29<36:52, 24.58s/it]
      20/25      16.1G     0.8952     0.5745      1.034        629        640:  13%|█▎        | 13/102 [05:29<37:02, 24.97s/it]
      20/25      16.1G     0.8948     0.5713      1.035        606        640:  13%|█▎        | 13/102 [05:54<37:02, 24.97s/it]
      20/25      16.1G     0.8948     0.5713      1.035        606        640:  14%|█▎        | 14/102 [05:54<36:38, 24.99s/it]
      20/25      16.1G     0.8973     0.5761      1.037        639        640:  14%|█▎        | 14/102 [06:18<36:38, 24.99s/it]
      20/25      16.1G     0.8973     0.5761      1.037        639        640:  15%|█▍        | 15/102 [06:18<35:44, 24.64s/it]
      20/25      16.1G     0.8961     0.5742      1.036        506        640:  15%|█▍        | 15/102 [06:42<35:44, 24.64s/it]
      20/25      16.1G     0.8961     0.5742      1.036        506        640:  16%|█▌        | 16/102 [06:42<35:11, 24.55s/it]
      20/25      16.1G     0.8924      0.572      1.036        561        640:  16%|█▌        | 16/102 [07:08<35:11, 24.55s/it]
      20/25      16.1G     0.8924      0.572      1.036        561        640:  17%|█▋        | 17/102 [07:08<35:23, 24.98s/it]
      20/25      16.1G     0.8898     0.5719      1.034        563        640:  17%|█▋        | 17/102 [07:32<35:23, 24.98s/it]
      20/25      16.1G     0.8898     0.5719      1.034        563        640:  18%|█▊        | 18/102 [07:32<34:25, 24.59s/it]
      20/25      16.1G     0.8895     0.5715      1.034        616        640:  18%|█▊        | 18/102 [07:56<34:25, 24.59s/it]
      20/25      16.1G     0.8895     0.5715      1.034        616        640:  19%|█▊        | 19/102 [07:56<33:45, 24.40s/it]
      20/25      16.1G     0.8894     0.5711      1.036        492        640:  19%|█▊        | 19/102 [08:21<33:45, 24.40s/it]
      20/25      16.1G     0.8894     0.5711      1.036        492        640:  20%|█▉        | 20/102 [08:21<33:46, 24.72s/it]
      20/25      16.1G     0.8929     0.5716      1.037        587        640:  20%|█▉        | 20/102 [08:46<33:46, 24.72s/it]
      20/25      16.1G     0.8929     0.5716      1.037        587        640:  21%|██        | 21/102 [08:46<33:23, 24.74s/it]
      20/25      16.1G     0.8914     0.5699      1.037        573        640:  21%|██        | 21/102 [09:10<33:23, 24.74s/it]
      20/25      16.1G     0.8914     0.5699      1.037        573        640:  22%|██▏       | 22/102 [09:10<32:51, 24.65s/it]
      20/25      16.1G     0.8922     0.5707      1.039        494        640:  22%|██▏       | 22/102 [09:34<32:51, 24.65s/it]
      20/25      16.1G     0.8922     0.5707      1.039        494        640:  23%|██▎       | 23/102 [09:34<31:55, 24.25s/it]
      20/25      16.1G     0.8908     0.5709      1.038        600        640:  23%|██▎       | 23/102 [09:58<31:55, 24.25s/it]
      20/25      16.1G     0.8908     0.5709      1.038        600        640:  24%|██▎       | 24/102 [09:58<31:40, 24.36s/it]
      20/25      16.1G     0.8902     0.5716      1.039        540        640:  24%|██▎       | 24/102 [10:23<31:40, 24.36s/it]
      20/25      16.1G     0.8902     0.5716      1.039        540        640:  25%|██▍       | 25/102 [10:23<31:15, 24.36s/it]
      20/25      16.5G     0.8923      0.573      1.038        641        640:  25%|██▍       | 25/102 [10:47<31:15, 24.36s/it]
      20/25      16.5G     0.8923      0.573      1.038        641        640:  25%|██▌       | 26/102 [10:47<30:59, 24.47s/it]
      20/25      16.5G     0.8923     0.5727      1.039        652        640:  25%|██▌       | 26/102 [11:11<30:59, 24.47s/it]
      20/25      16.5G     0.8923     0.5727      1.039        652        640:  26%|██▋       | 27/102 [11:11<30:14, 24.19s/it]
      20/25      17.5G     0.8923     0.5726      1.038        670        640:  26%|██▋       | 27/102 [11:34<30:14, 24.19s/it]
      20/25      17.5G     0.8923     0.5726      1.038        670        640:  27%|██▋       | 28/102 [11:34<29:26, 23.87s/it]
      20/25      17.5G     0.8934     0.5735      1.039        649        640:  27%|██▋       | 28/102 [12:01<29:26, 23.87s/it]
      20/25      17.5G     0.8934     0.5735      1.039        649        640:  28%|██▊       | 29/102 [12:01<30:16, 24.89s/it]
      20/25      17.5G     0.8952     0.5743       1.04        648        640:  28%|██▊       | 29/102 [12:25<30:16, 24.89s/it]
      20/25      17.5G     0.8952     0.5743       1.04        648        640:  29%|██▉       | 30/102 [12:25<29:21, 24.46s/it]
      20/25      17.5G     0.8955     0.5743       1.04        593        640:  29%|██▉       | 30/102 [12:51<29:21, 24.46s/it]
      20/25      17.5G     0.8955     0.5743       1.04        593        640:  30%|███       | 31/102 [12:51<29:26, 24.88s/it]
      20/25      17.5G     0.8968     0.5747      1.041        618        640:  30%|███       | 31/102 [13:15<29:26, 24.88s/it]
      20/25      17.5G     0.8968     0.5747      1.041        618        640:  31%|███▏      | 32/102 [13:15<28:54, 24.77s/it]
      20/25      17.5G     0.8952     0.5745      1.042        529        640:  31%|███▏      | 32/102 [13:39<28:54, 24.77s/it]
      20/25      17.5G     0.8952     0.5745      1.042        529        640:  32%|███▏      | 33/102 [13:39<28:03, 24.40s/it]
      20/25      17.5G      0.893     0.5729      1.041        562        640:  32%|███▏      | 33/102 [14:03<28:03, 24.40s/it]
      20/25      17.5G      0.893     0.5729      1.041        562        640:  33%|███▎      | 34/102 [14:03<27:47, 24.52s/it]
      20/25      17.5G     0.8909     0.5711      1.042        530        640:  33%|███▎      | 34/102 [14:29<27:47, 24.52s/it]
      20/25      17.5G     0.8909     0.5711      1.042        530        640:  34%|███▍      | 35/102 [14:29<27:48, 24.90s/it]
      20/25      17.5G     0.8916     0.5717      1.042        571        640:  34%|███▍      | 35/102 [14:56<27:48, 24.90s/it]
      20/25      17.5G     0.8916     0.5717      1.042        571        640:  35%|███▌      | 36/102 [14:56<27:56, 25.40s/it]
      20/25      17.5G     0.8914     0.5714      1.043        534        640:  35%|███▌      | 36/102 [15:25<27:56, 25.40s/it]
      20/25      17.5G     0.8914     0.5714      1.043        534        640:  36%|███▋      | 37/102 [15:25<28:39, 26.46s/it]
      20/25      17.5G     0.8913     0.5717      1.043        572        640:  36%|███▋      | 37/102 [15:51<28:39, 26.46s/it]
      20/25      17.5G     0.8913     0.5717      1.043        572        640:  37%|███▋      | 38/102 [15:51<28:02, 26.28s/it]
      20/25      17.5G     0.8918     0.5728      1.044        600        640:  37%|███▋      | 38/102 [16:15<28:02, 26.28s/it]
      20/25      17.5G     0.8918     0.5728      1.044        600        640:  38%|███▊      | 39/102 [16:15<26:55, 25.64s/it]
      20/25      17.5G     0.8922     0.5721      1.044        578        640:  38%|███▊      | 39/102 [16:43<26:55, 25.64s/it]
      20/25      17.5G     0.8922     0.5721      1.044        578        640:  39%|███▉      | 40/102 [16:43<27:11, 26.31s/it]
      20/25      17.5G     0.8922     0.5717      1.043        607        640:  39%|███▉      | 40/102 [17:07<27:11, 26.31s/it]
      20/25      17.5G     0.8922     0.5717      1.043        607        640:  40%|████      | 41/102 [17:07<26:13, 25.80s/it]
      20/25      17.5G     0.8932     0.5729      1.045        591        640:  40%|████      | 41/102 [17:33<26:13, 25.80s/it]
      20/25      17.5G     0.8932     0.5729      1.045        591        640:  41%|████      | 42/102 [17:33<25:56, 25.94s/it]
      20/25      17.5G     0.8925     0.5724      1.044        513        640:  41%|████      | 42/102 [18:00<25:56, 25.94s/it]
      20/25      17.5G     0.8925     0.5724      1.044        513        640:  42%|████▏     | 43/102 [18:00<25:37, 26.06s/it]
      20/25      17.5G     0.8928     0.5734      1.043        590        640:  42%|████▏     | 43/102 [18:27<25:37, 26.06s/it]
      20/25      17.5G     0.8928     0.5734      1.043        590        640:  43%|████▎     | 44/102 [18:27<25:32, 26.41s/it]
      20/25      17.5G     0.8923     0.5726      1.043        548        640:  43%|████▎     | 44/102 [18:54<25:32, 26.41s/it]
      20/25      17.5G     0.8923     0.5726      1.043        548        640:  44%|████▍     | 45/102 [18:54<25:13, 26.56s/it]
      20/25      17.5G     0.8925      0.573      1.043        556        640:  44%|████▍     | 45/102 [19:20<25:13, 26.56s/it]
      20/25      17.5G     0.8925      0.573      1.043        556        640:  45%|████▌     | 46/102 [19:20<24:46, 26.54s/it]
      20/25      17.5G     0.8917     0.5717      1.042        621        640:  45%|████▌     | 46/102 [19:49<24:46, 26.54s/it]
      20/25      17.5G     0.8917     0.5717      1.042        621        640:  46%|████▌     | 47/102 [19:49<24:56, 27.21s/it]
      20/25      17.5G     0.8918     0.5722      1.043        537        640:  46%|████▌     | 47/102 [20:13<24:56, 27.21s/it]
      20/25      17.5G     0.8918     0.5722      1.043        537        640:  47%|████▋     | 48/102 [20:13<23:40, 26.30s/it]
      20/25      17.5G     0.8914      0.572      1.043        554        640:  47%|████▋     | 48/102 [20:39<23:40, 26.30s/it]
      20/25      17.5G     0.8914      0.572      1.043        554        640:  48%|████▊     | 49/102 [20:39<23:05, 26.14s/it]
      20/25      17.5G     0.8916     0.5723      1.043        617        640:  48%|████▊     | 49/102 [21:05<23:05, 26.14s/it]
      20/25      17.5G     0.8916     0.5723      1.043        617        640:  49%|████▉     | 50/102 [21:05<22:34, 26.05s/it]
      20/25      17.5G     0.8916      0.573      1.043        598        640:  49%|████▉     | 50/102 [21:31<22:34, 26.05s/it]
      20/25      17.5G     0.8916      0.573      1.043        598        640:  50%|█████     | 51/102 [21:31<22:01, 25.90s/it]
      20/25      17.5G      0.892      0.574      1.044        514        640:  50%|█████     | 51/102 [21:57<22:01, 25.90s/it]
      20/25      17.5G      0.892      0.574      1.044        514        640:  51%|█████     | 52/102 [21:57<21:41, 26.04s/it]
      20/25      17.5G     0.8919     0.5735      1.044        601        640:  51%|█████     | 52/102 [22:22<21:41, 26.04s/it]
      20/25      17.5G     0.8919     0.5735      1.044        601        640:  52%|█████▏    | 53/102 [22:22<21:01, 25.74s/it]
      20/25      17.5G     0.8921     0.5734      1.045        594        640:  52%|█████▏    | 53/102 [22:49<21:01, 25.74s/it]
      20/25      17.5G     0.8921     0.5734      1.045        594        640:  53%|█████▎    | 54/102 [22:49<20:52, 26.09s/it]
      20/25      17.5G     0.8923     0.5732      1.045        589        640:  53%|█████▎    | 54/102 [23:16<20:52, 26.09s/it]
      20/25      17.5G     0.8923     0.5732      1.045        589        640:  54%|█████▍    | 55/102 [23:16<20:40, 26.39s/it]
      20/25      17.5G     0.8922     0.5726      1.044        659        640:  54%|█████▍    | 55/102 [23:41<20:40, 26.39s/it]
      20/25      17.5G     0.8922     0.5726      1.044        659        640:  55%|█████▍    | 56/102 [23:41<19:51, 25.91s/it]
      20/25      17.5G      0.892     0.5721      1.043        594        640:  55%|█████▍    | 56/102 [24:06<19:51, 25.91s/it]
      20/25      17.5G      0.892     0.5721      1.043        594        640:  56%|█████▌    | 57/102 [24:06<19:12, 25.61s/it]
      20/25      17.5G     0.8908     0.5712      1.043        529        640:  56%|█████▌    | 57/102 [24:33<19:12, 25.61s/it]
      20/25      17.5G     0.8908     0.5712      1.043        529        640:  57%|█████▋    | 58/102 [24:33<19:10, 26.15s/it]
      20/25      17.5G     0.8898     0.5708      1.043        586        640:  57%|█████▋    | 58/102 [25:01<19:10, 26.15s/it]
      20/25      17.5G     0.8898     0.5708      1.043        586        640:  58%|█████▊    | 59/102 [25:01<19:02, 26.57s/it]
      20/25      17.5G     0.8903     0.5718      1.043        632        640:  58%|█████▊    | 59/102 [25:27<19:02, 26.57s/it]
      20/25      17.5G     0.8903     0.5718      1.043        632        640:  59%|█████▉    | 60/102 [25:27<18:40, 26.68s/it]
      20/25      17.5G     0.8905     0.5723      1.043        543        640:  59%|█████▉    | 60/102 [25:54<18:40, 26.68s/it]
      20/25      17.5G     0.8905     0.5723      1.043        543        640:  60%|█████▉    | 61/102 [25:54<18:07, 26.53s/it]
      20/25      17.5G     0.8908     0.5727      1.043        600        640:  60%|█████▉    | 61/102 [26:21<18:07, 26.53s/it]
      20/25      17.5G     0.8908     0.5727      1.043        600        640:  61%|██████    | 62/102 [26:21<17:48, 26.71s/it]
      20/25      17.5G     0.8908     0.5734      1.043        528        640:  61%|██████    | 62/102 [26:50<17:48, 26.71s/it]
      20/25      17.5G     0.8908     0.5734      1.043        528        640:  62%|██████▏   | 63/102 [26:50<17:56, 27.60s/it]
      20/25      17.5G     0.8912     0.5743      1.043        564        640:  62%|██████▏   | 63/102 [27:22<17:56, 27.60s/it]
      20/25      17.5G     0.8912     0.5743      1.043        564        640:  63%|██████▎   | 64/102 [27:22<18:14, 28.80s/it]
      20/25      17.5G     0.8915     0.5747      1.044        476        640:  63%|██████▎   | 64/102 [27:50<18:14, 28.80s/it]
      20/25      17.5G     0.8915     0.5747      1.044        476        640:  64%|██████▎   | 65/102 [27:50<17:37, 28.57s/it]
      20/25      17.5G     0.8914     0.5744      1.044        558        640:  64%|██████▎   | 65/102 [28:18<17:37, 28.57s/it]
      20/25      17.5G     0.8914     0.5744      1.044        558        640:  65%|██████▍   | 66/102 [28:18<17:04, 28.46s/it]
      20/25      17.5G     0.8921     0.5751      1.044        651        640:  65%|██████▍   | 66/102 [28:52<17:04, 28.46s/it]
      20/25      17.5G     0.8921     0.5751      1.044        651        640:  66%|██████▌   | 67/102 [28:52<17:33, 30.11s/it]
      20/25      17.5G     0.8927     0.5752      1.044        592        640:  66%|██████▌   | 67/102 [29:21<17:33, 30.11s/it]
      20/25      17.5G     0.8927     0.5752      1.044        592        640:  67%|██████▋   | 68/102 [29:21<16:52, 29.77s/it]
      20/25      17.5G     0.8938     0.5762      1.045        648        640:  67%|██████▋   | 68/102 [29:57<16:52, 29.77s/it]
      20/25      17.5G     0.8938     0.5762      1.045        648        640:  68%|██████▊   | 69/102 [29:57<17:21, 31.55s/it]
      20/25      17.5G     0.8933     0.5763      1.045        494        640:  68%|██████▊   | 69/102 [30:28<17:21, 31.55s/it]
      20/25      17.5G     0.8933     0.5763      1.045        494        640:  69%|██████▊   | 70/102 [30:28<16:46, 31.46s/it]
      20/25      17.5G     0.8933     0.5766      1.045        544        640:  69%|██████▊   | 70/102 [31:03<16:46, 31.46s/it]
      20/25      17.5G     0.8933     0.5766      1.045        544        640:  70%|██████▉   | 71/102 [31:03<16:46, 32.46s/it]
      20/25      17.5G     0.8934     0.5769      1.045        581        640:  70%|██████▉   | 71/102 [31:36<16:46, 32.46s/it]
      20/25      17.5G     0.8934     0.5769      1.045        581        640:  71%|███████   | 72/102 [31:36<16:16, 32.54s/it]
      20/25      17.5G     0.8938     0.5774      1.045        551        640:  71%|███████   | 72/102 [32:09<16:16, 32.54s/it]
      20/25      17.5G     0.8938     0.5774      1.045        551        640:  72%|███████▏  | 73/102 [32:09<15:53, 32.89s/it]
      20/25      18.6G      0.894     0.5777      1.046        580        640:  72%|███████▏  | 73/102 [32:44<15:53, 32.89s/it]
      20/25      18.6G      0.894     0.5777      1.046        580        640:  73%|███████▎  | 74/102 [32:44<15:31, 33.29s/it]
      20/25      18.6G     0.8935     0.5772      1.046        566        640:  73%|███████▎  | 74/102 [33:19<15:31, 33.29s/it]
      20/25      18.6G     0.8935     0.5772      1.046        566        640:  74%|███████▎  | 75/102 [33:19<15:15, 33.93s/it]
      20/25      18.6G     0.8942     0.5769      1.046        576        640:  74%|███████▎  | 75/102 [33:53<15:15, 33.93s/it]
      20/25      18.6G     0.8942     0.5769      1.046        576        640:  75%|███████▍  | 76/102 [33:53<14:43, 33.99s/it]
      20/25      18.6G     0.8946     0.5775      1.046        696        640:  75%|███████▍  | 76/102 [34:27<14:43, 33.99s/it]
      20/25      18.6G     0.8946     0.5775      1.046        696        640:  75%|███████▌  | 77/102 [34:27<14:06, 33.85s/it]
      20/25      18.6G     0.8941      0.577      1.046        570        640:  75%|███████▌  | 77/102 [35:05<14:06, 33.85s/it]
      20/25      18.6G     0.8941      0.577      1.046        570        640:  76%|███████▋  | 78/102 [35:05<14:05, 35.23s/it]
      20/25      18.6G     0.8939      0.577      1.046        554        640:  76%|███████▋  | 78/102 [35:40<14:05, 35.23s/it]
      20/25      18.6G     0.8939      0.577      1.046        554        640:  77%|███████▋  | 79/102 [35:40<13:28, 35.13s/it]
      20/25      18.6G     0.8938     0.5767      1.045        558        640:  77%|███████▋  | 79/102 [36:13<13:28, 35.13s/it]
      20/25      18.6G     0.8938     0.5767      1.045        558        640:  78%|███████▊  | 80/102 [36:13<12:36, 34.38s/it]
      20/25      18.6G     0.8937     0.5768      1.045        555        640:  78%|███████▊  | 80/102 [36:50<12:36, 34.38s/it]
      20/25      18.6G     0.8937     0.5768      1.045        555        640:  79%|███████▉  | 81/102 [36:50<12:17, 35.13s/it]
      20/25      18.6G     0.8935     0.5763      1.045        643        640:  79%|███████▉  | 81/102 [37:24<12:17, 35.13s/it]
      20/25      18.6G     0.8935     0.5763      1.045        643        640:  80%|████████  | 82/102 [37:24<11:36, 34.82s/it]
      20/25      18.6G      0.893     0.5759      1.045        575        640:  80%|████████  | 82/102 [37:58<11:36, 34.82s/it]
      20/25      18.6G      0.893     0.5759      1.045        575        640:  81%|████████▏ | 83/102 [37:58<10:57, 34.59s/it]
      20/25      18.6G     0.8932     0.5763      1.045        612        640:  81%|████████▏ | 83/102 [38:32<10:57, 34.59s/it]
      20/25      18.6G     0.8932     0.5763      1.045        612        640:  82%|████████▏ | 84/102 [38:32<10:20, 34.47s/it]
      20/25      18.6G      0.893     0.5762      1.044        566        640:  82%|████████▏ | 84/102 [39:07<10:20, 34.47s/it]
      20/25      18.6G      0.893     0.5762      1.044        566        640:  83%|████████▎ | 85/102 [39:07<09:51, 34.77s/it]
      20/25      18.6G     0.8933     0.5764      1.044        622        640:  83%|████████▎ | 85/102 [39:38<09:51, 34.77s/it]
      20/25      18.6G     0.8933     0.5764      1.044        622        640:  84%|████████▍ | 86/102 [39:38<08:54, 33.43s/it]
      20/25      18.6G     0.8936     0.5763      1.045        509        640:  84%|████████▍ | 86/102 [40:13<08:54, 33.43s/it]
      20/25      18.6G     0.8936     0.5763      1.045        509        640:  85%|████████▌ | 87/102 [40:13<08:29, 33.98s/it]
      20/25      18.6G     0.8938     0.5764      1.045        633        640:  85%|████████▌ | 87/102 [40:47<08:29, 33.98s/it]
      20/25      18.6G     0.8938     0.5764      1.045        633        640:  86%|████████▋ | 88/102 [40:47<07:57, 34.13s/it]
      20/25      18.6G     0.8936     0.5766      1.045        624        640:  86%|████████▋ | 88/102 [41:19<07:57, 34.13s/it]
      20/25      18.6G     0.8936     0.5766      1.045        624        640:  87%|████████▋ | 89/102 [41:19<07:12, 33.24s/it]
      20/25      18.6G     0.8934     0.5763      1.045        469        640:  87%|████████▋ | 89/102 [41:48<07:12, 33.24s/it]
      20/25      18.6G     0.8934     0.5763      1.045        469        640:  88%|████████▊ | 90/102 [41:48<06:26, 32.23s/it]
      20/25      18.6G     0.8931     0.5759      1.045        498        640:  88%|████████▊ | 90/102 [42:20<06:26, 32.23s/it]
      20/25      18.6G     0.8931     0.5759      1.045        498        640:  89%|████████▉ | 91/102 [42:20<05:52, 32.07s/it]
      20/25      18.6G     0.8932     0.5757      1.045        549        640:  89%|████████▉ | 91/102 [42:48<05:52, 32.07s/it]
      20/25      18.6G     0.8932     0.5757      1.045        549        640:  90%|█████████ | 92/102 [42:48<05:07, 30.78s/it]
      20/25      18.6G      0.893      0.576      1.045        485        640:  90%|█████████ | 92/102 [43:21<05:07, 30.78s/it]
      20/25      18.6G      0.893      0.576      1.045        485        640:  91%|█████████ | 93/102 [43:21<04:42, 31.35s/it]
      20/25      18.6G     0.8939     0.5765      1.046        792        640:  91%|█████████ | 93/102 [43:50<04:42, 31.35s/it]
      20/25      18.6G     0.8939     0.5765      1.046        792        640:  92%|█████████▏| 94/102 [43:50<04:06, 30.80s/it]
      20/25      18.6G     0.8944     0.5768      1.046        582        640:  92%|█████████▏| 94/102 [44:14<04:06, 30.80s/it]
      20/25      18.6G     0.8944     0.5768      1.046        582        640:  93%|█████████▎| 95/102 [44:14<03:20, 28.70s/it]
      20/25      18.6G      0.895     0.5772      1.046        698        640:  93%|█████████▎| 95/102 [44:42<03:20, 28.70s/it]
      20/25      18.6G      0.895     0.5772      1.046        698        640:  94%|█████████▍| 96/102 [44:42<02:50, 28.40s/it]
      20/25      18.6G     0.8947     0.5772      1.046        585        640:  94%|█████████▍| 96/102 [45:11<02:50, 28.40s/it]
      20/25      18.6G     0.8947     0.5772      1.046        585        640:  95%|█████████▌| 97/102 [45:11<02:23, 28.70s/it]
      20/25      18.6G     0.8954     0.5777      1.046        758        640:  95%|█████████▌| 97/102 [45:41<02:23, 28.70s/it]
      20/25      18.6G     0.8954     0.5777      1.046        758        640:  96%|█████████▌| 98/102 [45:41<01:55, 28.95s/it]
      20/25      18.6G     0.8958     0.5777      1.046        674        640:  96%|█████████▌| 98/102 [46:05<01:55, 28.95s/it]
      20/25      18.6G     0.8958     0.5777      1.046        674        640:  97%|█████████▋| 99/102 [46:05<01:22, 27.55s/it]
      20/25      18.6G     0.8961     0.5777      1.047        523        640:  97%|█████████▋| 99/102 [46:32<01:22, 27.55s/it]
      20/25      18.6G     0.8961     0.5777      1.047        523        640:  98%|█████████▊| 100/102 [46:32<00:54, 27.44s/it]
      20/25      18.6G     0.8959     0.5774      1.046        591        640:  98%|█████████▊| 100/102 [46:57<00:54, 27.44s/it]
      20/25      18.6G     0.8959     0.5774      1.046        591        640:  99%|█████████▉| 101/102 [46:57<00:26, 26.67s/it]
      20/25      18.6G     0.8972     0.5785      1.046        204        640:  99%|█████████▉| 101/102 [47:03<00:26, 26.67s/it]
      20/25      18.6G     0.8972     0.5785      1.046        204        640: 100%|██████████| 102/102 [47:03<00:00, 20.40s/it]
      20/25      18.6G     0.8972     0.5785      1.046        204        640: 100%|██████████| 102/102 [47:03<00:00, 27.68s/it]

                 Class     Images  Instances      Box(P          R      mAP50  mAP50-95):   0%|          | 0/13 [00:00<?, ?it/s]
                 Class     Images  Instances      Box(P          R      mAP50  mAP50-95):   8%|▊         | 1/13 [00:00<00:03,  3.33it/s]
                 Class     Images  Instances      Box(P          R      mAP50  mAP50-95):  15%|█▌        | 2/13 [00:00<00:03,  3.29it/s]
                 Class     Images  Instances      Box(P          R      mAP50  mAP50-95):  23%|██▎       | 3/13 [00:00<00:02,  3.34it/s]
                 Class     Images  Instances      Box(P          R      mAP50  mAP50-95):  31%|███       | 4/13 [00:01<00:02,  3.48it/s]
                 Class     Images  Instances      Box(P          R      mAP50  mAP50-95):  38%|███▊      | 5/13 [02:28<07:05, 53.18s/it]
                 Class     Images  Instances      Box(P          R      mAP50  mAP50-95):  46%|████▌     | 6/13 [02:28<04:06, 35.19s/it]slurmstepd: error: *** JOB 1328712 ON atl1-1-03-010-10-0 CANCELLED AT 2025-02-22T04:20:17 DUE TO TIME LIMIT ***
---------------------------------------
Begin Slurm Epilog: Feb-22-2025 04:20:19
Job ID:        1328712
User ID:       oupadhyay3
Account:       coc
Job name:      example
Resources:     cpu=1,gres/gpu:h100=1,mem=16G,node=1
Rsrc Used:     cput=16:00:09,vmem=0,walltime=16:00:09,mem=16750552K,energy_used=0
Partition:     coe-gpu
QOS:           coe-ice
Nodes:         atl1-1-03-010-10-0
---------------------------------------
